leg,event,block,kind,seed,n_dims,n_gt,top_k_pred,gt_channels,precision_at_g,chance_mrr,chance_hit@1,chance_precision@1,chance_recall@1,chance_ndcg@1,chance_hit@3,chance_precision@3,chance_recall@3,chance_ndcg@3,chance_hit@5,chance_precision@5,chance_recall@5,chance_ndcg@5,chance_hit@10,chance_precision@10,chance_recall@10,chance_ndcg@10,mrr,hit@1,precision@1,recall@1,ndcg@1,hit@3,precision@3,recall@3,ndcg@3,hit@5,precision@5,recall@5,ndcg@5,hit@10,precision@10,recall@10,ndcg@10
TelecomTS,A-Youtube-No-No@17695587520:112-170,train,Antenna Failure,0,18,13,"['UL_SNR', 'RSRP', 'RX_Bytes', 'UL_NPRB', 'PRBs_UL_Current', 'Estimated_UL_Buffer', 'UL_MCS', 'UL_BLER', 'DL_MCS', 'DL_NumberOfPackets', 'TX_Bytes', 'DL_BLER', 'DL_Protocol']","['DL_BLER', 'DL_MCS', 'DL_NumberOfPackets', 'Estimated_UL_Buffer', 'PRBs_DL_Current', 'PRBs_UL_Current', 'RSRP', 'RX_Bytes', 'TX_Bytes', 'UL_BLER', 'UL_MCS', 'UL_NumberOfPackets', 'UL_SNR']",0.8461538461538461,0.8420583333333324,0.7085,0.7085,0.05450000000000159,0.7085,0.9875,0.7191666666666693,0.16596153846153688,0.7175445233152257,0.9995,0.722299999999986,0.2778076923076925,0.7203446350108549,1.0,0.7229000000000003,0.5560769230769264,0.7214779728703148,1.0,1,1.0,0.07692307692307693,1.0,1,1.0,0.23076923076923078,1.0,1,0.8,0.3076923076923077,0.8539316501572937,1,0.9,0.6923076923076923,0.9052116356304493
TelecomTS,A-Twitch-No-No@17883074560:115-219,train,Antenna Failure,0,18,13,"['UL_BLER', 'Estimated_UL_Buffer', 'RSRP', 'RX_Bytes', 'UL_NPRB', 'UL_MCS', 'DL_Protocol', 'DL_BLER', 'UL_NumberOfPackets', 'TX_Bytes', 'UL_SNR', 'PRB_Utilization_UL', 'UL_Protocol']","['DL_BLER', 'DL_MCS', 'DL_NumberOfPackets', 'Estimated_UL_Buffer', 'PRBs_DL_Current', 'PRBs_UL_Current', 'RSRP', 'RX_Bytes', 'TX_Bytes', 'UL_BLER', 'UL_MCS', 'UL_NumberOfPackets', 'UL_SNR']",0.6923076923076923,0.8420583333333324,0.7085,0.7085,0.05450000000000159,0.7085,0.9875,0.7191666666666693,0.16596153846153688,0.7175445233152257,0.9995,0.722299999999986,0.2778076923076925,0.7203446350108549,1.0,0.7229000000000003,0.5560769230769264,0.7214779728703148,1.0,1,1.0,0.07692307692307693,1.0,1,1.0,0.23076923076923078,1.0,1,0.8,0.3076923076923077,0.8687949224876582,1,0.8,0.6153846153846154,0.841492960259019
TelecomTS,A-Twitch-No-No@17883078368:113-280,train,Antenna Failure,0,18,13,"['RSRP', 'UL_NPRB', 'RX_Bytes', 'UL_SNR', 'DL_Protocol', 'UL_NumberOfPackets', 'TX_Bytes', 'UL_MCS', 'UL_BLER', 'Estimated_UL_Buffer', 'DL_BLER', 'PRB_Utilization_UL', 'DL_NumberOfPackets']","['DL_BLER', 'DL_MCS', 'DL_NumberOfPackets', 'Estimated_UL_Buffer', 'PRBs_DL_Current', 'PRBs_UL_Current', 'RSRP', 'RX_Bytes', 'TX_Bytes', 'UL_BLER', 'UL_MCS', 'UL_NumberOfPackets', 'UL_SNR']",0.7692307692307693,0.8420583333333324,0.7085,0.7085,0.05450000000000159,0.7085,0.9875,0.7191666666666693,0.16596153846153688,0.7175445233152257,0.9995,0.722299999999986,0.2778076923076925,0.7203446350108549,1.0,0.7229000000000003,0.5560769230769264,0.7214779728703148,1.0,1,1.0,0.07692307692307693,1.0,1,0.6666666666666666,0.15384615384615385,0.7039180890341347,1,0.6,0.23076923076923078,0.6548086577531307,1,0.8,0.6153846153846154,0.7759944384848244
TelecomTS,A-Twitch-No-No@17883080160:123-336,train,Antenna Failure,0,18,13,"['RSRP', 'UL_NPRB', 'DL_BLER', 'UL_MCS', 'UL_SNR', 'UL_Protocol', 'RX_Bytes', 'UL_NumberOfPackets', 'DL_Protocol', 'TX_Bytes', 'PRB_Utilization_UL', 'DL_NumberOfPackets', 'UL_BLER']","['DL_BLER', 'DL_MCS', 'DL_NumberOfPackets', 'Estimated_UL_Buffer', 'PRBs_DL_Current', 'PRBs_UL_Current', 'RSRP', 'RX_Bytes', 'TX_Bytes', 'UL_BLER', 'UL_MCS', 'UL_NumberOfPackets', 'UL_SNR']",0.6923076923076923,0.8420583333333324,0.7085,0.7085,0.05450000000000159,0.7085,0.9875,0.7191666666666693,0.16596153846153688,0.7175445233152257,0.9995,0.722299999999986,0.2778076923076925,0.7203446350108549,1.0,0.7229000000000003,0.5560769230769264,0.7214779728703148,1.0,1,1.0,0.07692307692307693,1.0,1,0.6666666666666666,0.15384615384615385,0.7039180890341347,1,0.8,0.3076923076923077,0.7860137352654724,1,0.7,0.5384615384615384,0.716485063693381
TelecomTS,C-File-No-No@20501856960:108-331,train,Antenna Failure,0,18,13,"['RSRP', 'RX_Bytes', 'UL_NPRB', 'TX_Bytes', 'UL_SNR', 'Estimated_UL_Buffer', 'UL_MCS', 'UL_NumberOfPackets', 'DL_Protocol', 'DL_NumberOfPackets', 'PRBs_DL_Current', 'PRB_Utilization_UL', 'UL_Protocol']","['DL_BLER', 'DL_MCS', 'DL_NumberOfPackets', 'Estimated_UL_Buffer', 'PRBs_DL_Current', 'PRBs_UL_Current', 'RSRP', 'RX_Bytes', 'TX_Bytes', 'UL_BLER', 'UL_MCS', 'UL_NumberOfPackets', 'UL_SNR']",0.6923076923076923,0.8420583333333324,0.7085,0.7085,0.05450000000000159,0.7085,0.9875,0.7191666666666693,0.16596153846153688,0.7175445233152257,0.9995,0.722299999999986,0.2778076923076925,0.7203446350108549,1.0,0.7229000000000003,0.5560769230769264,0.7214779728703148,1.0,1,1.0,0.07692307692307693,1.0,1,0.6666666666666666,0.15384615384615385,0.7653606369886217,1,0.8,0.3076923076923077,0.830419897363192,1,0.8,0.6153846153846154,0.8236998933965709
TelecomTS,A-Youtube-No-No@17695588128:107-560,train,Buffer Overflow (Gradual Buildup),0,18,10,"['RX_Bytes', 'UL_NPRB', 'UL_SNR', 'RSRP', 'Estimated_UL_Buffer', 'DL_BLER', 'TX_Bytes', 'UL_BLER', 'PRBs_UL_Current', 'PRB_Utilization_UL']","['DL_BLER', 'DL_NumberOfPackets', 'Estimated_UL_Buffer', 'PRB_Utilization_DL', 'PRB_Utilization_UL', 'RX_Bytes', 'TX_Bytes', 'UL_BLER', 'UL_NPRB', 'UL_NumberOfPackets']",0.7,0.7301172619047606,0.5435,0.5435,0.05434999999999905,0.5435,0.921,0.5398333333333323,0.16194999999999912,0.5398437224176713,0.994,0.5532999999999975,0.27664999999999873,0.5490419444039617,1.0,0.5561500000000033,0.5561500000000033,0.5525115122318109,1.0,1,1.0,0.1,1.0,1,0.6666666666666666,0.2,0.7653606369886217,1,0.6,0.3,0.6843515475204855,1,0.7,0.7,0.7289115290270202
TelecomTS,A-Youtube-No-No@17695588128:602-644,train,Faulty RF Filters (Temporal),0,18,9,"['UL_NPRB', 'UL_SNR', 'RSRP', 'RX_Bytes', 'Estimated_UL_Buffer', 'UL_BLER', 'TX_Bytes', 'DL_Protocol', 'DL_NumberOfPackets']","['DL_BLER', 'PRB_Utilization_DL', 'PRB_Utilization_UL', 'RSRP', 'RX_Bytes', 'TX_Bytes', 'UL_BLER', 'UL_NPRB', 'UL_SNR']",0.6666666666666666,0.6966555555555551,0.4975,0.4975,0.05527777777777884,0.4975,0.898,0.4896666666666679,0.16322222222222244,0.4909721729279834,0.984,0.49030000000000035,0.27238888888888696,0.4908894268149031,1.0,0.49549999999999955,0.5505555555555552,0.5280112389426909,1.0,1,1.0,0.1111111111111111,1.0,1,1.0,0.3333333333333333,1.0,1,0.8,0.4444444444444444,0.8687949224876582,1,0.7,0.7777777777777778,0.8321109942931567
TelecomTS,A-Youtube-No-No@17695589952:121-202,train,Buffer Overflow (Gradual Buildup),0,18,10,"['RSRP', 'UL_NPRB', 'RX_Bytes', 'Estimated_UL_Buffer', 'UL_SNR', 'DL_BLER', 'UL_BLER', 'TX_Bytes', 'DL_Protocol', 'DL_NumberOfPackets']","['DL_BLER', 'DL_NumberOfPackets', 'Estimated_UL_Buffer', 'PRB_Utilization_DL', 'PRB_Utilization_UL', 'RX_Bytes', 'TX_Bytes', 'UL_BLER', 'UL_NPRB', 'UL_NumberOfPackets']",0.7,0.7301172619047606,0.5435,0.5435,0.05434999999999905,0.5435,0.921,0.5398333333333323,0.16194999999999912,0.5398437224176713,0.994,0.5532999999999975,0.27664999999999873,0.5490419444039617,1.0,0.5561500000000033,0.5561500000000033,0.5525115122318109,0.5,0,0.0,0.0,0.0,1,0.6666666666666666,0.2,0.5307212739772434,1,0.6,0.3,0.5296347172140421,1,0.7,0.7,0.6285108926059098
TelecomTS,A-Youtube-No-No@17695589952:297-666,train,Faulty RF Filters (Temporal),0,18,9,"['RSRP', 'UL_NPRB', 'RX_Bytes', 'UL_SNR', 'Estimated_UL_Buffer', 'DL_BLER', 'DL_Protocol', 'UL_BLER', 'DL_NumberOfPackets']","['DL_BLER', 'PRB_Utilization_DL', 'PRB_Utilization_UL', 'RSRP', 'RX_Bytes', 'TX_Bytes', 'UL_BLER', 'UL_NPRB', 'UL_SNR']",0.6666666666666666,0.6966555555555551,0.4975,0.4975,0.05527777777777884,0.4975,0.898,0.4896666666666679,0.16322222222222244,0.4909721729279834,0.984,0.49030000000000035,0.27238888888888696,0.4908894268149031,1.0,0.49549999999999955,0.5505555555555552,0.5280112389426909,1.0,1,1.0,0.1111111111111111,1.0,1,1.0,0.3333333333333333,1.0,1,0.8,0.4444444444444444,0.8687949224876582,1,0.7,0.7777777777777778,0.8279110931067362
TelecomTS,A-Youtube-No-No@17695589952:781-964,train,Resource Allocation Bugs,0,18,9,"['UL_NPRB', 'UL_SNR', 'RX_Bytes', 'DL_BLER', 'Estimated_UL_Buffer', 'RSRP', 'PRB_Utilization_UL', 'UL_BLER', 'DL_Protocol']","['DL_BLER', 'PRB_Utilization_DL', 'PRB_Utilization_UL', 'PRBs_DL_Current', 'PRBs_UL_Current', 'RX_Bytes', 'TX_Bytes', 'UL_BLER', 'UL_NPRB']",0.5555555555555556,0.698077182539682,0.4995,0.4995,0.055500000000001076,0.4995,0.8945,0.4923333333333332,0.16411111111111162,0.49356433674991496,0.9875,0.4937999999999999,0.27433333333333154,0.4941356385408359,1.0,0.49530000000000013,0.550333333333332,0.5285822748173552,1.0,1,1.0,0.1111111111111111,1.0,1,0.6666666666666666,0.2222222222222222,0.7039180890341347,1,0.6,0.3333333333333333,0.6548086577531307,1,0.6,0.6666666666666666,0.6742374650088887
TelecomTS,B-Youtube-No-No@18149192640:98-480,train,Buffer Overflow (Gradual Buildup),0,18,10,"['RSRP', 'UL_SNR', 'UL_NPRB', 'DL_MCS', 'RX_Bytes', 'Estimated_UL_Buffer', 'DL_BLER', 'TX_Bytes', 'UL_BLER', 'DL_NumberOfPackets']","['DL_BLER', 'DL_NumberOfPackets', 'Estimated_UL_Buffer', 'PRB_Utilization_DL', 'PRB_Utilization_UL', 'RX_Bytes', 'TX_Bytes', 'UL_BLER', 'UL_NPRB', 'UL_NumberOfPackets']",0.7,0.7301172619047606,0.5435,0.5435,0.05434999999999905,0.5435,0.921,0.5398333333333323,0.16194999999999912,0.5398437224176713,0.994,0.5532999999999975,0.27664999999999873,0.5490419444039617,1.0,0.5561500000000033,0.5561500000000033,0.5525115122318109,0.3333333333333333,0,0.0,0.0,0.0,1,0.3333333333333333,0.1,0.23463936301137822,1,0.4,0.2,0.30078518014914984,1,0.7,0.7,0.5462574254588145
TelecomTS,C-Youtube-No-No@19068481728:122-257,train,Buffer Overflow (Gradual Buildup),0,18,10,"['RSRP', 'UL_NPRB', 'RX_Bytes', 'UL_SNR', 'Estimated_UL_Buffer', 'DL_BLER', 'DL_Protocol', 'DL_NumberOfPackets', 'UL_BLER', 'TX_Bytes']","['DL_BLER', 'DL_NumberOfPackets', 'Estimated_UL_Buffer', 'PRB_Utilization_DL', 'PRB_Utilization_UL', 'RX_Bytes', 'TX_Bytes', 'UL_BLER', 'UL_NPRB', 'UL_NumberOfPackets']",0.7,0.7301172619047606,0.5435,0.5435,0.05434999999999905,0.5435,0.921,0.5398333333333323,0.16194999999999912,0.5398437224176713,0.994,0.5532999999999975,0.27664999999999873,0.5490419444039617,1.0,0.5561500000000033,0.5561500000000033,0.5525115122318109,0.5,0,0.0,0.0,0.0,1,0.6666666666666666,0.2,0.5307212739772434,1,0.6,0.3,0.5147714448836774,1,0.7,0.7,0.611755947233009
TelecomTS,C-Youtube-No-No@19068487456:110-314,train,Buffer Overflow (Gradual Buildup),0,18,10,"['RSRP', 'DL_MCS', 'TX_Bytes', 'RX_Bytes', 'DL_BLER', 'UL_SNR', 'PRBs_UL_Current', 'UL_NPRB', 'Estimated_UL_Buffer', 'UL_BLER']","['DL_BLER', 'DL_NumberOfPackets', 'Estimated_UL_Buffer', 'PRB_Utilization_DL', 'PRB_Utilization_UL', 'RX_Bytes', 'TX_Bytes', 'UL_BLER', 'UL_NPRB', 'UL_NumberOfPackets']",0.6,0.7301172619047606,0.5435,0.5435,0.05434999999999905,0.5435,0.921,0.5398333333333323,0.16194999999999912,0.5398437224176713,0.994,0.5532999999999975,0.27664999999999873,0.5490419444039617,1.0,0.5561500000000033,0.5561500000000033,0.5525115122318109,0.3333333333333333,0,0.0,0.0,0.0,1,0.3333333333333333,0.1,0.23463936301137822,1,0.6,0.3,0.4468535299918563,1,0.6,0.6,0.4892835987503298
TelecomTS,C-Youtube-No-No@19068487456:473-594,train,Antenna Failure,0,18,13,"['RSRP', 'DL_BLER', 'UL_NPRB', 'DL_MCS', 'TX_Bytes', 'RX_Bytes', 'Estimated_UL_Buffer', 'UL_BLER', 'PRBs_UL_Current', 'UL_SNR', 'DL_NumberOfPackets', 'PRB_Utilization_DL', 'PRBs_DL_Current']","['DL_BLER', 'DL_MCS', 'DL_NumberOfPackets', 'Estimated_UL_Buffer', 'PRBs_DL_Current', 'PRBs_UL_Current', 'RSRP', 'RX_Bytes', 'TX_Bytes', 'UL_BLER', 'UL_MCS', 'UL_NumberOfPackets', 'UL_SNR']",0.8461538461538461,0.8420583333333324,0.7085,0.7085,0.05450000000000159,0.7085,0.9875,0.7191666666666693,0.16596153846153688,0.7175445233152257,0.9995,0.722299999999986,0.2778076923076925,0.7203446350108549,1.0,0.7229000000000003,0.5560769230769264,0.7214779728703148,1.0,1,1.0,0.07692307692307693,1.0,1,0.6666666666666666,0.15384615384615385,0.7653606369886217,1,0.8,0.3076923076923077,0.830419897363192,1,0.9,0.6923076923076923,0.8899541168509599
TelecomTS,B-Twitch-No-No@19606755008:98-649,train,Buffer Overflow (Gradual Buildup),0,18,10,"['UL_NPRB', 'RSRP', 'RX_Bytes', 'PRB_Utilization_DL', 'UL_BLER', 'DL_BLER', 'UL_SNR', 'UL_MCS', 'TX_Bytes', 'Estimated_UL_Buffer']","['DL_BLER', 'DL_NumberOfPackets', 'Estimated_UL_Buffer', 'PRB_Utilization_DL', 'PRB_Utilization_UL', 'RX_Bytes', 'TX_Bytes', 'UL_BLER', 'UL_NPRB', 'UL_NumberOfPackets']",0.7,0.7301172619047606,0.5435,0.5435,0.05434999999999905,0.5435,0.921,0.5398333333333323,0.16194999999999912,0.5398437224176713,0.994,0.5532999999999975,0.27664999999999873,0.5490419444039617,1.0,0.5561500000000033,0.5561500000000033,0.5525115122318109,1.0,1,1.0,0.1,1.0,1,0.6666666666666666,0.2,0.7039180890341347,1,0.8,0.4,0.7860137352654724,1,0.7,0.7,0.7183424120903081
TelecomTS,A-Youtube-No-No@17695586816:118-180,train,Co-Channel Interference (Mild),0,18,9,"['UL_NPRB', 'RX_Bytes', 'DL_NumberOfPackets', 'Estimated_UL_Buffer', 'DL_BLER', 'UL_BLER', 'UL_SNR', 'RSRP', 'DL_Protocol']","['DL_BLER', 'PRB_Utilization_DL', 'PRB_Utilization_UL', 'RSRP', 'RX_Bytes', 'TX_Bytes', 'UL_BLER', 'UL_NPRB', 'UL_SNR']",0.6666666666666666,0.6966555555555551,0.4975,0.4975,0.05527777777777884,0.4975,0.898,0.4896666666666679,0.16322222222222244,0.4909721729279834,0.984,0.49030000000000035,0.27238888888888696,0.4908894268149031,1.0,0.49549999999999955,0.5505555555555552,0.5280112389426909,1.0,1,1.0,0.1111111111111111,1.0,1,0.6666666666666666,0.2222222222222222,0.7653606369886217,1,0.6,0.3333333333333333,0.6843515475204855,1,0.6,0.6666666666666666,0.7104928563593765
TelecomTS,A-Youtube-No-No@17695589472:110-302,train,Co-Channel Interference (Mild),0,18,9,"['UL_NPRB', 'DL_NumberOfPackets', 'TX_Bytes', 'RX_Bytes', 'Estimated_UL_Buffer', 'RSRP', 'UL_BLER', 'UL_SNR', 'DL_BLER']","['DL_BLER', 'PRB_Utilization_DL', 'PRB_Utilization_UL', 'RSRP', 'RX_Bytes', 'TX_Bytes', 'UL_BLER', 'UL_NPRB', 'UL_SNR']",0.7777777777777778,0.6966555555555551,0.4975,0.4975,0.05527777777777884,0.4975,0.898,0.4896666666666679,0.16322222222222244,0.4909721729279834,0.984,0.49030000000000035,0.27238888888888696,0.4908894268149031,1.0,0.49549999999999955,0.5505555555555552,0.5280112389426909,1.0,1,1.0,0.1111111111111111,1.0,1,0.6666666666666666,0.2222222222222222,0.7039180890341347,1,0.6,0.3333333333333333,0.6548086577531307,1,0.7,0.7777777777777778,0.760774738810872
TelecomTS,C-Youtube-No-No@19068482144:118-518,train,Co-Channel Interference (Mild),0,18,9,"['RSRP', 'UL_NPRB', 'UL_SNR', 'RX_Bytes', 'DL_BLER', 'Estimated_UL_Buffer', 'UL_BLER', 'DL_Protocol', 'PRBs_UL_Current']","['DL_BLER', 'PRB_Utilization_DL', 'PRB_Utilization_UL', 'RSRP', 'RX_Bytes', 'TX_Bytes', 'UL_BLER', 'UL_NPRB', 'UL_SNR']",0.6666666666666666,0.6966555555555551,0.4975,0.4975,0.05527777777777884,0.4975,0.898,0.4896666666666679,0.16322222222222244,0.4909721729279834,0.984,0.49030000000000035,0.27238888888888696,0.4908894268149031,1.0,0.49549999999999955,0.5505555555555552,0.5280112389426909,1.0,1,1.0,0.1111111111111111,1.0,1,1.0,0.3333333333333333,1.0,1,1.0,0.5555555555555556,1.0,1,0.7,0.7777777777777778,0.8393141109129421
TelecomTS,C-Youtube-No-No@19068482144:680-716,train,Co-Channel Interference (Mild),0,18,9,"['UL_SNR', 'UL_NPRB', 'RSRP', 'DL_BLER', 'Estimated_UL_Buffer', 'RX_Bytes', 'TX_Bytes', 'UL_BLER', 'DL_NumberOfPackets']","['DL_BLER', 'PRB_Utilization_DL', 'PRB_Utilization_UL', 'RSRP', 'RX_Bytes', 'TX_Bytes', 'UL_BLER', 'UL_NPRB', 'UL_SNR']",0.7777777777777778,0.6966555555555551,0.4975,0.4975,0.05527777777777884,0.4975,0.898,0.4896666666666679,0.16322222222222244,0.4909721729279834,0.984,0.49030000000000035,0.27238888888888696,0.4908894268149031,1.0,0.49549999999999955,0.5505555555555552,0.5280112389426909,1.0,1,1.0,0.1111111111111111,1.0,1,1.0,0.3333333333333333,1.0,1,0.8,0.4444444444444444,0.8687949224876582,1,0.7,0.7777777777777778,0.8383162086599405
TelecomTS,A-Youtube-No-No@17695584000:43-479,train,Co-Channel Interference (Severe),0,18,11,"['UL_NPRB', 'RSRP', 'Estimated_UL_Buffer', 'RX_Bytes', 'DL_BLER', 'TX_Bytes', 'UL_BLER', 'DL_NumberOfPackets', 'UL_SNR', 'DL_Protocol', 'PRBs_DL_Current']","['DL_BLER', 'DL_NumberOfPackets', 'PRB_Utilization_DL', 'PRB_Utilization_UL', 'RSRP', 'RX_Bytes', 'TX_Bytes', 'UL_BLER', 'UL_NPRB', 'UL_NumberOfPackets', 'UL_SNR']",0.7272727272727273,0.7670130952380939,0.592,0.592,0.053818181818182834,0.592,0.9535,0.5944999999999994,0.16213636363636355,0.5936061888526992,0.9985,0.6036999999999954,0.2744090909090886,0.600045516857955,1.0,0.609450000000004,0.5540454545454532,0.6055705759222735,1.0,1,1.0,0.09090909090909091,1.0,1,0.6666666666666666,0.18181818181818182,0.7653606369886217,1,0.8,0.36363636363636365,0.830419897363192,1,0.8,0.7272727272727273,0.8263333286520083
TelecomTS,A-Youtube-No-No@17695585568:115-346,train,Co-Channel Interference (Severe),0,18,11,"['UL_NPRB', 'RSRP', 'RX_Bytes', 'DL_BLER', 'Estimated_UL_Buffer', 'UL_SNR', 'DL_Protocol', 'UL_BLER', 'PRB_Utilization_DL', 'DL_NumberOfPackets', 'PRBs_DL_Current']","['DL_BLER', 'DL_NumberOfPackets', 'PRB_Utilization_DL', 'PRB_Utilization_UL', 'RSRP', 'RX_Bytes', 'TX_Bytes', 'UL_BLER', 'UL_NPRB', 'UL_NumberOfPackets', 'UL_SNR']",0.7272727272727273,0.7670130952380939,0.592,0.592,0.053818181818182834,0.592,0.9535,0.5944999999999994,0.16213636363636355,0.5936061888526992,0.9985,0.6036999999999954,0.2744090909090886,0.600045516857955,1.0,0.609450000000004,0.5540454545454532,0.6055705759222735,1.0,1,1.0,0.09090909090909091,1.0,1,1.0,0.2727272727272727,1.0,1,0.8,0.36363636363636365,0.8687949224876582,1,0.8,0.7272727272727273,0.841492960259019
TelecomTS,A-Twitch-No-No@17883077216:99-226,train,Co-Channel Interference (Severe),0,18,11,"['RSRP', 'UL_NPRB', 'DL_BLER', 'UL_MCS', 'RX_Bytes', 'UL_SNR', 'UL_NumberOfPackets', 'UL_BLER', 'DL_NumberOfPackets', 'TX_Bytes', 'DL_Protocol']","['DL_BLER', 'DL_NumberOfPackets', 'PRB_Utilization_DL', 'PRB_Utilization_UL', 'RSRP', 'RX_Bytes', 'TX_Bytes', 'UL_BLER', 'UL_NPRB', 'UL_NumberOfPackets', 'UL_SNR']",0.8181818181818182,0.7670130952380939,0.592,0.592,0.053818181818182834,0.592,0.9535,0.5944999999999994,0.16213636363636355,0.5936061888526992,0.9985,0.6036999999999954,0.2744090909090886,0.600045516857955,1.0,0.609450000000004,0.5540454545454532,0.6055705759222735,1.0,1,1.0,0.09090909090909091,1.0,1,1.0,0.2727272727272727,1.0,1,0.8,0.36363636363636365,0.8539316501572937,1,0.9,0.8181818181818182,0.9052116356304493
TelecomTS,A-Youtube-No-No@17695591904:97-571,train,Doppler Shift (Severe),0,18,7,"['RSRP', 'UL_NPRB', 'UL_SNR', 'RX_Bytes', 'Estimated_UL_Buffer', 'DL_BLER', 'UL_BLER']","['DL_MCS', 'RSRP', 'RX_Bytes', 'TX_Bytes', 'UL_MCS', 'UL_NPRB', 'UL_SNR']",0.5714285714285714,0.6094630952380968,0.39,0.39,0.05571428571428534,0.39,0.792,0.3938333333333351,0.16878571428571473,0.39337422070213024,0.9445,0.3896000000000009,0.2782857142857171,0.3905336009660107,1.0,0.3878499999999939,0.554071428571427,0.485875484517331,1.0,1,1.0,0.14285714285714285,1.0,1,1.0,0.42857142857142855,1.0,1,0.8,0.5714285714285714,0.8687949224876582,1,0.5,0.7142857142857143,0.783582028747806
TelecomTS,A-Youtube-No-No@17695591904:714-1399,train,Co-Channel Interference (Severe),0,18,11,"['UL_NPRB', 'RSRP', 'RX_Bytes', 'DL_NumberOfPackets', 'UL_SNR', 'Estimated_UL_Buffer', 'DL_Protocol', 'UL_BLER', 'DL_BLER', 'PRBs_DL_Current', 'UL_NumberOfPackets']","['DL_BLER', 'DL_NumberOfPackets', 'PRB_Utilization_DL', 'PRB_Utilization_UL', 'RSRP', 'RX_Bytes', 'TX_Bytes', 'UL_BLER', 'UL_NPRB', 'UL_NumberOfPackets', 'UL_SNR']",0.7272727272727273,0.7670130952380939,0.592,0.592,0.053818181818182834,0.592,0.9535,0.5944999999999994,0.16213636363636355,0.5936061888526992,0.9985,0.6036999999999954,0.2744090909090886,0.600045516857955,1.0,0.609450000000004,0.5540454545454532,0.6055705759222735,1.0,1,1.0,0.09090909090909091,1.0,1,1.0,0.2727272727272727,1.0,1,1.0,0.45454545454545453,1.0,1,0.7,0.6363636363636364,0.7846170207230129
TelecomTS,A-Youtube-No-No@17695591904:1495-1532,train,Faulty Handover Algorithm (Too Frequent),0,18,9,"['UL_SNR', 'RX_Bytes', 'RSRP', 'UL_NPRB', 'DL_MCS', 'DL_BLER', 'TX_Bytes', 'Estimated_UL_Buffer', 'UL_BLER']","['DL_BLER', 'DL_NumberOfPackets', 'Estimated_UL_Buffer', 'RSRP', 'RX_Bytes', 'TX_Bytes', 'UL_BLER', 'UL_NumberOfPackets', 'UL_SNR']",0.7777777777777778,0.6889103174603175,0.4845,0.4845,0.05383333333333436,0.4845,0.8875,0.4890000000000008,0.16300000000000042,0.48815917178429014,0.9835,0.4962000000000004,0.2756666666666647,0.49347984406801465,1.0,0.5019499999999998,0.5577222222222226,0.5325252299787008,1.0,1,1.0,0.1111111111111111,1.0,1,1.0,0.3333333333333333,1.0,1,0.6,0.3333333333333333,0.7227265726449519,1,0.7,0.7777777777777778,0.807843361168721
TelecomTS,B-Twitch-No-No@19606752128:117-340,train,Doppler Shift (Severe),0,18,7,"['UL_NPRB', 'RSRP', 'RX_Bytes', 'PRB_Utilization_DL', 'TX_Bytes', 'DL_Protocol', 'PRBs_DL_Current']","['DL_MCS', 'RSRP', 'RX_Bytes', 'TX_Bytes', 'UL_MCS', 'UL_NPRB', 'UL_SNR']",0.5714285714285714,0.6094630952380968,0.39,0.39,0.05571428571428534,0.39,0.792,0.3938333333333351,0.16878571428571473,0.39337422070213024,0.9445,0.3896000000000009,0.2782857142857171,0.3905336009660107,1.0,0.3878499999999939,0.554071428571427,0.485875484517331,1.0,1,1.0,0.14285714285714285,1.0,1,1.0,0.42857142857142855,1.0,1,0.8,0.5714285714285714,0.8539316501572937,1,0.5,0.7142857142857143,0.7787926658840254
TelecomTS,B-Twitch-No-No@19606756000:122-266,train,Doppler Shift (Severe),0,18,7,"['UL_NPRB', 'RSRP', 'RX_Bytes', 'UL_SNR', 'TX_Bytes', 'UL_MCS', 'DL_BLER']","['DL_MCS', 'RSRP', 'RX_Bytes', 'TX_Bytes', 'UL_MCS', 'UL_NPRB', 'UL_SNR']",0.8571428571428571,0.6094630952380968,0.39,0.39,0.05571428571428534,0.39,0.792,0.3938333333333351,0.16878571428571473,0.39337422070213024,0.9445,0.3896000000000009,0.2782857142857171,0.3905336009660107,1.0,0.3878499999999939,0.554071428571427,0.485875484517331,1.0,1,1.0,0.14285714285714285,1.0,1,1.0,0.42857142857142855,1.0,1,1.0,0.7142857142857143,1.0,1,0.6,0.8571428571428571,0.9083745556952364
TelecomTS,C-File-No-No@20501857504:118-181,train,Doppler Shift (Severe),0,18,7,"['UL_BLER', 'RSRP', 'PRB_Utilization_UL', 'UL_NPRB', 'UL_NumberOfPackets', 'Estimated_UL_Buffer', 'PRB_Utilization_DL']","['DL_MCS', 'RSRP', 'RX_Bytes', 'TX_Bytes', 'UL_MCS', 'UL_NPRB', 'UL_SNR']",0.2857142857142857,0.6094630952380968,0.39,0.39,0.05571428571428534,0.39,0.792,0.3938333333333351,0.16878571428571473,0.39337422070213024,0.9445,0.3896000000000009,0.2782857142857171,0.3905336009660107,1.0,0.3878499999999939,0.554071428571427,0.485875484517331,0.5,0,0.0,0.0,0.0,1,0.3333333333333333,0.14285714285714285,0.2960819109658652,1,0.4,0.2857142857142857,0.36005461457723403,1,0.3,0.42857142857142855,0.37852427843772213
TelecomTS,A-Youtube-No-No@17695591328:125-134,train,Faulty Handover Algorithm (Too Frequent),0,18,9,"['UL_SNR', 'RSRP', 'DL_BLER', 'UL_NPRB', 'RX_Bytes', 'PRB_Utilization_DL', 'Estimated_UL_Buffer', 'TX_Bytes', 'UL_BLER']","['DL_BLER', 'DL_NumberOfPackets', 'Estimated_UL_Buffer', 'RSRP', 'RX_Bytes', 'TX_Bytes', 'UL_BLER', 'UL_NumberOfPackets', 'UL_SNR']",0.7777777777777778,0.6889103174603175,0.4845,0.4845,0.05383333333333436,0.4845,0.8875,0.4890000000000008,0.16300000000000042,0.48815917178429014,0.9835,0.4962000000000004,0.2756666666666647,0.49347984406801465,1.0,0.5019499999999998,0.5577222222222226,0.5325252299787008,1.0,1,1.0,0.1111111111111111,1.0,1,1.0,0.3333333333333333,1.0,1,0.8,0.4444444444444444,0.8539316501572937,1,0.7,0.7777777777777778,0.8150464777885064
TelecomTS,B-Twitch-No-No@19606753888:115-369,train,Faulty Handover Algorithm (Too Frequent),0,18,9,"['UL_NPRB', 'RX_Bytes', 'RSRP', 'UL_SNR', 'DL_BLER', 'PRB_Utilization_DL', 'TX_Bytes', 'DL_Protocol', 'PRBs_DL_Current']","['DL_BLER', 'DL_NumberOfPackets', 'Estimated_UL_Buffer', 'RSRP', 'RX_Bytes', 'TX_Bytes', 'UL_BLER', 'UL_NumberOfPackets', 'UL_SNR']",0.5555555555555556,0.6889103174603175,0.4845,0.4845,0.05383333333333436,0.4845,0.8875,0.4890000000000008,0.16300000000000042,0.48815917178429014,0.9835,0.4962000000000004,0.2756666666666647,0.49347984406801465,1.0,0.5019499999999998,0.5577222222222226,0.5325252299787008,0.5,0,0.0,0.0,0.0,1,0.6666666666666666,0.2222222222222222,0.5307212739772434,1,0.8,0.4444444444444444,0.6608397947263839,1,0.6,0.6666666666666666,0.6042685614984568
TelecomTS,B-Twitch-No-No@19606753888:388-479,train,Doppler Shift (Severe),0,18,7,"['UL_BLER', 'UL_NPRB', 'RSRP', 'RX_Bytes', 'UL_SNR', 'TX_Bytes', 'DL_BLER']","['DL_MCS', 'RSRP', 'RX_Bytes', 'TX_Bytes', 'UL_MCS', 'UL_NPRB', 'UL_SNR']",0.7142857142857143,0.6094630952380968,0.39,0.39,0.05571428571428534,0.39,0.792,0.3938333333333351,0.16878571428571473,0.39337422070213024,0.9445,0.3896000000000009,0.2782857142857171,0.3905336009660107,1.0,0.3878499999999939,0.554071428571427,0.485875484517331,0.5,0,0.0,0.0,0.0,1,0.6666666666666666,0.2857142857142857,0.5307212739772434,1,0.8,0.5714285714285714,0.6608397947263839,1,0.5,0.7142857142857143,0.6334982227809455
TelecomTS,B-Twitch-No-No@19606756896:100-215,train,Faulty Handover Algorithm (Too Frequent),0,18,9,"['RSRP', 'UL_NPRB', 'RX_Bytes', 'UL_MCS', 'UL_SNR', 'PRB_Utilization_DL', 'DL_BLER', 'DL_Protocol', 'TX_Bytes']","['DL_BLER', 'DL_NumberOfPackets', 'Estimated_UL_Buffer', 'RSRP', 'RX_Bytes', 'TX_Bytes', 'UL_BLER', 'UL_NumberOfPackets', 'UL_SNR']",0.5555555555555556,0.6889103174603175,0.4845,0.4845,0.05383333333333436,0.4845,0.8875,0.4890000000000008,0.16300000000000042,0.48815917178429014,0.9835,0.4962000000000004,0.2756666666666647,0.49347984406801465,1.0,0.5019499999999998,0.5577222222222226,0.5325252299787008,1.0,1,1.0,0.1111111111111111,1.0,1,0.6666666666666666,0.2222222222222222,0.7039180890341347,1,0.6,0.3333333333333333,0.639945385422766,1,0.5,0.5555555555555556,0.5926006319332826
TelecomTS,A-Twitch-No-No@17883079488:111-272,train,Faulty RF Filters (Temporal),0,18,9,"['RSRP', 'Estimated_UL_Buffer', 'UL_NPRB', 'UL_BLER', 'RX_Bytes', 'UL_SNR', 'UL_MCS', 'TX_Bytes', 'DL_BLER']","['DL_BLER', 'PRB_Utilization_DL', 'PRB_Utilization_UL', 'RSRP', 'RX_Bytes', 'TX_Bytes', 'UL_BLER', 'UL_NPRB', 'UL_SNR']",0.7777777777777778,0.6966555555555551,0.4975,0.4975,0.05527777777777884,0.4975,0.898,0.4896666666666679,0.16322222222222244,0.4909721729279834,0.984,0.49030000000000035,0.27238888888888696,0.4908894268149031,1.0,0.49549999999999955,0.5505555555555552,0.5280112389426909,1.0,1,1.0,0.1111111111111111,1.0,1,0.6666666666666666,0.2222222222222222,0.7039180890341347,1,0.8,0.4444444444444444,0.7860137352654724,1,0.7,0.7777777777777778,0.7733542529583557
TelecomTS,B-Twitch-No-No@19606758688:123-275,train,Faulty RF Filters (Temporal),0,18,9,"['UL_NPRB', 'RSRP', 'RX_Bytes', 'UL_SNR', 'UL_MCS', 'DL_BLER', 'PRB_Utilization_DL', 'Estimated_UL_Buffer', 'TX_Bytes']","['DL_BLER', 'PRB_Utilization_DL', 'PRB_Utilization_UL', 'RSRP', 'RX_Bytes', 'TX_Bytes', 'UL_BLER', 'UL_NPRB', 'UL_SNR']",0.7777777777777778,0.6966555555555551,0.4975,0.4975,0.05527777777777884,0.4975,0.898,0.4896666666666679,0.16322222222222244,0.4909721729279834,0.984,0.49030000000000035,0.27238888888888696,0.4908894268149031,1.0,0.49549999999999955,0.5505555555555552,0.5280112389426909,1.0,1,1.0,0.1111111111111111,1.0,1,1.0,0.3333333333333333,1.0,1,0.8,0.4444444444444444,0.8687949224876582,1,0.7,0.7777777777777778,0.8349233540959466
TelecomTS,C-File-No-No@20501858816:118-388,train,Faulty RF Filters (Temporal),0,18,9,"['UL_SNR', 'RSRP', 'UL_NPRB', 'RX_Bytes', 'UL_BLER', 'PRB_Utilization_DL', 'PRB_Utilization_UL', 'TX_Bytes', 'DL_BLER']","['DL_BLER', 'PRB_Utilization_DL', 'PRB_Utilization_UL', 'RSRP', 'RX_Bytes', 'TX_Bytes', 'UL_BLER', 'UL_NPRB', 'UL_SNR']",1.0,0.6966555555555551,0.4975,0.4975,0.05527777777777884,0.4975,0.898,0.4896666666666679,0.16322222222222244,0.4909721729279834,0.984,0.49030000000000035,0.27238888888888696,0.4908894268149031,1.0,0.49549999999999955,0.5505555555555552,0.5280112389426909,1.0,1,1.0,0.1111111111111111,1.0,1,1.0,0.3333333333333333,1.0,1,1.0,0.5555555555555556,1.0,1,0.9,1.0,1.0
TelecomTS,B-File-No-No@20798208672:106-545,train,Faulty RF Filters (Temporal),0,18,9,"['RX_Bytes', 'TX_Bytes', 'RSRP', 'UL_SNR', 'UL_NPRB', 'DL_BLER', 'DL_NumberOfPackets', 'DL_Protocol', 'PRB_Utilization_UL']","['DL_BLER', 'PRB_Utilization_DL', 'PRB_Utilization_UL', 'RSRP', 'RX_Bytes', 'TX_Bytes', 'UL_BLER', 'UL_NPRB', 'UL_SNR']",0.7777777777777778,0.6966555555555551,0.4975,0.4975,0.05527777777777884,0.4975,0.898,0.4896666666666679,0.16322222222222244,0.4909721729279834,0.984,0.49030000000000035,0.27238888888888696,0.4908894268149031,1.0,0.49549999999999955,0.5505555555555552,0.5280112389426909,1.0,1,1.0,0.1111111111111111,1.0,1,1.0,0.3333333333333333,1.0,1,1.0,0.5555555555555556,1.0,1,0.7,0.7777777777777778,0.8475028682434302
TelecomTS,B-File-No-No@20798208672:641-857,train,Resource Allocation Bugs,0,18,9,"['RX_Bytes', 'RSRP', 'UL_SNR', 'UL_NPRB', 'TX_Bytes', 'UL_NumberOfPackets', 'DL_NumberOfPackets', 'UL_MCS', 'DL_Protocol']","['DL_BLER', 'PRB_Utilization_DL', 'PRB_Utilization_UL', 'PRBs_DL_Current', 'PRBs_UL_Current', 'RX_Bytes', 'TX_Bytes', 'UL_BLER', 'UL_NPRB']",0.3333333333333333,0.698077182539682,0.4995,0.4995,0.055500000000001076,0.4995,0.8945,0.4923333333333332,0.16411111111111162,0.49356433674991496,0.9875,0.4937999999999999,0.27433333333333154,0.4941356385408359,1.0,0.49530000000000013,0.550333333333332,0.5285822748173552,1.0,1,1.0,0.1111111111111111,1.0,1,0.3333333333333333,0.1111111111111111,0.46927872602275644,1,0.6,0.3333333333333333,0.6164336326286644,1,0.4,0.4444444444444444,0.49514558916405516
TelecomTS,B-File-No-No@20798208672:967-1498,train,Co-Channel Interference (Severe),0,18,11,"['RX_Bytes', 'TX_Bytes', 'UL_SNR', 'RSRP', 'UL_NPRB', 'UL_BLER', 'DL_NumberOfPackets', 'DL_BLER', 'UL_MCS', 'PRB_Utilization_DL', 'PRB_Utilization_UL']","['DL_BLER', 'DL_NumberOfPackets', 'PRB_Utilization_DL', 'PRB_Utilization_UL', 'RSRP', 'RX_Bytes', 'TX_Bytes', 'UL_BLER', 'UL_NPRB', 'UL_NumberOfPackets', 'UL_SNR']",0.9090909090909091,0.7670130952380939,0.592,0.592,0.053818181818182834,0.592,0.9535,0.5944999999999994,0.16213636363636355,0.5936061888526992,0.9985,0.6036999999999954,0.2744090909090886,0.600045516857955,1.0,0.609450000000004,0.5540454545454532,0.6055705759222735,1.0,1,1.0,0.09090909090909091,1.0,1,1.0,0.2727272727272727,1.0,1,1.0,0.45454545454545453,1.0,1,0.9,0.8181818181818182,0.933745776545611
TelecomTS,B-File-No-No@20798208672:1650-1781,train,Resource Allocation Bugs,0,18,9,"['UL_SNR', 'RX_Bytes', 'RSRP', 'PRB_Utilization_DL', 'UL_NPRB', 'TX_Bytes', 'DL_BLER', 'UL_NumberOfPackets', 'UL_MCS']","['DL_BLER', 'PRB_Utilization_DL', 'PRB_Utilization_UL', 'PRBs_DL_Current', 'PRBs_UL_Current', 'RX_Bytes', 'TX_Bytes', 'UL_BLER', 'UL_NPRB']",0.5555555555555556,0.698077182539682,0.4995,0.4995,0.055500000000001076,0.4995,0.8945,0.4923333333333332,0.16411111111111162,0.49356433674991496,0.9875,0.4937999999999999,0.27433333333333154,0.4941356385408359,1.0,0.49530000000000013,0.550333333333332,0.5285822748173552,0.5,0,0.0,0.0,0.0,1,0.3333333333333333,0.1111111111111111,0.2960819109658652,1,0.6,0.3333333333333333,0.4912596920895758,1,0.5,0.5555555555555556,0.5025272998721166
TelecomTS,B-File-No-No@20798208672:1912-1987,train,Faulty Handover Algorithm (Too Frequent),0,18,9,"['UL_SNR', 'RX_Bytes', 'RSRP', 'UL_NPRB', 'PRB_Utilization_DL', 'TX_Bytes', 'DL_BLER', 'UL_BLER', 'DL_Protocol']","['DL_BLER', 'DL_NumberOfPackets', 'Estimated_UL_Buffer', 'RSRP', 'RX_Bytes', 'TX_Bytes', 'UL_BLER', 'UL_NumberOfPackets', 'UL_SNR']",0.6666666666666666,0.6889103174603175,0.4845,0.4845,0.05383333333333436,0.4845,0.8875,0.4890000000000008,0.16300000000000042,0.48815917178429014,0.9835,0.4962000000000004,0.2756666666666647,0.49347984406801465,1.0,0.5019499999999998,0.5577222222222226,0.5325252299787008,1.0,1,1.0,0.1111111111111111,1.0,1,1.0,0.3333333333333333,1.0,1,0.6,0.3333333333333333,0.7227265726449519,1,0.6,0.6666666666666666,0.7370876004476404
TelecomTS,B-Youtube-No-No@18149184128:116-154,train,High Network Congestion (Gradual Buildup),0,18,10,"['UL_SNR', 'RSRP', 'UL_NPRB', 'RX_Bytes', 'DL_BLER', 'Estimated_UL_Buffer', 'UL_BLER', 'TX_Bytes', 'DL_Protocol', 'UL_NumberOfPackets']","['DL_BLER', 'DL_NumberOfPackets', 'Estimated_UL_Buffer', 'PRB_Utilization_DL', 'PRB_Utilization_UL', 'RX_Bytes', 'TX_Bytes', 'UL_BLER', 'UL_NPRB', 'UL_NumberOfPackets']",0.7,0.7301172619047606,0.5435,0.5435,0.05434999999999905,0.5435,0.921,0.5398333333333323,0.16194999999999912,0.5398437224176713,0.994,0.5532999999999975,0.27664999999999873,0.5490419444039617,1.0,0.5561500000000033,0.5561500000000033,0.5525115122318109,0.3333333333333333,0,0.0,0.0,0.0,1,0.3333333333333333,0.1,0.23463936301137822,1,0.6,0.3,0.4468535299918563,1,0.7,0.7,0.5747915663739762
TelecomTS,B-Youtube-No-No@18149184128:247-343,train,Co-Channel Interference (Mild),0,18,9,"['UL_NPRB', 'RX_Bytes', 'RSRP', 'Estimated_UL_Buffer', 'DL_BLER', 'UL_BLER', 'TX_Bytes', 'UL_SNR', 'PRB_Utilization_UL']","['DL_BLER', 'PRB_Utilization_DL', 'PRB_Utilization_UL', 'RSRP', 'RX_Bytes', 'TX_Bytes', 'UL_BLER', 'UL_NPRB', 'UL_SNR']",0.8888888888888888,0.6966555555555551,0.4975,0.4975,0.05527777777777884,0.4975,0.898,0.4896666666666679,0.16322222222222244,0.4909721729279834,0.984,0.49030000000000035,0.27238888888888696,0.4908894268149031,1.0,0.49549999999999955,0.5505555555555552,0.5280112389426909,1.0,1,1.0,0.1111111111111111,1.0,1,1.0,0.3333333333333333,1.0,1,0.8,0.4444444444444444,0.8539316501572937,1,0.8,0.8888888888888888,0.8987713917876998
TelecomTS,B-Youtube-No-No@18149184128:417-418,train,Faulty Handover Algorithm (Too Frequent),0,18,9,"['RSRP', 'UL_NPRB', 'UL_SNR', 'Estimated_UL_Buffer', 'RX_Bytes', 'DL_BLER', 'UL_NumberOfPackets', 'UL_Protocol', 'TX_Bytes']","['DL_BLER', 'DL_NumberOfPackets', 'Estimated_UL_Buffer', 'RSRP', 'RX_Bytes', 'TX_Bytes', 'UL_BLER', 'UL_NumberOfPackets', 'UL_SNR']",0.7777777777777778,0.6889103174603175,0.4845,0.4845,0.05383333333333436,0.4845,0.8875,0.4890000000000008,0.16300000000000042,0.48815917178429014,0.9835,0.4962000000000004,0.2756666666666647,0.49347984406801465,1.0,0.5019499999999998,0.5577222222222226,0.5325252299787008,1.0,1,1.0,0.1111111111111111,1.0,1,0.6666666666666666,0.2222222222222222,0.7039180890341347,1,0.8,0.4444444444444444,0.7860137352654724,1,0.8,0.8888888888888888,0.845497555063067
TelecomTS,B-Youtube-No-No@18149185120:111-174,train,High Network Congestion (Gradual Buildup),0,18,10,"['RSRP', 'UL_SNR', 'UL_NPRB', 'RX_Bytes', 'DL_BLER', 'Estimated_UL_Buffer', 'UL_BLER', 'DL_NumberOfPackets', 'TX_Bytes', 'DL_Protocol']","['DL_BLER', 'DL_NumberOfPackets', 'Estimated_UL_Buffer', 'PRB_Utilization_DL', 'PRB_Utilization_UL', 'RX_Bytes', 'TX_Bytes', 'UL_BLER', 'UL_NPRB', 'UL_NumberOfPackets']",0.7,0.7301172619047606,0.5435,0.5435,0.05434999999999905,0.5435,0.921,0.5398333333333323,0.16194999999999912,0.5398437224176713,0.994,0.5532999999999975,0.27664999999999873,0.5490419444039617,1.0,0.5561500000000033,0.5561500000000033,0.5525115122318109,0.3333333333333333,0,0.0,0.0,0.0,1,0.3333333333333333,0.1,0.23463936301137822,1,0.6,0.3,0.4468535299918563,1,0.7,0.7,0.5774250016294136
TelecomTS,B-Youtube-No-No@18149187648:115-767,train,High Network Congestion (Gradual Buildup),0,18,10,"['RSRP', 'UL_NPRB', 'RX_Bytes', 'UL_SNR', 'Estimated_UL_Buffer', 'DL_BLER', 'UL_BLER', 'PRB_Utilization_UL', 'TX_Bytes', 'DL_Protocol']","['DL_BLER', 'DL_NumberOfPackets', 'Estimated_UL_Buffer', 'PRB_Utilization_DL', 'PRB_Utilization_UL', 'RX_Bytes', 'TX_Bytes', 'UL_BLER', 'UL_NPRB', 'UL_NumberOfPackets']",0.7,0.7301172619047606,0.5435,0.5435,0.05434999999999905,0.5435,0.921,0.5398333333333323,0.16194999999999912,0.5398437224176713,0.994,0.5532999999999975,0.27664999999999873,0.5490419444039617,1.0,0.5561500000000033,0.5561500000000033,0.5525115122318109,0.5,0,0.0,0.0,0.0,1,0.6666666666666666,0.2,0.5307212739772434,1,0.6,0.3,0.5147714448836774,1,0.7,0.7,0.6214990811334173
TelecomTS,B-Youtube-No-No@18149187648:791-839,train,Antenna Failure,0,18,13,"['RX_Bytes', 'UL_NPRB', 'PRB_Utilization_UL', 'TX_Bytes', 'RSRP', 'DL_NumberOfPackets', 'Estimated_UL_Buffer', 'PRB_Utilization_DL', 'UL_SNR', 'UL_NumberOfPackets', 'DL_BLER', 'UL_BLER', 'PRBs_DL_Current']","['DL_BLER', 'DL_MCS', 'DL_NumberOfPackets', 'Estimated_UL_Buffer', 'PRBs_DL_Current', 'PRBs_UL_Current', 'RSRP', 'RX_Bytes', 'TX_Bytes', 'UL_BLER', 'UL_MCS', 'UL_NumberOfPackets', 'UL_SNR']",0.7692307692307693,0.8420583333333324,0.7085,0.7085,0.05450000000000159,0.7085,0.9875,0.7191666666666693,0.16596153846153688,0.7175445233152257,0.9995,0.722299999999986,0.2778076923076925,0.7203446350108549,1.0,0.7229000000000003,0.5560769230769264,0.7214779728703148,1.0,1,1.0,0.07692307692307693,1.0,1,0.3333333333333333,0.07692307692307693,0.46927872602275644,1,0.6,0.23076923076923078,0.6164336326286644,1,0.7,0.5384615384615384,0.681660451040628
TelecomTS,C-Youtube-No-No@19068480032:106-316,train,High Network Congestion (Gradual Buildup),0,18,10,"['RSRP', 'UL_NPRB', 'UL_SNR', 'Estimated_UL_Buffer', 'RX_Bytes', 'UL_BLER', 'DL_BLER', 'DL_NumberOfPackets', 'DL_Protocol', 'TX_Bytes']","['DL_BLER', 'DL_NumberOfPackets', 'Estimated_UL_Buffer', 'PRB_Utilization_DL', 'PRB_Utilization_UL', 'RX_Bytes', 'TX_Bytes', 'UL_BLER', 'UL_NPRB', 'UL_NumberOfPackets']",0.7,0.7301172619047606,0.5435,0.5435,0.05434999999999905,0.5435,0.921,0.5398333333333323,0.16194999999999912,0.5398437224176713,0.994,0.5532999999999975,0.27664999999999873,0.5490419444039617,1.0,0.5561500000000033,0.5561500000000033,0.5525115122318109,0.5,0,0.0,0.0,0.0,1,0.3333333333333333,0.1,0.2960819109658652,1,0.6,0.3,0.4912596920895758,1,0.7,0.7,0.6036081270984908
TelecomTS,A-Twitch-No-No@17883072768:121-320,train,High Network Congestion (Sudden Spike),0,18,10,"['RX_Bytes', 'UL_NPRB', 'RSRP', 'UL_BLER', 'UL_MCS', 'PRBs_DL_Current', 'DL_BLER', 'UL_NumberOfPackets', 'DL_NumberOfPackets', 'TX_Bytes']","['DL_BLER', 'DL_NumberOfPackets', 'Estimated_UL_Buffer', 'PRB_Utilization_DL', 'PRB_Utilization_UL', 'RX_Bytes', 'TX_Bytes', 'UL_BLER', 'UL_NPRB', 'UL_NumberOfPackets']",0.7,0.7301172619047606,0.5435,0.5435,0.05434999999999905,0.5435,0.921,0.5398333333333323,0.16194999999999912,0.5398437224176713,0.994,0.5532999999999975,0.27664999999999873,0.5490419444039617,1.0,0.5561500000000033,0.5561500000000033,0.5525115122318109,1.0,1,1.0,0.1,1.0,1,0.6666666666666666,0.2,0.7653606369886217,1,0.6,0.3,0.6992148198508501,1,0.7,0.7,0.7264127302306637
TelecomTS,A-Twitch-No-No@17883072768:364-1141,train,Co-Channel Interference (Mild),0,18,9,"['RSRP', 'RX_Bytes', 'UL_NPRB', 'UL_SNR', 'DL_NumberOfPackets', 'UL_MCS', 'TX_Bytes', 'DL_BLER', 'UL_NumberOfPackets']","['DL_BLER', 'PRB_Utilization_DL', 'PRB_Utilization_UL', 'RSRP', 'RX_Bytes', 'TX_Bytes', 'UL_BLER', 'UL_NPRB', 'UL_SNR']",0.6666666666666666,0.6966555555555551,0.4975,0.4975,0.05527777777777884,0.4975,0.898,0.4896666666666679,0.16322222222222244,0.4909721729279834,0.984,0.49030000000000035,0.27238888888888696,0.4908894268149031,1.0,0.49549999999999955,0.5505555555555552,0.5280112389426909,1.0,1,1.0,0.1111111111111111,1.0,1,1.0,0.3333333333333333,1.0,1,0.8,0.4444444444444444,0.8687949224876582,1,0.6,0.6666666666666666,0.754591294660747
TelecomTS,A-Twitch-No-No@17883075744:117-222,train,High Network Congestion (Sudden Spike),0,18,10,"['RSRP', 'UL_MCS', 'DL_Protocol', 'UL_NPRB', 'UL_SNR', 'RX_Bytes', 'UL_BLER', 'UL_NumberOfPackets', 'PRBs_DL_Current', 'DL_BLER']","['DL_BLER', 'DL_NumberOfPackets', 'Estimated_UL_Buffer', 'PRB_Utilization_DL', 'PRB_Utilization_UL', 'RX_Bytes', 'TX_Bytes', 'UL_BLER', 'UL_NPRB', 'UL_NumberOfPackets']",0.5,0.7301172619047606,0.5435,0.5435,0.05434999999999905,0.5435,0.921,0.5398333333333323,0.16194999999999912,0.5398437224176713,0.994,0.5532999999999975,0.27664999999999873,0.5490419444039617,1.0,0.5561500000000033,0.5561500000000033,0.5525115122318109,0.25,0,0.0,0.0,0.0,0,0.0,0.0,0.0,1,0.2,0.1,0.14606834984270645,1,0.5,0.5,0.37960256558331507
TelecomTS,A-Twitch-No-No@17883075744:293-333,train,Faulty Handover Algorithm (Too Frequent),0,18,9,"['RSRP', 'UL_SNR', 'UL_NPRB', 'RX_Bytes', 'DL_MCS', 'UL_BLER', 'DL_BLER', 'UL_NumberOfPackets', 'TX_Bytes']","['DL_BLER', 'DL_NumberOfPackets', 'Estimated_UL_Buffer', 'RSRP', 'RX_Bytes', 'TX_Bytes', 'UL_BLER', 'UL_NumberOfPackets', 'UL_SNR']",0.7777777777777778,0.6889103174603175,0.4845,0.4845,0.05383333333333436,0.4845,0.8875,0.4890000000000008,0.16300000000000042,0.48815917178429014,0.9835,0.4962000000000004,0.2756666666666647,0.49347984406801465,1.0,0.5019499999999998,0.5577222222222226,0.5325252299787008,1.0,1,1.0,0.1111111111111111,1.0,1,0.6666666666666666,0.2222222222222222,0.7653606369886217,1,0.6,0.3333333333333333,0.6992148198508501,1,0.8,0.8888888888888888,0.8594925955920691
TelecomTS,A-Twitch-No-No@17883075744:450-699,train,High Network Congestion (Gradual Buildup),0,18,10,"['RSRP', 'UL_NPRB', 'UL_MCS', 'UL_BLER', 'RX_Bytes', 'UL_NumberOfPackets', 'Estimated_UL_Buffer', 'UL_SNR', 'DL_BLER', 'DL_Protocol']","['DL_BLER', 'DL_NumberOfPackets', 'Estimated_UL_Buffer', 'PRB_Utilization_DL', 'PRB_Utilization_UL', 'RX_Bytes', 'TX_Bytes', 'UL_BLER', 'UL_NPRB', 'UL_NumberOfPackets']",0.6,0.7301172619047606,0.5435,0.5435,0.05434999999999905,0.5435,0.921,0.5398333333333323,0.16194999999999912,0.5398437224176713,0.994,0.5532999999999975,0.27664999999999873,0.5490419444039617,1.0,0.5561500000000033,0.5561500000000033,0.5525115122318109,0.5,0,0.0,0.0,0.0,1,0.3333333333333333,0.1,0.2960819109658652,1,0.6,0.3,0.4912596920895758,1,0.6,0.6,0.5368103404171507
TelecomTS,B-Youtube-No-No@18149187296:120-163,train,High Network Congestion (Sudden Spike),0,18,10,"['UL_SNR', 'RSRP', 'UL_NPRB', 'RX_Bytes', 'Estimated_UL_Buffer', 'DL_BLER', 'PRBs_DL_Current', 'TX_Bytes', 'DL_Protocol', 'DL_NumberOfPackets']","['DL_BLER', 'DL_NumberOfPackets', 'Estimated_UL_Buffer', 'PRB_Utilization_DL', 'PRB_Utilization_UL', 'RX_Bytes', 'TX_Bytes', 'UL_BLER', 'UL_NPRB', 'UL_NumberOfPackets']",0.6,0.7301172619047606,0.5435,0.5435,0.05434999999999905,0.5435,0.921,0.5398333333333323,0.16194999999999912,0.5398437224176713,0.994,0.5532999999999975,0.27664999999999873,0.5490419444039617,1.0,0.5561500000000033,0.5561500000000033,0.5525115122318109,0.3333333333333333,0,0.0,0.0,0.0,1,0.3333333333333333,0.1,0.23463936301137822,1,0.6,0.3,0.4468535299918563,1,0.6,0.6,0.5014276442746162
TelecomTS,B-Youtube-No-No@18149189664:123-158,train,High Network Congestion (Sudden Spike),0,18,10,"['RSRP', 'UL_NPRB', 'UL_SNR', 'DL_BLER', 'RX_Bytes', 'Estimated_UL_Buffer', 'UL_BLER', 'UL_NumberOfPackets', 'DL_Protocol', 'DL_NumberOfPackets']","['DL_BLER', 'DL_NumberOfPackets', 'Estimated_UL_Buffer', 'PRB_Utilization_DL', 'PRB_Utilization_UL', 'RX_Bytes', 'TX_Bytes', 'UL_BLER', 'UL_NPRB', 'UL_NumberOfPackets']",0.7,0.7301172619047606,0.5435,0.5435,0.05434999999999905,0.5435,0.921,0.5398333333333323,0.16194999999999912,0.5398437224176713,0.994,0.5532999999999975,0.27664999999999873,0.5490419444039617,1.0,0.5561500000000033,0.5561500000000033,0.5525115122318109,0.5,0,0.0,0.0,0.0,1,0.3333333333333333,0.1,0.2960819109658652,1,0.6,0.3,0.4912596920895758,1,0.7,0.7,0.6036081270984908
TelecomTS,C-File-No-No@20501856064:117-151,train,Resource Allocation Bugs,0,18,9,"['RSRP', 'UL_BLER', 'UL_NPRB', 'TX_Bytes', 'UL_NumberOfPackets', 'RX_Bytes', 'DL_NumberOfPackets', 'DL_BLER', 'Estimated_UL_Buffer']","['DL_BLER', 'PRB_Utilization_DL', 'PRB_Utilization_UL', 'PRBs_DL_Current', 'PRBs_UL_Current', 'RX_Bytes', 'TX_Bytes', 'UL_BLER', 'UL_NPRB']",0.5555555555555556,0.698077182539682,0.4995,0.4995,0.055500000000001076,0.4995,0.8945,0.4923333333333332,0.16411111111111162,0.49356433674991496,0.9875,0.4937999999999999,0.27433333333333154,0.4941356385408359,1.0,0.49530000000000013,0.550333333333332,0.5285822748173552,0.5,0,0.0,0.0,0.0,1,0.6666666666666666,0.2222222222222222,0.5307212739772434,1,0.6,0.3333333333333333,0.5296347172140421,1,0.5,0.5555555555555556,0.5249221427739599
TelecomTS,C-File-No-No@20501856064:248-461,train,Antenna Failure,0,18,13,"['RSRP', 'RX_Bytes', 'UL_NPRB', 'UL_NumberOfPackets', 'DL_NumberOfPackets', 'UL_SNR', 'TX_Bytes', 'Estimated_UL_Buffer', 'DL_BLER', 'PRB_Utilization_UL', 'DL_Protocol', 'PRB_Utilization_DL', 'UL_BLER']","['DL_BLER', 'DL_MCS', 'DL_NumberOfPackets', 'Estimated_UL_Buffer', 'PRBs_DL_Current', 'PRBs_UL_Current', 'RSRP', 'RX_Bytes', 'TX_Bytes', 'UL_BLER', 'UL_MCS', 'UL_NumberOfPackets', 'UL_SNR']",0.6923076923076923,0.8420583333333324,0.7085,0.7085,0.05450000000000159,0.7085,0.9875,0.7191666666666693,0.16596153846153688,0.7175445233152257,0.9995,0.722299999999986,0.2778076923076925,0.7203446350108549,1.0,0.7229000000000003,0.5560769230769264,0.7214779728703148,1.0,1,1.0,0.07692307692307693,1.0,1,0.6666666666666666,0.15384615384615385,0.7653606369886217,1,0.8,0.3076923076923077,0.830419897363192,1,0.8,0.6153846153846154,0.8263333286520083
TelecomTS,A-File-No-No@20858689856:123-164,train,Resource Allocation Bugs,0,18,9,"['RX_Bytes', 'RSRP', 'Estimated_UL_Buffer', 'UL_NPRB', 'DL_BLER', 'TX_Bytes', 'DL_NumberOfPackets', 'UL_SNR', 'UL_NumberOfPackets']","['DL_BLER', 'PRB_Utilization_DL', 'PRB_Utilization_UL', 'PRBs_DL_Current', 'PRBs_UL_Current', 'RX_Bytes', 'TX_Bytes', 'UL_BLER', 'UL_NPRB']",0.4444444444444444,0.698077182539682,0.4995,0.4995,0.055500000000001076,0.4995,0.8945,0.4923333333333332,0.16411111111111162,0.49356433674991496,0.9875,0.4937999999999999,0.27433333333333154,0.4941356385408359,1.0,0.49530000000000013,0.550333333333332,0.5285822748173552,1.0,1,1.0,0.1111111111111111,1.0,1,0.3333333333333333,0.1111111111111111,0.46927872602275644,1,0.6,0.3333333333333333,0.6164336326286644,1,0.4,0.4444444444444444,0.5109271022449579
TelecomTS,A-File-No-No@20858689856:352-808,train,High Network Congestion (Gradual Buildup),0,18,10,"['RX_Bytes', 'Estimated_UL_Buffer', 'RSRP', 'TX_Bytes', 'UL_NumberOfPackets', 'UL_NPRB', 'DL_BLER', 'PRBs_DL_Current', 'UL_BLER', 'DL_NumberOfPackets']","['DL_BLER', 'DL_NumberOfPackets', 'Estimated_UL_Buffer', 'PRB_Utilization_DL', 'PRB_Utilization_UL', 'RX_Bytes', 'TX_Bytes', 'UL_BLER', 'UL_NPRB', 'UL_NumberOfPackets']",0.8,0.7301172619047606,0.5435,0.5435,0.05434999999999905,0.5435,0.921,0.5398333333333323,0.16194999999999912,0.5398437224176713,0.994,0.5532999999999975,0.27664999999999873,0.5490419444039617,1.0,0.5561500000000033,0.5561500000000033,0.5525115122318109,1.0,1,1.0,0.1,1.0,1,0.6666666666666666,0.2,0.7653606369886217,1,0.8,0.4,0.830419897363192,1,0.8,0.8,0.8205228949141826
TelecomTS,C-File-No-No@20501857952:107-524,eval,Antenna Failure,0,18,13,"['UL_BLER', 'RSRP', 'PRB_Utilization_UL', 'UL_NumberOfPackets', 'UL_NPRB', 'DL_BLER', 'PRB_Utilization_DL', 'UL_SNR', 'Estimated_UL_Buffer', 'RX_Bytes', 'DL_NumberOfPackets', 'UL_MCS', 'TX_Bytes']","['DL_BLER', 'DL_MCS', 'DL_NumberOfPackets', 'Estimated_UL_Buffer', 'PRBs_DL_Current', 'PRBs_UL_Current', 'RSRP', 'RX_Bytes', 'TX_Bytes', 'UL_BLER', 'UL_MCS', 'UL_NumberOfPackets', 'UL_SNR']",0.7692307692307693,0.8420583333333324,0.7085,0.7085,0.05450000000000159,0.7085,0.9875,0.7191666666666693,0.16596153846153688,0.7175445233152257,0.9995,0.722299999999986,0.2778076923076925,0.7203446350108549,1.0,0.7229000000000003,0.5560769230769264,0.7214779728703148,1.0,1,1.0,0.07692307692307693,1.0,1,0.6666666666666666,0.15384615384615385,0.7653606369886217,1,0.6,0.23076923076923078,0.6992148198508501,1,0.7,0.5384615384615384,0.7314470771099789
TelecomTS,B-File-No-No@20798215936:113-172,eval,Antenna Failure,0,18,13,"['RSRP', 'TX_Bytes', 'RX_Bytes', 'UL_SNR', 'UL_NPRB', 'DL_BLER', 'PRB_Utilization_DL', 'PRBs_DL_Current', 'DL_MCS', 'DL_Protocol', 'PRBs_UL_Current', 'PRB_Utilization_UL', 'UL_BLER']","['DL_BLER', 'DL_MCS', 'DL_NumberOfPackets', 'Estimated_UL_Buffer', 'PRBs_DL_Current', 'PRBs_UL_Current', 'RSRP', 'RX_Bytes', 'TX_Bytes', 'UL_BLER', 'UL_MCS', 'UL_NumberOfPackets', 'UL_SNR']",0.6923076923076923,0.8420583333333324,0.7085,0.7085,0.05450000000000159,0.7085,0.9875,0.7191666666666693,0.16596153846153688,0.7175445233152257,0.9995,0.722299999999986,0.2778076923076925,0.7203446350108549,1.0,0.7229000000000003,0.5560769230769264,0.7214779728703148,1.0,1,1.0,0.07692307692307693,1.0,1,1.0,0.23076923076923078,1.0,1,0.8,0.3076923076923077,0.8687949224876582,1,0.7,0.5384615384615384,0.7778721720600673
TelecomTS,B-Twitch-No-No@19606758016:103-346,eval,Buffer Overflow (Gradual Buildup),0,18,10,"['UL_NPRB', 'RSRP', 'RX_Bytes', 'PRB_Utilization_DL', 'UL_MCS', 'UL_SNR', 'TX_Bytes', 'PRB_Utilization_UL', 'DL_BLER', 'DL_Protocol']","['DL_BLER', 'DL_NumberOfPackets', 'Estimated_UL_Buffer', 'PRB_Utilization_DL', 'PRB_Utilization_UL', 'RX_Bytes', 'TX_Bytes', 'UL_BLER', 'UL_NPRB', 'UL_NumberOfPackets']",0.6,0.7301172619047606,0.5435,0.5435,0.05434999999999905,0.5435,0.921,0.5398333333333323,0.16194999999999912,0.5398437224176713,0.994,0.5532999999999975,0.27664999999999873,0.5490419444039617,1.0,0.5561500000000033,0.5561500000000033,0.5525115122318109,1.0,1,1.0,0.1,1.0,1,0.6666666666666666,0.2,0.7039180890341347,1,0.6,0.3,0.6548086577531307,1,0.6,0.6,0.6339753813071974
TelecomTS,C-File-No-No@20501863328:109-147,eval,Buffer Overflow (Gradual Buildup),0,18,10,"['RSRP', 'RX_Bytes', 'UL_NPRB', 'TX_Bytes', 'UL_BLER', 'DL_NumberOfPackets', 'UL_SNR', 'UL_MCS', 'UL_NumberOfPackets', 'DL_BLER']","['DL_BLER', 'DL_NumberOfPackets', 'Estimated_UL_Buffer', 'PRB_Utilization_DL', 'PRB_Utilization_UL', 'RX_Bytes', 'TX_Bytes', 'UL_BLER', 'UL_NPRB', 'UL_NumberOfPackets']",0.7,0.7301172619047606,0.5435,0.5435,0.05434999999999905,0.5435,0.921,0.5398333333333323,0.16194999999999912,0.5398437224176713,0.994,0.5532999999999975,0.27664999999999873,0.5490419444039617,1.0,0.5561500000000033,0.5561500000000033,0.5525115122318109,0.5,0,0.0,0.0,0.0,1,0.6666666666666666,0.2,0.5307212739772434,1,0.8,0.4,0.6608397947263839,1,0.7,0.7,0.6371130896657825
TelecomTS,C-Youtube-No-No@19068484832:122-711,eval,Co-Channel Interference (Mild),0,18,9,"['RSRP', 'DL_BLER', 'UL_NPRB', 'RX_Bytes', 'Estimated_UL_Buffer', 'UL_BLER', 'UL_SNR', 'PRB_Utilization_DL', 'DL_Protocol']","['DL_BLER', 'PRB_Utilization_DL', 'PRB_Utilization_UL', 'RSRP', 'RX_Bytes', 'TX_Bytes', 'UL_BLER', 'UL_NPRB', 'UL_SNR']",0.7777777777777778,0.6966555555555551,0.4975,0.4975,0.05527777777777884,0.4975,0.898,0.4896666666666679,0.16322222222222244,0.4909721729279834,0.984,0.49030000000000035,0.27238888888888696,0.4908894268149031,1.0,0.49549999999999955,0.5505555555555552,0.5280112389426909,1.0,1,1.0,0.1111111111111111,1.0,1,1.0,0.3333333333333333,1.0,1,0.8,0.4444444444444444,0.8687949224876582,1,0.7,0.7777777777777778,0.8383162086599405
TelecomTS,B-File-No-No@20798213088:111-395,eval,Co-Channel Interference (Severe),0,18,11,"['UL_BLER', 'RSRP', 'RX_Bytes', 'DL_NumberOfPackets', 'UL_NumberOfPackets', 'PRB_Utilization_DL', 'PRB_Utilization_UL', 'UL_SNR', 'PRBs_UL_Current', 'Estimated_UL_Buffer', 'DL_BLER']","['DL_BLER', 'DL_NumberOfPackets', 'PRB_Utilization_DL', 'PRB_Utilization_UL', 'RSRP', 'RX_Bytes', 'TX_Bytes', 'UL_BLER', 'UL_NPRB', 'UL_NumberOfPackets', 'UL_SNR']",0.8181818181818182,0.7670130952380939,0.592,0.592,0.053818181818182834,0.592,0.9535,0.5944999999999994,0.16213636363636355,0.5936061888526992,0.9985,0.6036999999999954,0.2744090909090886,0.600045516857955,1.0,0.609450000000004,0.5540454545454532,0.6055705759222735,1.0,1,1.0,0.09090909090909091,1.0,1,1.0,0.2727272727272727,1.0,1,1.0,0.45454545454545453,1.0,1,0.8,0.7272727272727273,0.8701249883466593
TelecomTS,B-File-No-No@20798213088:417-552,eval,Faulty Handover Algorithm (Too Frequent),0,18,9,"['RSRP', 'TX_Bytes', 'DL_BLER', 'UL_SNR', 'RX_Bytes', 'UL_BLER', 'UL_NPRB', 'PRB_Utilization_DL', 'PRB_Utilization_UL']","['DL_BLER', 'DL_NumberOfPackets', 'Estimated_UL_Buffer', 'RSRP', 'RX_Bytes', 'TX_Bytes', 'UL_BLER', 'UL_NumberOfPackets', 'UL_SNR']",0.6666666666666666,0.6889103174603175,0.4845,0.4845,0.05383333333333436,0.4845,0.8875,0.4890000000000008,0.16300000000000042,0.48815917178429014,0.9835,0.4962000000000004,0.2756666666666647,0.49347984406801465,1.0,0.5019499999999998,0.5577222222222226,0.5325252299787008,1.0,1,1.0,0.1111111111111111,1.0,1,1.0,0.3333333333333333,1.0,1,1.0,0.5555555555555556,1.0,1,0.7,0.7777777777777778,0.8446905084406404
TelecomTS,B-File-No-No@20798213088:623-859,eval,Doppler Shift (Severe),0,18,7,"['TX_Bytes', 'RSRP', 'RX_Bytes', 'UL_NPRB', 'UL_SNR', 'UL_NumberOfPackets', 'DL_NumberOfPackets']","['DL_MCS', 'RSRP', 'RX_Bytes', 'TX_Bytes', 'UL_MCS', 'UL_NPRB', 'UL_SNR']",0.7142857142857143,0.6094630952380968,0.39,0.39,0.05571428571428534,0.39,0.792,0.3938333333333351,0.16878571428571473,0.39337422070213024,0.9445,0.3896000000000009,0.2782857142857171,0.3905336009660107,1.0,0.3878499999999939,0.554071428571427,0.485875484517331,1.0,1,1.0,0.14285714285714285,1.0,1,1.0,0.42857142857142855,1.0,1,1.0,0.7142857142857143,1.0,1,0.5,0.7142857142857143,0.8104616303452685
TelecomTS,C-File-No-No@20501864576:124-290,eval,Doppler Shift (Severe),0,18,7,"['RSRP', 'RX_Bytes', 'UL_NPRB', 'DL_NumberOfPackets', 'UL_NumberOfPackets', 'DL_BLER', 'UL_MCS']","['DL_MCS', 'RSRP', 'RX_Bytes', 'TX_Bytes', 'UL_MCS', 'UL_NPRB', 'UL_SNR']",0.5714285714285714,0.6094630952380968,0.39,0.39,0.05571428571428534,0.39,0.792,0.3938333333333351,0.16878571428571473,0.39337422070213024,0.9445,0.3896000000000009,0.2782857142857171,0.3905336009660107,1.0,0.3878499999999939,0.554071428571427,0.485875484517331,1.0,1,1.0,0.14285714285714285,1.0,1,1.0,0.42857142857142855,1.0,1,0.6,0.42857142857142855,0.7227265726449519,1,0.6,0.8571428571428571,0.8468274504638792
TelecomTS,C-File-No-No@20501862400:102-357,eval,Faulty Handover Algorithm (Too Frequent),0,18,9,"['DL_BLER', 'RSRP', 'RX_Bytes', 'UL_SNR', 'PRB_Utilization_UL', 'UL_NPRB', 'TX_Bytes', 'PRBs_UL_Current', 'PRB_Utilization_DL']","['DL_BLER', 'DL_NumberOfPackets', 'Estimated_UL_Buffer', 'RSRP', 'RX_Bytes', 'TX_Bytes', 'UL_BLER', 'UL_NumberOfPackets', 'UL_SNR']",0.5555555555555556,0.6889103174603175,0.4845,0.4845,0.05383333333333436,0.4845,0.8875,0.4890000000000008,0.16300000000000042,0.48815917178429014,0.9835,0.4962000000000004,0.2756666666666647,0.49347984406801465,1.0,0.5019499999999998,0.5577222222222226,0.5325252299787008,1.0,1,1.0,0.1111111111111111,1.0,1,1.0,0.3333333333333333,1.0,1,0.8,0.4444444444444444,0.8687949224876582,1,0.6,0.6666666666666666,0.7483860802939633
TelecomTS,B-File-No-No@20798211456:122-156,eval,Faulty RF Filters (Temporal),0,18,9,"['RX_Bytes', 'RSRP', 'TX_Bytes', 'UL_SNR', 'UL_NPRB', 'UL_NumberOfPackets', 'UL_MCS', 'DL_BLER', 'DL_NumberOfPackets']","['DL_BLER', 'PRB_Utilization_DL', 'PRB_Utilization_UL', 'RSRP', 'RX_Bytes', 'TX_Bytes', 'UL_BLER', 'UL_NPRB', 'UL_SNR']",0.6666666666666666,0.6966555555555551,0.4975,0.4975,0.05527777777777884,0.4975,0.898,0.4896666666666679,0.16322222222222244,0.4909721729279834,0.984,0.49030000000000035,0.27238888888888696,0.4908894268149031,1.0,0.49549999999999955,0.5505555555555552,0.5280112389426909,1.0,1,1.0,0.1111111111111111,1.0,1,1.0,0.3333333333333333,1.0,1,1.0,0.5555555555555556,1.0,1,0.7,0.7777777777777778,0.8351142097265214
TelecomTS,B-File-No-No@20798211456:281-337,eval,Faulty Handover Algorithm (Too Frequent),0,18,9,"['RX_Bytes', 'RSRP', 'UL_SNR', 'UL_NPRB', 'TX_Bytes', 'DL_BLER', 'UL_MCS', 'PRB_Utilization_UL', 'DL_Protocol']","['DL_BLER', 'DL_NumberOfPackets', 'Estimated_UL_Buffer', 'RSRP', 'RX_Bytes', 'TX_Bytes', 'UL_BLER', 'UL_NumberOfPackets', 'UL_SNR']",0.5555555555555556,0.6889103174603175,0.4845,0.4845,0.05383333333333436,0.4845,0.8875,0.4890000000000008,0.16300000000000042,0.48815917178429014,0.9835,0.4962000000000004,0.2756666666666647,0.49347984406801465,1.0,0.5019499999999998,0.5577222222222226,0.5325252299787008,1.0,1,1.0,0.1111111111111111,1.0,1,1.0,0.3333333333333333,1.0,1,0.8,0.4444444444444444,0.8539316501572937,1,0.6,0.6666666666666666,0.7434619002283404
TelecomTS,B-File-No-No@20798211456:516-737,eval,Co-Channel Interference (Mild),0,18,9,"['RX_Bytes', 'TX_Bytes', 'RSRP', 'UL_SNR', 'UL_NPRB', 'DL_NumberOfPackets', 'UL_NumberOfPackets', 'UL_MCS', 'DL_BLER']","['DL_BLER', 'PRB_Utilization_DL', 'PRB_Utilization_UL', 'RSRP', 'RX_Bytes', 'TX_Bytes', 'UL_BLER', 'UL_NPRB', 'UL_SNR']",0.6666666666666666,0.6966555555555551,0.4975,0.4975,0.05527777777777884,0.4975,0.898,0.4896666666666679,0.16322222222222244,0.4909721729279834,0.984,0.49030000000000035,0.27238888888888696,0.4908894268149031,1.0,0.49549999999999955,0.5505555555555552,0.5280112389426909,1.0,1,1.0,0.1111111111111111,1.0,1,1.0,0.3333333333333333,1.0,1,1.0,0.5555555555555556,1.0,1,0.7,0.7777777777777778,0.8317213551625274
TelecomTS,C-Youtube-No-No@19068480640:97-324,eval,High Network Congestion (Gradual Buildup),0,18,10,"['UL_SNR', 'RX_Bytes', 'RSRP', 'DL_MCS', 'UL_NPRB', 'TX_Bytes', 'DL_BLER', 'PRB_Utilization_UL', 'UL_BLER', 'Estimated_UL_Buffer']","['DL_BLER', 'DL_NumberOfPackets', 'Estimated_UL_Buffer', 'PRB_Utilization_DL', 'PRB_Utilization_UL', 'RX_Bytes', 'TX_Bytes', 'UL_BLER', 'UL_NPRB', 'UL_NumberOfPackets']",0.7,0.7301172619047606,0.5435,0.5435,0.05434999999999905,0.5435,0.921,0.5398333333333323,0.16194999999999912,0.5398437224176713,0.994,0.5532999999999975,0.27664999999999873,0.5490419444039617,1.0,0.5561500000000033,0.5561500000000033,0.5525115122318109,0.5,0,0.0,0.0,0.0,1,0.3333333333333333,0.1,0.2960819109658652,1,0.4,0.2,0.34519134224686937,1,0.7,0.7,0.5750739861833288
TelecomTS,C-Youtube-No-No@19068483424:109-176,eval,High Network Congestion (Sudden Spike),0,18,10,"['RX_Bytes', 'UL_SNR', 'RSRP', 'DL_BLER', 'UL_NPRB', 'PRB_Utilization_DL', 'TX_Bytes', 'UL_MCS', 'UL_BLER', 'DL_NumberOfPackets']","['DL_BLER', 'DL_NumberOfPackets', 'Estimated_UL_Buffer', 'PRB_Utilization_DL', 'PRB_Utilization_UL', 'RX_Bytes', 'TX_Bytes', 'UL_BLER', 'UL_NPRB', 'UL_NumberOfPackets']",0.7,0.7301172619047606,0.5435,0.5435,0.05434999999999905,0.5435,0.921,0.5398333333333323,0.16194999999999912,0.5398437224176713,0.994,0.5532999999999975,0.27664999999999873,0.5490419444039617,1.0,0.5561500000000033,0.5561500000000033,0.5525115122318109,1.0,1,1.0,0.1,1.0,1,0.3333333333333333,0.1,0.46927872602275644,1,0.6,0.3,0.6164336326286644,1,0.7,0.7,0.681660451040628
TelecomTS,C-Youtube-No-No@19068483424:194-628,eval,Co-Channel Interference (Mild),0,18,9,"['RSRP', 'RX_Bytes', 'DL_BLER', 'UL_NPRB', 'DL_MCS', 'Estimated_UL_Buffer', 'UL_BLER', 'UL_SNR', 'DL_NumberOfPackets']","['DL_BLER', 'PRB_Utilization_DL', 'PRB_Utilization_UL', 'RSRP', 'RX_Bytes', 'TX_Bytes', 'UL_BLER', 'UL_NPRB', 'UL_SNR']",0.6666666666666666,0.6966555555555551,0.4975,0.4975,0.05527777777777884,0.4975,0.898,0.4896666666666679,0.16322222222222244,0.4909721729279834,0.984,0.49030000000000035,0.27238888888888696,0.4908894268149031,1.0,0.49549999999999955,0.5505555555555552,0.5280112389426909,1.0,1,1.0,0.1111111111111111,1.0,1,1.0,0.3333333333333333,1.0,1,0.8,0.4444444444444444,0.8687949224876582,1,0.7,0.7777777777777778,0.8225346955790378
TelecomTS,C-Youtube-No-No@19068483424:786-832,eval,Co-Channel Interference (Severe),0,18,11,"['RSRP', 'UL_NPRB', 'PRB_Utilization_DL', 'Estimated_UL_Buffer', 'RX_Bytes', 'UL_SNR', 'UL_BLER', 'DL_BLER', 'DL_NumberOfPackets', 'DL_Protocol', 'TX_Bytes']","['DL_BLER', 'DL_NumberOfPackets', 'PRB_Utilization_DL', 'PRB_Utilization_UL', 'RSRP', 'RX_Bytes', 'TX_Bytes', 'UL_BLER', 'UL_NPRB', 'UL_NumberOfPackets', 'UL_SNR']",0.8181818181818182,0.7670130952380939,0.592,0.592,0.053818181818182834,0.592,0.9535,0.5944999999999994,0.16213636363636355,0.5936061888526992,0.9985,0.6036999999999954,0.2744090909090886,0.600045516857955,1.0,0.609450000000004,0.5540454545454532,0.6055705759222735,1.0,1,1.0,0.09090909090909091,1.0,1,1.0,0.2727272727272727,1.0,1,0.8,0.36363636363636365,0.8539316501572937,1,0.8,0.7272727272727273,0.8415908474314976
TelecomTS,C-Youtube-No-No@19068483424:1046-1205,eval,Antenna Failure,0,18,13,"['RSRP', 'UL_NPRB', 'UL_SNR', 'DL_BLER', 'Estimated_UL_Buffer', 'RX_Bytes', 'DL_Protocol', 'PRB_Utilization_UL', 'TX_Bytes', 'DL_NumberOfPackets', 'UL_BLER', 'PRBs_UL_Current', 'UL_NumberOfPackets']","['DL_BLER', 'DL_MCS', 'DL_NumberOfPackets', 'Estimated_UL_Buffer', 'PRBs_DL_Current', 'PRBs_UL_Current', 'RSRP', 'RX_Bytes', 'TX_Bytes', 'UL_BLER', 'UL_MCS', 'UL_NumberOfPackets', 'UL_SNR']",0.7692307692307693,0.8420583333333324,0.7085,0.7085,0.05450000000000159,0.7085,0.9875,0.7191666666666693,0.16596153846153688,0.7175445233152257,0.9995,0.722299999999986,0.2778076923076925,0.7203446350108549,1.0,0.7229000000000003,0.5560769230769264,0.7214779728703148,1.0,1,1.0,0.07692307692307693,1.0,1,0.6666666666666666,0.15384615384615385,0.7039180890341347,1,0.8,0.3076923076923077,0.7860137352654724,1,0.7,0.5384615384615384,0.7183424120903081
TelecomTS,A-File-No-No@20858691072:109-133,eval,Resource Allocation Bugs,0,18,9,"['UL_BLER', 'RX_Bytes', 'RSRP', 'UL_NPRB', 'TX_Bytes', 'UL_SNR', 'PRB_Utilization_DL', 'UL_NumberOfPackets', 'DL_BLER']","['DL_BLER', 'PRB_Utilization_DL', 'PRB_Utilization_UL', 'PRBs_DL_Current', 'PRBs_UL_Current', 'RX_Bytes', 'TX_Bytes', 'UL_BLER', 'UL_NPRB']",0.6666666666666666,0.698077182539682,0.4995,0.4995,0.055500000000001076,0.4995,0.8945,0.4923333333333332,0.16411111111111162,0.49356433674991496,0.9875,0.4937999999999999,0.27433333333333154,0.4941356385408359,1.0,0.49530000000000013,0.550333333333332,0.5285822748173552,1.0,1,1.0,0.1111111111111111,1.0,1,0.6666666666666666,0.2222222222222222,0.7653606369886217,1,0.8,0.4444444444444444,0.830419897363192,1,0.7,0.7777777777777778,0.79254709692678
TelecomTS,A-File-No-No@20858688000:46-98,calib,Antenna Failure,0,18,13,"['RSRP', 'RX_Bytes', 'UL_NPRB', 'TX_Bytes', 'UL_SNR', 'DL_NumberOfPackets', 'UL_NumberOfPackets', 'DL_BLER', 'PRBs_DL_Current', 'PRB_Utilization_DL', 'DL_Protocol', 'UL_BLER', 'Estimated_UL_Buffer']","['DL_BLER', 'DL_MCS', 'DL_NumberOfPackets', 'Estimated_UL_Buffer', 'PRBs_DL_Current', 'PRBs_UL_Current', 'RSRP', 'RX_Bytes', 'TX_Bytes', 'UL_BLER', 'UL_MCS', 'UL_NumberOfPackets', 'UL_SNR']",0.7692307692307693,0.8420583333333324,0.7085,0.7085,0.05450000000000159,0.7085,0.9875,0.7191666666666693,0.16596153846153688,0.7175445233152257,0.9995,0.722299999999986,0.2778076923076925,0.7203446350108549,1.0,0.7229000000000003,0.5560769230769264,0.7214779728703148,1.0,1,1.0,0.07692307692307693,1.0,1,0.6666666666666666,0.15384615384615385,0.7653606369886217,1,0.8,0.3076923076923077,0.830419897363192,1,0.8,0.6153846153846154,0.8263333286520083
TelecomTS,C-Twitch-No-No@21227619232:105-170,calib,Antenna Failure,0,18,13,"['RSRP', 'RX_Bytes', 'UL_SNR', 'Estimated_UL_Buffer', 'UL_NPRB', 'PRBs_DL_Current', 'UL_MCS', 'UL_NumberOfPackets', 'DL_NumberOfPackets', 'TX_Bytes', 'DL_Protocol', 'DL_BLER', 'UL_Protocol']","['DL_BLER', 'DL_MCS', 'DL_NumberOfPackets', 'Estimated_UL_Buffer', 'PRBs_DL_Current', 'PRBs_UL_Current', 'RSRP', 'RX_Bytes', 'TX_Bytes', 'UL_BLER', 'UL_MCS', 'UL_NumberOfPackets', 'UL_SNR']",0.7692307692307693,0.8420583333333324,0.7085,0.7085,0.05450000000000159,0.7085,0.9875,0.7191666666666693,0.16596153846153688,0.7175445233152257,0.9995,0.722299999999986,0.2778076923076925,0.7203446350108549,1.0,0.7229000000000003,0.5560769230769264,0.7214779728703148,1.0,1,1.0,0.07692307692307693,1.0,1,1.0,0.23076923076923078,1.0,1,0.8,0.3076923076923077,0.8687949224876582,1,0.9,0.6923076923076923,0.914856882358379
TelecomTS,B-File-No-No@20798217504:110-145,calib,Buffer Overflow (Gradual Buildup),0,18,10,"['RX_Bytes', 'TX_Bytes', 'RSRP', 'UL_NumberOfPackets', 'UL_NPRB', 'DL_BLER', 'PRBs_DL_Current', 'UL_SNR', 'DL_Protocol', 'UL_MCS']","['DL_BLER', 'DL_NumberOfPackets', 'Estimated_UL_Buffer', 'PRB_Utilization_DL', 'PRB_Utilization_UL', 'RX_Bytes', 'TX_Bytes', 'UL_BLER', 'UL_NPRB', 'UL_NumberOfPackets']",0.5,0.7301172619047606,0.5435,0.5435,0.05434999999999905,0.5435,0.921,0.5398333333333323,0.16194999999999912,0.5398437224176713,0.994,0.5532999999999975,0.27664999999999873,0.5490419444039617,1.0,0.5561500000000033,0.5561500000000033,0.5525115122318109,1.0,1,1.0,0.1,1.0,1,0.6666666666666666,0.2,0.7653606369886217,1,0.8,0.4,0.830419897363192,1,0.5,0.5,0.6172839611614819
TelecomTS,C-Twitch-No-No@21227620640:123-503,calib,Buffer Overflow (Gradual Buildup),0,18,10,"['RSRP', 'RX_Bytes', 'UL_SNR', 'UL_NPRB', 'PRBs_DL_Current', 'DL_NumberOfPackets', 'UL_NumberOfPackets', 'PRB_Utilization_UL', 'TX_Bytes', 'PRB_Utilization_DL']","['DL_BLER', 'DL_NumberOfPackets', 'Estimated_UL_Buffer', 'PRB_Utilization_DL', 'PRB_Utilization_UL', 'RX_Bytes', 'TX_Bytes', 'UL_BLER', 'UL_NPRB', 'UL_NumberOfPackets']",0.7,0.7301172619047606,0.5435,0.5435,0.05434999999999905,0.5435,0.921,0.5398333333333323,0.16194999999999912,0.5398437224176713,0.994,0.5532999999999975,0.27664999999999873,0.5490419444039617,1.0,0.5561500000000033,0.5561500000000033,0.5525115122318109,0.5,0,0.0,0.0,0.0,1,0.3333333333333333,0.1,0.2960819109658652,1,0.4,0.2,0.36005461457723403,1,0.7,0.7,0.5847192329112588
TelecomTS,C-Twitch-No-No@21227622720:126-311,calib,Buffer Overflow (Gradual Buildup),0,18,10,"['UL_SNR', 'RSRP', 'DL_BLER', 'DL_MCS', 'UL_NPRB', 'RX_Bytes', 'UL_BLER', 'UL_MCS', 'PRBs_DL_Current', 'TX_Bytes']","['DL_BLER', 'DL_NumberOfPackets', 'Estimated_UL_Buffer', 'PRB_Utilization_DL', 'PRB_Utilization_UL', 'RX_Bytes', 'TX_Bytes', 'UL_BLER', 'UL_NPRB', 'UL_NumberOfPackets']",0.5,0.7301172619047606,0.5435,0.5435,0.05434999999999905,0.5435,0.921,0.5398333333333323,0.16194999999999912,0.5398437224176713,0.994,0.5532999999999975,0.27664999999999873,0.5490419444039617,1.0,0.5561500000000033,0.5561500000000033,0.5525115122318109,0.3333333333333333,0,0.0,0.0,0.0,1,0.3333333333333333,0.1,0.23463936301137822,1,0.4,0.2,0.30078518014914984,1,0.5,0.5,0.4105719800676481
TelecomTS,C-File-No-No@20501865024:104-341,calib,Co-Channel Interference (Mild),0,18,9,"['RSRP', 'RX_Bytes', 'UL_NPRB', 'TX_Bytes', 'UL_SNR', 'UL_MCS', 'PRBs_DL_Current', 'DL_BLER', 'DL_Protocol']","['DL_BLER', 'PRB_Utilization_DL', 'PRB_Utilization_UL', 'RSRP', 'RX_Bytes', 'TX_Bytes', 'UL_BLER', 'UL_NPRB', 'UL_SNR']",0.6666666666666666,0.6966555555555551,0.4975,0.4975,0.05527777777777884,0.4975,0.898,0.4896666666666679,0.16322222222222244,0.4909721729279834,0.984,0.49030000000000035,0.27238888888888696,0.4908894268149031,1.0,0.49549999999999955,0.5505555555555552,0.5280112389426909,1.0,1,1.0,0.1111111111111111,1.0,1,1.0,0.3333333333333333,1.0,1,1.0,0.5555555555555556,1.0,1,0.7,0.7777777777777778,0.8351142097265214
TelecomTS,C-Twitch-No-No@21227619712:125-479,calib,Co-Channel Interference (Mild),0,18,9,"['RX_Bytes', 'RSRP', 'UL_SNR', 'Estimated_UL_Buffer', 'UL_NPRB', 'PRBs_DL_Current', 'UL_NumberOfPackets', 'UL_MCS', 'DL_NumberOfPackets']","['DL_BLER', 'PRB_Utilization_DL', 'PRB_Utilization_UL', 'RSRP', 'RX_Bytes', 'TX_Bytes', 'UL_BLER', 'UL_NPRB', 'UL_SNR']",0.4444444444444444,0.6966555555555551,0.4975,0.4975,0.05527777777777884,0.4975,0.898,0.4896666666666679,0.16322222222222244,0.4909721729279834,0.984,0.49030000000000035,0.27238888888888696,0.4908894268149031,1.0,0.49549999999999955,0.5505555555555552,0.5280112389426909,1.0,1,1.0,0.1111111111111111,1.0,1,1.0,0.3333333333333333,1.0,1,0.8,0.4444444444444444,0.8539316501572937,1,0.5,0.5555555555555556,0.6597369862291467
TelecomTS,A-File-No-No@20858697664:115-319,calib,Co-Channel Interference (Severe),0,18,11,"['RSRP', 'RX_Bytes', 'TX_Bytes', 'UL_NPRB', 'UL_SNR', 'DL_BLER', 'DL_Protocol', 'UL_MCS', 'PRBs_DL_Current', 'UL_BLER', 'DL_NumberOfPackets']","['DL_BLER', 'DL_NumberOfPackets', 'PRB_Utilization_DL', 'PRB_Utilization_UL', 'RSRP', 'RX_Bytes', 'TX_Bytes', 'UL_BLER', 'UL_NPRB', 'UL_NumberOfPackets', 'UL_SNR']",0.7272727272727273,0.7670130952380939,0.592,0.592,0.053818181818182834,0.592,0.9535,0.5944999999999994,0.16213636363636355,0.5936061888526992,0.9985,0.6036999999999954,0.2744090909090886,0.600045516857955,1.0,0.609450000000004,0.5540454545454532,0.6055705759222735,1.0,1,1.0,0.09090909090909091,1.0,1,1.0,0.2727272727272727,1.0,1,1.0,0.45454545454545453,1.0,1,0.7,0.6363636363636364,0.7909506325094737
TelecomTS,C-Twitch-No-No@21227621280:105-240,calib,Co-Channel Interference (Severe),0,18,11,"['RSRP', 'RX_Bytes', 'UL_SNR', 'DL_BLER', 'UL_NPRB', 'PRBs_DL_Current', 'PRB_Utilization_UL', 'UL_NumberOfPackets', 'DL_NumberOfPackets', 'TX_Bytes', 'UL_MCS']","['DL_BLER', 'DL_NumberOfPackets', 'PRB_Utilization_DL', 'PRB_Utilization_UL', 'RSRP', 'RX_Bytes', 'TX_Bytes', 'UL_BLER', 'UL_NPRB', 'UL_NumberOfPackets', 'UL_SNR']",0.8181818181818182,0.7670130952380939,0.592,0.592,0.053818181818182834,0.592,0.9535,0.5944999999999994,0.16213636363636355,0.5936061888526992,0.9985,0.6036999999999954,0.2744090909090886,0.600045516857955,1.0,0.609450000000004,0.5540454545454532,0.6055705759222735,1.0,1,1.0,0.09090909090909091,1.0,1,1.0,0.2727272727272727,1.0,1,1.0,0.45454545454545453,1.0,1,0.9,0.8181818181818182,0.9216017310213247
TelecomTS,A-File-No-No@20858692928:114-548,calib,Doppler Shift (Severe),0,18,7,"['RSRP', 'TX_Bytes', 'RX_Bytes', 'UL_NPRB', 'UL_NumberOfPackets', 'DL_BLER', 'UL_SNR']","['DL_MCS', 'RSRP', 'RX_Bytes', 'TX_Bytes', 'UL_MCS', 'UL_NPRB', 'UL_SNR']",0.7142857142857143,0.6094630952380968,0.39,0.39,0.05571428571428534,0.39,0.792,0.3938333333333351,0.16878571428571473,0.39337422070213024,0.9445,0.3896000000000009,0.2782857142857171,0.3905336009660107,1.0,0.3878499999999939,0.554071428571427,0.485875484517331,1.0,1,1.0,0.14285714285714285,1.0,1,1.0,0.42857142857142855,1.0,1,0.8,0.5714285714285714,0.8687949224876582,1,0.6,0.8571428571428571,0.8784964149251223
TelecomTS,C-Twitch-No-No@21227618080:99-143,calib,Doppler Shift (Severe),0,18,7,"['UL_SNR', 'RSRP', 'Estimated_UL_Buffer', 'UL_NPRB', 'UL_BLER', 'RX_Bytes', 'DL_NumberOfPackets']","['DL_MCS', 'RSRP', 'RX_Bytes', 'TX_Bytes', 'UL_MCS', 'UL_NPRB', 'UL_SNR']",0.5714285714285714,0.6094630952380968,0.39,0.39,0.05571428571428534,0.39,0.792,0.3938333333333351,0.16878571428571473,0.39337422070213024,0.9445,0.3896000000000009,0.2782857142857171,0.3905336009660107,1.0,0.3878499999999939,0.554071428571427,0.485875484517331,1.0,1,1.0,0.14285714285714285,1.0,1,0.6666666666666666,0.2857142857142857,0.7653606369886217,1,0.6,0.42857142857142855,0.6992148198508501,1,0.5,0.7142857142857143,0.7513135367019809
TelecomTS,C-Twitch-No-No@21227618080:180-262,calib,High Network Congestion (Sudden Spike),0,18,10,"['UL_SNR', 'RSRP', 'UL_NPRB', 'Estimated_UL_Buffer', 'DL_BLER', 'UL_BLER', 'RX_Bytes', 'DL_NumberOfPackets', 'TX_Bytes', 'PRB_Utilization_DL']","['DL_BLER', 'DL_NumberOfPackets', 'Estimated_UL_Buffer', 'PRB_Utilization_DL', 'PRB_Utilization_UL', 'RX_Bytes', 'TX_Bytes', 'UL_BLER', 'UL_NPRB', 'UL_NumberOfPackets']",0.8,0.7301172619047606,0.5435,0.5435,0.05434999999999905,0.5435,0.921,0.5398333333333323,0.16194999999999912,0.5398437224176713,0.994,0.5532999999999975,0.27664999999999873,0.5490419444039617,1.0,0.5561500000000033,0.5561500000000033,0.5525115122318109,0.3333333333333333,0,0.0,0.0,0.0,1,0.3333333333333333,0.1,0.23463936301137822,1,0.6,0.3,0.4468535299918563,1,0.8,0.8,0.6410457898283652
TelecomTS,C-File-No-No@20501864096:96-100,calib,Faulty Handover Algorithm (Too Frequent),0,18,9,"['RSRP', 'TX_Bytes', 'UL_SNR', 'RX_Bytes', 'UL_NPRB', 'UL_NumberOfPackets', 'UL_BLER', 'PRB_Utilization_UL', 'DL_BLER']","['DL_BLER', 'DL_NumberOfPackets', 'Estimated_UL_Buffer', 'RSRP', 'RX_Bytes', 'TX_Bytes', 'UL_BLER', 'UL_NumberOfPackets', 'UL_SNR']",0.7777777777777778,0.6889103174603175,0.4845,0.4845,0.05383333333333436,0.4845,0.8875,0.4890000000000008,0.16300000000000042,0.48815917178429014,0.9835,0.4962000000000004,0.2756666666666647,0.49347984406801465,1.0,0.5019499999999998,0.5577222222222226,0.5325252299787008,1.0,1,1.0,0.1111111111111111,1.0,1,1.0,0.3333333333333333,1.0,1,0.8,0.4444444444444444,0.8687949224876582,1,0.7,0.7777777777777778,0.8349233540959466
TelecomTS,B-File-No-No@20798215040:115-289,calib,Faulty RF Filters (Temporal),0,18,9,"['TX_Bytes', 'RX_Bytes', 'RSRP', 'UL_NPRB', 'DL_NumberOfPackets', 'UL_SNR', 'UL_NumberOfPackets', 'PRBs_DL_Current', 'DL_BLER']","['DL_BLER', 'PRB_Utilization_DL', 'PRB_Utilization_UL', 'RSRP', 'RX_Bytes', 'TX_Bytes', 'UL_BLER', 'UL_NPRB', 'UL_SNR']",0.6666666666666666,0.6966555555555551,0.4975,0.4975,0.05527777777777884,0.4975,0.898,0.4896666666666679,0.16322222222222244,0.4909721729279834,0.984,0.49030000000000035,0.27238888888888696,0.4908894268149031,1.0,0.49549999999999955,0.5505555555555552,0.5280112389426909,1.0,1,1.0,0.1111111111111111,1.0,1,1.0,0.3333333333333333,1.0,1,0.8,0.4444444444444444,0.8687949224876582,1,0.7,0.7777777777777778,0.8245182385427422
TelecomTS,A-File-No-No@20858688576:108-247,calib,Faulty RF Filters (Temporal),0,18,9,"['RX_Bytes', 'RSRP', 'UL_NPRB', 'TX_Bytes', 'UL_NumberOfPackets', 'UL_SNR', 'UL_MCS', 'PRBs_DL_Current', 'DL_BLER']","['DL_BLER', 'PRB_Utilization_DL', 'PRB_Utilization_UL', 'RSRP', 'RX_Bytes', 'TX_Bytes', 'UL_BLER', 'UL_NPRB', 'UL_SNR']",0.6666666666666666,0.6966555555555551,0.4975,0.4975,0.05527777777777884,0.4975,0.898,0.4896666666666679,0.16322222222222244,0.4909721729279834,0.984,0.49030000000000035,0.27238888888888696,0.4908894268149031,1.0,0.49549999999999955,0.5505555555555552,0.5280112389426909,1.0,1,1.0,0.1111111111111111,1.0,1,1.0,0.3333333333333333,1.0,1,0.8,0.4444444444444444,0.8687949224876582,1,0.7,0.7777777777777778,0.8245182385427422
TelecomTS,B-Twitch-No-No@19606761696:106-287,calib,High Network Congestion (Gradual Buildup),0,18,10,"['UL_BLER', 'UL_NPRB', 'RSRP', 'RX_Bytes', 'UL_SNR', 'PRB_Utilization_DL', 'DL_NumberOfPackets', 'TX_Bytes', 'DL_BLER', 'UL_MCS']","['DL_BLER', 'DL_NumberOfPackets', 'Estimated_UL_Buffer', 'PRB_Utilization_DL', 'PRB_Utilization_UL', 'RX_Bytes', 'TX_Bytes', 'UL_BLER', 'UL_NPRB', 'UL_NumberOfPackets']",0.7,0.7301172619047606,0.5435,0.5435,0.05434999999999905,0.5435,0.921,0.5398333333333323,0.16194999999999912,0.5398437224176713,0.994,0.5532999999999975,0.27664999999999873,0.5490419444039617,1.0,0.5561500000000033,0.5561500000000033,0.5525115122318109,1.0,1,1.0,0.1,1.0,1,0.6666666666666666,0.2,0.7653606369886217,1,0.6,0.3,0.6992148198508501,1,0.7,0.7,0.7411902110103873
TelecomTS,B-File-No-No@20798216608:113-182,calib,High Network Congestion (Gradual Buildup),0,18,10,"['TX_Bytes', 'RSRP', 'RX_Bytes', 'UL_NPRB', 'UL_BLER', 'UL_SNR', 'UL_NumberOfPackets', 'PRBs_DL_Current', 'DL_BLER', 'UL_MCS']","['DL_BLER', 'DL_NumberOfPackets', 'Estimated_UL_Buffer', 'PRB_Utilization_DL', 'PRB_Utilization_UL', 'RX_Bytes', 'TX_Bytes', 'UL_BLER', 'UL_NPRB', 'UL_NumberOfPackets']",0.6,0.7301172619047606,0.5435,0.5435,0.05434999999999905,0.5435,0.921,0.5398333333333323,0.16194999999999912,0.5398437224176713,0.994,0.5532999999999975,0.27664999999999873,0.5490419444039617,1.0,0.5561500000000033,0.5561500000000033,0.5525115122318109,1.0,1,1.0,0.1,1.0,1,0.6666666666666666,0.2,0.7039180890341347,1,0.8,0.4,0.7860137352654724,1,0.6,0.6,0.6496872770120411
TelecomTS,B-File-No-No@20798216608:385-402,calib,Faulty RF Filters (Temporal),0,18,9,"['TX_Bytes', 'RX_Bytes', 'RSRP', 'UL_NumberOfPackets', 'UL_NPRB', 'DL_BLER', 'UL_SNR', 'PRB_Utilization_DL', 'DL_Protocol']","['DL_BLER', 'PRB_Utilization_DL', 'PRB_Utilization_UL', 'RSRP', 'RX_Bytes', 'TX_Bytes', 'UL_BLER', 'UL_NPRB', 'UL_SNR']",0.7777777777777778,0.6966555555555551,0.4975,0.4975,0.05527777777777884,0.4975,0.898,0.4896666666666679,0.16322222222222244,0.4909721729279834,0.984,0.49030000000000035,0.27238888888888696,0.4908894268149031,1.0,0.49549999999999955,0.5505555555555552,0.5280112389426909,1.0,1,1.0,0.1111111111111111,1.0,1,1.0,0.3333333333333333,1.0,1,0.8,0.4444444444444444,0.8539316501572937,1,0.7,0.7777777777777778,0.8280156310666192
TelecomTS,B-File-No-No@20798216608:443-540,calib,Co-Channel Interference (Mild),0,18,9,"['TX_Bytes', 'RX_Bytes', 'RSRP', 'UL_NPRB', 'UL_SNR', 'DL_BLER', 'PRBs_DL_Current', 'DL_Protocol', 'UL_BLER']","['DL_BLER', 'PRB_Utilization_DL', 'PRB_Utilization_UL', 'RSRP', 'RX_Bytes', 'TX_Bytes', 'UL_BLER', 'UL_NPRB', 'UL_SNR']",0.7777777777777778,0.6966555555555551,0.4975,0.4975,0.05527777777777884,0.4975,0.898,0.4896666666666679,0.16322222222222244,0.4909721729279834,0.984,0.49030000000000035,0.27238888888888696,0.4908894268149031,1.0,0.49549999999999955,0.5505555555555552,0.5280112389426909,1.0,1,1.0,0.1111111111111111,1.0,1,1.0,0.3333333333333333,1.0,1,1.0,0.5555555555555556,1.0,1,0.7,0.7777777777777778,0.8475028682434302
TelecomTS,B-Twitch-No-No@19606760640:102-257,calib,High Network Congestion (Sudden Spike),0,18,10,"['UL_NPRB', 'RSRP', 'RX_Bytes', 'UL_SNR', 'UL_BLER', 'UL_MCS', 'DL_BLER', 'Estimated_UL_Buffer', 'PRB_Utilization_DL', 'PRBs_UL_Current']","['DL_BLER', 'DL_NumberOfPackets', 'Estimated_UL_Buffer', 'PRB_Utilization_DL', 'PRB_Utilization_UL', 'RX_Bytes', 'TX_Bytes', 'UL_BLER', 'UL_NPRB', 'UL_NumberOfPackets']",0.6,0.7301172619047606,0.5435,0.5435,0.05434999999999905,0.5435,0.921,0.5398333333333323,0.16194999999999912,0.5398437224176713,0.994,0.5532999999999975,0.27664999999999873,0.5490419444039617,1.0,0.5561500000000033,0.5561500000000033,0.5525115122318109,1.0,1,1.0,0.1,1.0,1,0.6666666666666666,0.2,0.7039180890341347,1,0.6,0.3,0.639945385422766,1,0.6,0.6,0.6243301345792677
TelecomTS,B-Twitch-No-No@19606760640:369-447,calib,Co-Channel Interference (Severe),0,18,11,"['UL_NPRB', 'RSRP', 'RX_Bytes', 'UL_SNR', 'PRB_Utilization_DL', 'UL_MCS', 'DL_BLER', 'DL_Protocol', 'Estimated_UL_Buffer', 'TX_Bytes', 'UL_BLER']","['DL_BLER', 'DL_NumberOfPackets', 'PRB_Utilization_DL', 'PRB_Utilization_UL', 'RSRP', 'RX_Bytes', 'TX_Bytes', 'UL_BLER', 'UL_NPRB', 'UL_NumberOfPackets', 'UL_SNR']",0.7272727272727273,0.7670130952380939,0.592,0.592,0.053818181818182834,0.592,0.9535,0.5944999999999994,0.16213636363636355,0.5936061888526992,0.9985,0.6036999999999954,0.2744090909090886,0.600045516857955,1.0,0.609450000000004,0.5540454545454532,0.6055705759222735,1.0,1,1.0,0.09090909090909091,1.0,1,1.0,0.2727272727272727,1.0,1,1.0,0.45454545454545453,1.0,1,0.7,0.6363636363636364,0.7859162856301584
TelecomTS,C-File-No-No@20501859680:122-235,calib,High Network Congestion (Sudden Spike),0,18,10,"['RSRP', 'RX_Bytes', 'UL_NPRB', 'TX_Bytes', 'DL_NumberOfPackets', 'UL_SNR', 'UL_MCS', 'DL_BLER', 'UL_BLER', 'UL_NumberOfPackets']","['DL_BLER', 'DL_NumberOfPackets', 'Estimated_UL_Buffer', 'PRB_Utilization_DL', 'PRB_Utilization_UL', 'RX_Bytes', 'TX_Bytes', 'UL_BLER', 'UL_NPRB', 'UL_NumberOfPackets']",0.7,0.7301172619047606,0.5435,0.5435,0.05434999999999905,0.5435,0.921,0.5398333333333323,0.16194999999999912,0.5398437224176713,0.994,0.5532999999999975,0.27664999999999873,0.5490419444039617,1.0,0.5561500000000033,0.5561500000000033,0.5525115122318109,0.5,0,0.0,0.0,0.0,1,0.6666666666666666,0.2,0.5307212739772434,1,0.8,0.4,0.6608397947263839,1,0.7,0.7,0.6281460426238844
TelecomTS,C-File-No-No@20501859680:424-673,calib,Faulty RF Filters (Temporal),0,18,9,"['RSRP', 'RX_Bytes', 'UL_NPRB', 'TX_Bytes', 'UL_SNR', 'Estimated_UL_Buffer', 'UL_NumberOfPackets', 'UL_MCS', 'DL_Protocol']","['DL_BLER', 'PRB_Utilization_DL', 'PRB_Utilization_UL', 'RSRP', 'RX_Bytes', 'TX_Bytes', 'UL_BLER', 'UL_NPRB', 'UL_SNR']",0.5555555555555556,0.6966555555555551,0.4975,0.4975,0.05527777777777884,0.4975,0.898,0.4896666666666679,0.16322222222222244,0.4909721729279834,0.984,0.49030000000000035,0.27238888888888696,0.4908894268149031,1.0,0.49549999999999955,0.5505555555555552,0.5280112389426909,1.0,1,1.0,0.1111111111111111,1.0,1,1.0,0.3333333333333333,1.0,1,1.0,0.5555555555555556,1.0,1,0.6,0.6666666666666666,0.7609655944414468
TelecomTS,C-File-No-No@20501859680:798-1139,calib,Buffer Overflow (Gradual Buildup),0,18,10,"['RSRP', 'RX_Bytes', 'TX_Bytes', 'UL_NPRB', 'UL_MCS', 'UL_SNR', 'DL_NumberOfPackets', 'DL_Protocol', 'DL_BLER', 'PRB_Utilization_UL']","['DL_BLER', 'DL_NumberOfPackets', 'Estimated_UL_Buffer', 'PRB_Utilization_DL', 'PRB_Utilization_UL', 'RX_Bytes', 'TX_Bytes', 'UL_BLER', 'UL_NPRB', 'UL_NumberOfPackets']",0.6,0.7301172619047606,0.5435,0.5435,0.05434999999999905,0.5435,0.921,0.5398333333333323,0.16194999999999912,0.5398437224176713,0.994,0.5532999999999975,0.27664999999999873,0.5490419444039617,1.0,0.5561500000000033,0.5561500000000033,0.5525115122318109,0.5,0,0.0,0.0,0.0,1,0.6666666666666666,0.2,0.5307212739772434,1,0.6,0.3,0.5296347172140421,1,0.6,0.6,0.5469356251448461
TelecomTS,C-Twitch-No-No@21227617344:118-557,calib,Resource Allocation Bugs,0,18,9,"['RSRP', 'RX_Bytes', 'UL_SNR', 'UL_NPRB', 'Estimated_UL_Buffer', 'PRBs_DL_Current', 'UL_MCS', 'UL_NumberOfPackets', 'DL_NumberOfPackets']","['DL_BLER', 'PRB_Utilization_DL', 'PRB_Utilization_UL', 'PRBs_DL_Current', 'PRBs_UL_Current', 'RX_Bytes', 'TX_Bytes', 'UL_BLER', 'UL_NPRB']",0.3333333333333333,0.698077182539682,0.4995,0.4995,0.055500000000001076,0.4995,0.8945,0.4923333333333332,0.16411111111111162,0.49356433674991496,0.9875,0.4937999999999999,0.27433333333333154,0.4941356385408359,1.0,0.49530000000000013,0.550333333333332,0.5285822748173552,0.5,0,0.0,0.0,0.0,1,0.3333333333333333,0.1111111111111111,0.2960819109658652,1,0.4,0.2222222222222222,0.36005461457723403,1,0.4,0.4444444444444444,0.4011941536999335
TelecomTS,A-Youtube-No-No@17695587520:112-170,train,Antenna Failure,1,18,13,"['UL_SNR', 'RSRP', 'UL_NPRB', 'RX_Bytes', 'PRBs_UL_Current', 'Estimated_UL_Buffer', 'DL_MCS', 'UL_MCS', 'DL_BLER', 'DL_NumberOfPackets', 'TX_Bytes', 'PRB_Utilization_UL', 'DL_Protocol']","['DL_BLER', 'DL_MCS', 'DL_NumberOfPackets', 'Estimated_UL_Buffer', 'PRBs_DL_Current', 'PRBs_UL_Current', 'RSRP', 'RX_Bytes', 'TX_Bytes', 'UL_BLER', 'UL_MCS', 'UL_NumberOfPackets', 'UL_SNR']",0.7692307692307693,0.8383166666666652,0.7065,0.7065,0.05434615384615543,0.7065,0.986,0.7123333333333366,0.16438461538461394,0.7115892696199696,1.0,0.7185999999999866,0.27638461538461523,0.7159760330822089,1.0,0.7207999999999999,0.5544615384615419,0.7184739765047488,1.0,1,1.0,0.07692307692307693,1.0,1,0.6666666666666666,0.15384615384615385,0.7653606369886217,1,0.8,0.3076923076923077,0.830419897363192,1,0.9,0.6923076923076923,0.8899541168509599
TelecomTS,A-Twitch-No-No@17883074560:115-219,train,Antenna Failure,1,18,13,"['UL_BLER', 'RSRP', 'Estimated_UL_Buffer', 'RX_Bytes', 'UL_NPRB', 'DL_Protocol', 'UL_MCS', 'UL_NumberOfPackets', 'DL_BLER', 'UL_SNR', 'TX_Bytes', 'PRB_Utilization_UL', 'PRB_Utilization_DL']","['DL_BLER', 'DL_MCS', 'DL_NumberOfPackets', 'Estimated_UL_Buffer', 'PRBs_DL_Current', 'PRBs_UL_Current', 'RSRP', 'RX_Bytes', 'TX_Bytes', 'UL_BLER', 'UL_MCS', 'UL_NumberOfPackets', 'UL_SNR']",0.6923076923076923,0.8383166666666652,0.7065,0.7065,0.05434615384615543,0.7065,0.986,0.7123333333333366,0.16438461538461394,0.7115892696199696,1.0,0.7185999999999866,0.27638461538461523,0.7159760330822089,1.0,0.7207999999999999,0.5544615384615419,0.7184739765047488,1.0,1,1.0,0.07692307692307693,1.0,1,1.0,0.23076923076923078,1.0,1,0.8,0.3076923076923077,0.8687949224876582,1,0.8,0.6153846153846154,0.8364586133797037
TelecomTS,A-Twitch-No-No@17883078368:113-280,train,Antenna Failure,1,18,13,"['RSRP', 'UL_NPRB', 'RX_Bytes', 'UL_SNR', 'DL_Protocol', 'UL_BLER', 'UL_NumberOfPackets', 'PRB_Utilization_UL', 'TX_Bytes', 'DL_BLER', 'PRBs_UL_Current', 'UL_Protocol', 'UL_MCS']","['DL_BLER', 'DL_MCS', 'DL_NumberOfPackets', 'Estimated_UL_Buffer', 'PRBs_DL_Current', 'PRBs_UL_Current', 'RSRP', 'RX_Bytes', 'TX_Bytes', 'UL_BLER', 'UL_MCS', 'UL_NumberOfPackets', 'UL_SNR']",0.6923076923076923,0.8383166666666652,0.7065,0.7065,0.05434615384615543,0.7065,0.986,0.7123333333333366,0.16438461538461394,0.7115892696199696,1.0,0.7185999999999866,0.27638461538461523,0.7159760330822089,1.0,0.7207999999999999,0.5544615384615419,0.7184739765047488,1.0,1,1.0,0.07692307692307693,1.0,1,0.6666666666666666,0.15384615384615385,0.7039180890341347,1,0.6,0.23076923076923078,0.6548086577531307,1,0.7,0.5384615384615384,0.7065632165480471
TelecomTS,A-Twitch-No-No@17883080160:123-336,train,Antenna Failure,1,18,13,"['RSRP', 'UL_Protocol', 'UL_NPRB', 'UL_SNR', 'RX_Bytes', 'UL_MCS', 'DL_BLER', 'DL_Protocol', 'UL_NumberOfPackets', 'TX_Bytes', 'PRB_Utilization_UL', 'UL_BLER', 'DL_NumberOfPackets']","['DL_BLER', 'DL_MCS', 'DL_NumberOfPackets', 'Estimated_UL_Buffer', 'PRBs_DL_Current', 'PRBs_UL_Current', 'RSRP', 'RX_Bytes', 'TX_Bytes', 'UL_BLER', 'UL_MCS', 'UL_NumberOfPackets', 'UL_SNR']",0.6923076923076923,0.8383166666666652,0.7065,0.7065,0.05434615384615543,0.7065,0.986,0.7123333333333366,0.16438461538461394,0.7115892696199696,1.0,0.7185999999999866,0.27638461538461523,0.7159760330822089,1.0,0.7207999999999999,0.5544615384615419,0.7184739765047488,1.0,1,1.0,0.07692307692307693,1.0,1,0.3333333333333333,0.07692307692307693,0.46927872602275644,1,0.6,0.23076923076923078,0.6164336326286644,1,0.7,0.5384615384615384,0.681660451040628
TelecomTS,C-File-No-No@20501856960:108-331,train,Antenna Failure,1,18,13,"['RSRP', 'RX_Bytes', 'UL_NPRB', 'TX_Bytes', 'Estimated_UL_Buffer', 'UL_SNR', 'UL_MCS', 'UL_NumberOfPackets', 'PRBs_DL_Current', 'PRB_Utilization_UL', 'DL_Protocol', 'DL_NumberOfPackets', 'DL_BLER']","['DL_BLER', 'DL_MCS', 'DL_NumberOfPackets', 'Estimated_UL_Buffer', 'PRBs_DL_Current', 'PRBs_UL_Current', 'RSRP', 'RX_Bytes', 'TX_Bytes', 'UL_BLER', 'UL_MCS', 'UL_NumberOfPackets', 'UL_SNR']",0.7692307692307693,0.8383166666666652,0.7065,0.7065,0.05434615384615543,0.7065,0.986,0.7123333333333366,0.16438461538461394,0.7115892696199696,1.0,0.7185999999999866,0.27638461538461523,0.7159760330822089,1.0,0.7207999999999999,0.5544615384615419,0.7184739765047488,1.0,1,1.0,0.07692307692307693,1.0,1,0.6666666666666666,0.15384615384615385,0.7653606369886217,1,0.8,0.3076923076923077,0.830419897363192,1,0.8,0.6153846153846154,0.8263333286520083
TelecomTS,A-Youtube-No-No@17695588128:107-560,train,Buffer Overflow (Gradual Buildup),1,18,10,"['RX_Bytes', 'UL_NPRB', 'UL_SNR', 'DL_BLER', 'RSRP', 'Estimated_UL_Buffer', 'PRB_Utilization_UL', 'UL_BLER', 'UL_NumberOfPackets', 'TX_Bytes']","['DL_BLER', 'DL_NumberOfPackets', 'Estimated_UL_Buffer', 'PRB_Utilization_DL', 'PRB_Utilization_UL', 'RX_Bytes', 'TX_Bytes', 'UL_BLER', 'UL_NPRB', 'UL_NumberOfPackets']",0.8,0.7492690476190472,0.572,0.572,0.05719999999999889,0.572,0.9315,0.5596666666666656,0.16789999999999863,0.5622123777053977,0.991,0.5616999999999982,0.2808499999999991,0.5629791618437581,1.0,0.5581000000000036,0.5581000000000036,0.5600712619425394,1.0,1,1.0,0.1,1.0,1,0.6666666666666666,0.2,0.7653606369886217,1,0.6,0.3,0.6992148198508501,1,0.8,0.8,0.804810999209339
TelecomTS,A-Youtube-No-No@17695588128:602-644,train,Faulty RF Filters (Temporal),1,18,9,"['UL_NPRB', 'UL_SNR', 'RSRP', 'RX_Bytes', 'Estimated_UL_Buffer', 'DL_NumberOfPackets', 'UL_BLER', 'PRB_Utilization_DL', 'DL_Protocol']","['DL_BLER', 'PRB_Utilization_DL', 'PRB_Utilization_UL', 'RSRP', 'RX_Bytes', 'TX_Bytes', 'UL_BLER', 'UL_NPRB', 'UL_SNR']",0.6666666666666666,0.6994071428571421,0.498,0.498,0.0553333333333344,0.498,0.903,0.5001666666666669,0.16672222222222252,0.49924866439377863,0.9875,0.5019000000000002,0.27883333333333166,0.5007047202155078,1.0,0.5039999999999997,0.5600000000000007,0.5367162511071116,1.0,1,1.0,0.1111111111111111,1.0,1,1.0,0.3333333333333333,1.0,1,0.8,0.4444444444444444,0.8687949224876582,1,0.7,0.7777777777777778,0.8225346955790378
TelecomTS,A-Youtube-No-No@17695589952:121-202,train,Buffer Overflow (Gradual Buildup),1,18,10,"['RSRP', 'UL_NPRB', 'RX_Bytes', 'DL_BLER', 'Estimated_UL_Buffer', 'UL_SNR', 'UL_BLER', 'TX_Bytes', 'DL_Protocol', 'DL_NumberOfPackets']","['DL_BLER', 'DL_NumberOfPackets', 'Estimated_UL_Buffer', 'PRB_Utilization_DL', 'PRB_Utilization_UL', 'RX_Bytes', 'TX_Bytes', 'UL_BLER', 'UL_NPRB', 'UL_NumberOfPackets']",0.7,0.7492690476190472,0.572,0.572,0.05719999999999889,0.572,0.9315,0.5596666666666656,0.16789999999999863,0.5622123777053977,0.991,0.5616999999999982,0.2808499999999991,0.5629791618437581,1.0,0.5581000000000036,0.5581000000000036,0.5600712619425394,0.5,0,0.0,0.0,0.0,1,0.6666666666666666,0.2,0.5307212739772434,1,0.8,0.4,0.6608397947263839,1,0.7,0.7,0.6352557412688555
TelecomTS,A-Youtube-No-No@17695589952:297-666,train,Faulty RF Filters (Temporal),1,18,9,"['RSRP', 'UL_NPRB', 'RX_Bytes', 'UL_SNR', 'DL_BLER', 'Estimated_UL_Buffer', 'DL_Protocol', 'UL_BLER', 'DL_NumberOfPackets']","['DL_BLER', 'PRB_Utilization_DL', 'PRB_Utilization_UL', 'RSRP', 'RX_Bytes', 'TX_Bytes', 'UL_BLER', 'UL_NPRB', 'UL_SNR']",0.6666666666666666,0.6994071428571421,0.498,0.498,0.0553333333333344,0.498,0.903,0.5001666666666669,0.16672222222222252,0.49924866439377863,0.9875,0.5019000000000002,0.27883333333333166,0.5007047202155078,1.0,0.5039999999999997,0.5600000000000007,0.5367162511071116,1.0,1,1.0,0.1111111111111111,1.0,1,1.0,0.3333333333333333,1.0,1,1.0,0.5555555555555556,1.0,1,0.6,0.6666666666666666,0.7671708088082307
TelecomTS,A-Youtube-No-No@17695589952:781-964,train,Resource Allocation Bugs,1,18,9,"['UL_NPRB', 'RX_Bytes', 'DL_BLER', 'RSRP', 'UL_SNR', 'Estimated_UL_Buffer', 'DL_Protocol', 'UL_BLER', 'PRB_Utilization_UL']","['DL_BLER', 'PRB_Utilization_DL', 'PRB_Utilization_UL', 'PRBs_DL_Current', 'PRBs_UL_Current', 'RX_Bytes', 'TX_Bytes', 'UL_BLER', 'UL_NPRB']",0.5555555555555556,0.6971285714285702,0.495,0.495,0.05500000000000106,0.495,0.8955,0.49950000000000033,0.16649999999999993,0.4988742207021294,0.9895,0.5017999999999998,0.27877777777777596,0.5007349503321751,1.0,0.5012000000000001,0.5568888888888887,0.534649649306806,1.0,1,1.0,0.1111111111111111,1.0,1,1.0,0.3333333333333333,1.0,1,0.6,0.3333333333333333,0.7227265726449519,1,0.5,0.5555555555555556,0.6457699306980323
TelecomTS,B-Youtube-No-No@18149192640:98-480,train,Buffer Overflow (Gradual Buildup),1,18,10,"['RSRP', 'UL_SNR', 'UL_NPRB', 'DL_MCS', 'RX_Bytes', 'DL_BLER', 'Estimated_UL_Buffer', 'TX_Bytes', 'UL_BLER', 'DL_Protocol']","['DL_BLER', 'DL_NumberOfPackets', 'Estimated_UL_Buffer', 'PRB_Utilization_DL', 'PRB_Utilization_UL', 'RX_Bytes', 'TX_Bytes', 'UL_BLER', 'UL_NPRB', 'UL_NumberOfPackets']",0.6,0.7492690476190472,0.572,0.572,0.05719999999999889,0.572,0.9315,0.5596666666666656,0.16789999999999863,0.5622123777053977,0.991,0.5616999999999982,0.2808499999999991,0.5629791618437581,1.0,0.5581000000000036,0.5581000000000036,0.5600712619425394,0.3333333333333333,0,0.0,0.0,0.0,1,0.3333333333333333,0.1,0.23463936301137822,1,0.4,0.2,0.30078518014914984,1,0.6,0.6,0.4826366372598628
TelecomTS,C-Youtube-No-No@19068481728:122-257,train,Buffer Overflow (Gradual Buildup),1,18,10,"['RSRP', 'UL_NPRB', 'UL_SNR', 'RX_Bytes', 'Estimated_UL_Buffer', 'DL_BLER', 'DL_Protocol', 'DL_NumberOfPackets', 'UL_NumberOfPackets', 'PRBs_DL_Current']","['DL_BLER', 'DL_NumberOfPackets', 'Estimated_UL_Buffer', 'PRB_Utilization_DL', 'PRB_Utilization_UL', 'RX_Bytes', 'TX_Bytes', 'UL_BLER', 'UL_NPRB', 'UL_NumberOfPackets']",0.6,0.7492690476190472,0.572,0.572,0.05719999999999889,0.572,0.9315,0.5596666666666656,0.16789999999999863,0.5622123777053977,0.991,0.5616999999999982,0.2808499999999991,0.5629791618437581,1.0,0.5581000000000036,0.5581000000000036,0.5600712619425394,0.5,0,0.0,0.0,0.0,1,0.3333333333333333,0.1,0.2960819109658652,1,0.6,0.3,0.4912596920895758,1,0.6,0.6,0.532877640254568
TelecomTS,C-Youtube-No-No@19068487456:110-314,train,Buffer Overflow (Gradual Buildup),1,18,10,"['DL_MCS', 'RX_Bytes', 'RSRP', 'TX_Bytes', 'DL_BLER', 'UL_NPRB', 'UL_SNR', 'PRBs_UL_Current', 'Estimated_UL_Buffer', 'UL_BLER']","['DL_BLER', 'DL_NumberOfPackets', 'Estimated_UL_Buffer', 'PRB_Utilization_DL', 'PRB_Utilization_UL', 'RX_Bytes', 'TX_Bytes', 'UL_BLER', 'UL_NPRB', 'UL_NumberOfPackets']",0.6,0.7492690476190472,0.572,0.572,0.05719999999999889,0.572,0.9315,0.5596666666666656,0.16789999999999863,0.5622123777053977,0.991,0.5616999999999982,0.2808499999999991,0.5629791618437581,1.0,0.5581000000000036,0.5581000000000036,0.5600712619425394,0.5,0,0.0,0.0,0.0,1,0.3333333333333333,0.1,0.2960819109658652,1,0.6,0.3,0.4912596920895758,1,0.6,0.6,0.5270672065167423
TelecomTS,C-Youtube-No-No@19068487456:473-594,train,Antenna Failure,1,18,13,"['RSRP', 'UL_NPRB', 'DL_MCS', 'DL_BLER', 'RX_Bytes', 'TX_Bytes', 'Estimated_UL_Buffer', 'UL_BLER', 'PRB_Utilization_UL', 'DL_NumberOfPackets', 'UL_SNR', 'PRB_Utilization_DL', 'PRBs_UL_Current']","['DL_BLER', 'DL_MCS', 'DL_NumberOfPackets', 'Estimated_UL_Buffer', 'PRBs_DL_Current', 'PRBs_UL_Current', 'RSRP', 'RX_Bytes', 'TX_Bytes', 'UL_BLER', 'UL_MCS', 'UL_NumberOfPackets', 'UL_SNR']",0.7692307692307693,0.8383166666666652,0.7065,0.7065,0.05434615384615543,0.7065,0.986,0.7123333333333366,0.16438461538461394,0.7115892696199696,1.0,0.7185999999999866,0.27638461538461523,0.7159760330822089,1.0,0.7207999999999999,0.5544615384615419,0.7184739765047488,1.0,1,1.0,0.07692307692307693,1.0,1,0.6666666666666666,0.15384615384615385,0.7039180890341347,1,0.8,0.3076923076923077,0.7860137352654724,1,0.8,0.6153846153846154,0.7948833326720564
TelecomTS,B-Twitch-No-No@19606755008:98-649,train,Buffer Overflow (Gradual Buildup),1,18,10,"['UL_NPRB', 'RSRP', 'RX_Bytes', 'PRB_Utilization_DL', 'UL_BLER', 'UL_MCS', 'DL_BLER', 'TX_Bytes', 'UL_SNR', 'Estimated_UL_Buffer']","['DL_BLER', 'DL_NumberOfPackets', 'Estimated_UL_Buffer', 'PRB_Utilization_DL', 'PRB_Utilization_UL', 'RX_Bytes', 'TX_Bytes', 'UL_BLER', 'UL_NPRB', 'UL_NumberOfPackets']",0.7,0.7492690476190472,0.572,0.572,0.05719999999999889,0.572,0.9315,0.5596666666666656,0.16789999999999863,0.5622123777053977,0.991,0.5616999999999982,0.2808499999999991,0.5629791618437581,1.0,0.5581000000000036,0.5581000000000036,0.5600712619425394,1.0,1,1.0,0.1,1.0,1,0.6666666666666666,0.2,0.7039180890341347,1,0.8,0.4,0.7860137352654724,1,0.7,0.7,0.716485063693381
TelecomTS,A-Youtube-No-No@17695586816:118-180,train,Co-Channel Interference (Mild),1,18,9,"['UL_NPRB', 'RSRP', 'DL_NumberOfPackets', 'RX_Bytes', 'DL_BLER', 'Estimated_UL_Buffer', 'UL_SNR', 'DL_Protocol', 'UL_BLER']","['DL_BLER', 'PRB_Utilization_DL', 'PRB_Utilization_UL', 'RSRP', 'RX_Bytes', 'TX_Bytes', 'UL_BLER', 'UL_NPRB', 'UL_SNR']",0.6666666666666666,0.6994071428571421,0.498,0.498,0.0553333333333344,0.498,0.903,0.5001666666666669,0.16672222222222252,0.49924866439377863,0.9875,0.5019000000000002,0.27883333333333166,0.5007047202155078,1.0,0.5039999999999997,0.5600000000000007,0.5367162511071116,1.0,1,1.0,0.1111111111111111,1.0,1,0.6666666666666666,0.2222222222222222,0.7653606369886217,1,0.8,0.4444444444444444,0.830419897363192,1,0.6,0.6666666666666666,0.7246036960084893
TelecomTS,A-Youtube-No-No@17695589472:110-302,train,Co-Channel Interference (Mild),1,18,9,"['UL_NPRB', 'RSRP', 'DL_NumberOfPackets', 'RX_Bytes', 'TX_Bytes', 'Estimated_UL_Buffer', 'DL_BLER', 'UL_SNR', 'UL_BLER']","['DL_BLER', 'PRB_Utilization_DL', 'PRB_Utilization_UL', 'RSRP', 'RX_Bytes', 'TX_Bytes', 'UL_BLER', 'UL_NPRB', 'UL_SNR']",0.7777777777777778,0.6994071428571421,0.498,0.498,0.0553333333333344,0.498,0.903,0.5001666666666669,0.16672222222222252,0.49924866439377863,0.9875,0.5019000000000002,0.27883333333333166,0.5007047202155078,1.0,0.5039999999999997,0.5600000000000007,0.5367162511071116,1.0,1,1.0,0.1111111111111111,1.0,1,0.6666666666666666,0.2222222222222222,0.7653606369886217,1,0.8,0.4444444444444444,0.830419897363192,1,0.7,0.7777777777777778,0.7987523112935638
TelecomTS,C-Youtube-No-No@19068482144:118-518,train,Co-Channel Interference (Mild),1,18,9,"['RSRP', 'UL_NPRB', 'UL_SNR', 'RX_Bytes', 'DL_BLER', 'UL_BLER', 'Estimated_UL_Buffer', 'DL_Protocol', 'PRB_Utilization_UL']","['DL_BLER', 'PRB_Utilization_DL', 'PRB_Utilization_UL', 'RSRP', 'RX_Bytes', 'TX_Bytes', 'UL_BLER', 'UL_NPRB', 'UL_SNR']",0.7777777777777778,0.6994071428571421,0.498,0.498,0.0553333333333344,0.498,0.903,0.5001666666666669,0.16672222222222252,0.49924866439377863,0.9875,0.5019000000000002,0.27883333333333166,0.5007047202155078,1.0,0.5039999999999997,0.5600000000000007,0.5367162511071116,1.0,1,1.0,0.1111111111111111,1.0,1,1.0,0.3333333333333333,1.0,1,1.0,0.5555555555555556,1.0,1,0.7,0.7777777777777778,0.8475028682434302
TelecomTS,C-Youtube-No-No@19068482144:680-716,train,Co-Channel Interference (Mild),1,18,9,"['UL_SNR', 'RSRP', 'UL_NPRB', 'RX_Bytes', 'DL_BLER', 'Estimated_UL_Buffer', 'TX_Bytes', 'UL_BLER', 'UL_NumberOfPackets']","['DL_BLER', 'PRB_Utilization_DL', 'PRB_Utilization_UL', 'RSRP', 'RX_Bytes', 'TX_Bytes', 'UL_BLER', 'UL_NPRB', 'UL_SNR']",0.7777777777777778,0.6994071428571421,0.498,0.498,0.0553333333333344,0.498,0.903,0.5001666666666669,0.16672222222222252,0.49924866439377863,0.9875,0.5019000000000002,0.27883333333333166,0.5007047202155078,1.0,0.5039999999999997,0.5600000000000007,0.5367162511071116,1.0,1,1.0,0.1111111111111111,1.0,1,1.0,0.3333333333333333,1.0,1,1.0,0.5555555555555556,1.0,1,0.7,0.7777777777777778,0.8455193252797258
TelecomTS,A-Youtube-No-No@17695584000:43-479,train,Co-Channel Interference (Severe),1,18,11,"['UL_NPRB', 'RSRP', 'Estimated_UL_Buffer', 'RX_Bytes', 'DL_BLER', 'DL_NumberOfPackets', 'UL_BLER', 'DL_Protocol', 'TX_Bytes', 'PRBs_DL_Current', 'UL_SNR']","['DL_BLER', 'DL_NumberOfPackets', 'PRB_Utilization_DL', 'PRB_Utilization_UL', 'RSRP', 'RX_Bytes', 'TX_Bytes', 'UL_BLER', 'UL_NPRB', 'UL_NumberOfPackets', 'UL_SNR']",0.7272727272727273,0.7825130952380935,0.6195,0.6195,0.056318181818182905,0.6195,0.958,0.6096666666666659,0.1662727272727274,0.6113492878320751,0.9965,0.6141999999999939,0.2791818181818154,0.6140177422351251,1.0,0.6134500000000034,0.5576818181818167,0.6135880782992749,1.0,1,1.0,0.09090909090909091,1.0,1,0.6666666666666666,0.18181818181818182,0.7653606369886217,1,0.8,0.36363636363636365,0.830419897363192,1,0.7,0.6363636363636364,0.756902106715231
TelecomTS,A-Youtube-No-No@17695585568:115-346,train,Co-Channel Interference (Severe),1,18,11,"['UL_NPRB', 'RX_Bytes', 'RSRP', 'DL_BLER', 'Estimated_UL_Buffer', 'PRB_Utilization_DL', 'DL_Protocol', 'UL_BLER', 'DL_NumberOfPackets', 'UL_NumberOfPackets', 'PRBs_DL_Current']","['DL_BLER', 'DL_NumberOfPackets', 'PRB_Utilization_DL', 'PRB_Utilization_UL', 'RSRP', 'RX_Bytes', 'TX_Bytes', 'UL_BLER', 'UL_NPRB', 'UL_NumberOfPackets', 'UL_SNR']",0.7272727272727273,0.7825130952380935,0.6195,0.6195,0.056318181818182905,0.6195,0.958,0.6096666666666659,0.1662727272727274,0.6113492878320751,0.9965,0.6141999999999939,0.2791818181818154,0.6140177422351251,1.0,0.6134500000000034,0.5576818181818167,0.6135880782992749,1.0,1,1.0,0.09090909090909091,1.0,1,1.0,0.2727272727272727,1.0,1,0.8,0.36363636363636365,0.8687949224876582,1,0.8,0.7272727272727273,0.841492960259019
TelecomTS,A-Twitch-No-No@17883077216:99-226,train,Co-Channel Interference (Severe),1,18,11,"['RSRP', 'UL_NPRB', 'RX_Bytes', 'UL_NumberOfPackets', 'UL_MCS', 'DL_BLER', 'TX_Bytes', 'UL_SNR', 'DL_Protocol', 'Estimated_UL_Buffer', 'DL_NumberOfPackets']","['DL_BLER', 'DL_NumberOfPackets', 'PRB_Utilization_DL', 'PRB_Utilization_UL', 'RSRP', 'RX_Bytes', 'TX_Bytes', 'UL_BLER', 'UL_NPRB', 'UL_NumberOfPackets', 'UL_SNR']",0.7272727272727273,0.7825130952380935,0.6195,0.6195,0.056318181818182905,0.6195,0.958,0.6096666666666659,0.1662727272727274,0.6113492878320751,0.9965,0.6141999999999939,0.2791818181818154,0.6140177422351251,1.0,0.6134500000000034,0.5576818181818167,0.6135880782992749,1.0,1,1.0,0.09090909090909091,1.0,1,1.0,0.2727272727272727,1.0,1,0.8,0.36363636363636365,0.8687949224876582,1,0.7,0.6363636363636364,0.7849818707050383
TelecomTS,A-Youtube-No-No@17695591904:97-571,train,Doppler Shift (Severe),1,18,7,"['RSRP', 'UL_NPRB', 'RX_Bytes', 'UL_SNR', 'Estimated_UL_Buffer', 'DL_BLER', 'UL_BLER']","['DL_MCS', 'RSRP', 'RX_Bytes', 'TX_Bytes', 'UL_MCS', 'UL_NPRB', 'UL_SNR']",0.5714285714285714,0.5955375000000012,0.366,0.366,0.052285714285714005,0.366,0.7925,0.37950000000000167,0.16264285714285753,0.3766088600651423,0.9415,0.38539999999999935,0.27528571428571685,0.38136279412827734,1.0,0.39019999999999433,0.5574285714285694,0.48241457028434725,1.0,1,1.0,0.14285714285714285,1.0,1,1.0,0.42857142857142855,1.0,1,0.8,0.5714285714285714,0.8687949224876582,1,0.4,0.5714285714285714,0.7041249493150387
TelecomTS,A-Youtube-No-No@17695591904:714-1399,train,Co-Channel Interference (Severe),1,18,11,"['UL_NPRB', 'RSRP', 'RX_Bytes', 'UL_SNR', 'DL_NumberOfPackets', 'Estimated_UL_Buffer', 'DL_BLER', 'DL_Protocol', 'UL_BLER', 'PRBs_DL_Current', 'UL_NumberOfPackets']","['DL_BLER', 'DL_NumberOfPackets', 'PRB_Utilization_DL', 'PRB_Utilization_UL', 'RSRP', 'RX_Bytes', 'TX_Bytes', 'UL_BLER', 'UL_NPRB', 'UL_NumberOfPackets', 'UL_SNR']",0.7272727272727273,0.7825130952380935,0.6195,0.6195,0.056318181818182905,0.6195,0.958,0.6096666666666659,0.1662727272727274,0.6113492878320751,0.9965,0.6141999999999939,0.2791818181818154,0.6140177422351251,1.0,0.6134500000000034,0.5576818181818167,0.6135880782992749,1.0,1,1.0,0.09090909090909091,1.0,1,1.0,0.2727272727272727,1.0,1,1.0,0.45454545454545453,1.0,1,0.7,0.6363636363636364,0.7885497208855957
TelecomTS,A-Youtube-No-No@17695591904:1495-1532,train,Faulty Handover Algorithm (Too Frequent),1,18,9,"['UL_SNR', 'RX_Bytes', 'RSRP', 'UL_NPRB', 'DL_MCS', 'UL_BLER', 'Estimated_UL_Buffer', 'TX_Bytes', 'PRBs_UL_Current']","['DL_BLER', 'DL_NumberOfPackets', 'Estimated_UL_Buffer', 'RSRP', 'RX_Bytes', 'TX_Bytes', 'UL_BLER', 'UL_NumberOfPackets', 'UL_SNR']",0.6666666666666666,0.6999011904761897,0.504,0.504,0.05600000000000109,0.504,0.891,0.49633333333333346,0.16544444444444487,0.4981731968150567,0.983,0.5004,0.2779999999999982,0.5004076817114045,1.0,0.50155,0.557277777777778,0.5353326412672088,1.0,1,1.0,0.1111111111111111,1.0,1,1.0,0.3333333333333333,1.0,1,0.6,0.3333333333333333,0.7227265726449519,1,0.6,0.6666666666666666,0.7370876004476404
TelecomTS,B-Twitch-No-No@19606752128:117-340,train,Doppler Shift (Severe),1,18,7,"['UL_NPRB', 'RSRP', 'RX_Bytes', 'PRB_Utilization_DL', 'TX_Bytes', 'UL_NumberOfPackets', 'DL_Protocol']","['DL_MCS', 'RSRP', 'RX_Bytes', 'TX_Bytes', 'UL_MCS', 'UL_NPRB', 'UL_SNR']",0.5714285714285714,0.5955375000000012,0.366,0.366,0.052285714285714005,0.366,0.7925,0.37950000000000167,0.16264285714285753,0.3766088600651423,0.9415,0.38539999999999935,0.27528571428571685,0.38136279412827734,1.0,0.39019999999999433,0.5574285714285694,0.48241457028434725,1.0,1,1.0,0.14285714285714285,1.0,1,1.0,0.42857142857142855,1.0,1,0.8,0.5714285714285714,0.8539316501572937,1,0.4,0.5714285714285714,0.6920788373899056
TelecomTS,B-Twitch-No-No@19606756000:122-266,train,Doppler Shift (Severe),1,18,7,"['UL_NPRB', 'RSRP', 'RX_Bytes', 'TX_Bytes', 'UL_SNR', 'UL_MCS', 'DL_BLER']","['DL_MCS', 'RSRP', 'RX_Bytes', 'TX_Bytes', 'UL_MCS', 'UL_NPRB', 'UL_SNR']",0.8571428571428571,0.5955375000000012,0.366,0.366,0.052285714285714005,0.366,0.7925,0.37950000000000167,0.16264285714285753,0.3766088600651423,0.9415,0.38539999999999935,0.27528571428571685,0.38136279412827734,1.0,0.39019999999999433,0.5574285714285694,0.48241457028434725,1.0,1,1.0,0.14285714285714285,1.0,1,1.0,0.42857142857142855,1.0,1,1.0,0.7142857142857143,1.0,1,0.6,0.8571428571428571,0.9083745556952364
TelecomTS,C-File-No-No@20501857504:118-181,train,Doppler Shift (Severe),1,18,7,"['UL_BLER', 'PRB_Utilization_UL', 'RSRP', 'UL_NumberOfPackets', 'UL_NPRB', 'Estimated_UL_Buffer', 'RX_Bytes']","['DL_MCS', 'RSRP', 'RX_Bytes', 'TX_Bytes', 'UL_MCS', 'UL_NPRB', 'UL_SNR']",0.42857142857142855,0.5955375000000012,0.366,0.366,0.052285714285714005,0.366,0.7925,0.37950000000000167,0.16264285714285753,0.3766088600651423,0.9415,0.38539999999999935,0.27528571428571685,0.38136279412827734,1.0,0.39019999999999433,0.5574285714285694,0.48241457028434725,0.3333333333333333,0,0.0,0.0,0.0,1,0.3333333333333333,0.14285714285714285,0.23463936301137822,1,0.4,0.2857142857142857,0.30078518014914984,1,0.4,0.5714285714285714,0.4181463130974589
TelecomTS,A-Youtube-No-No@17695591328:125-134,train,Faulty Handover Algorithm (Too Frequent),1,18,9,"['UL_SNR', 'RSRP', 'DL_BLER', 'UL_NPRB', 'RX_Bytes', 'Estimated_UL_Buffer', 'PRB_Utilization_DL', 'PRB_Utilization_UL', 'TX_Bytes']","['DL_BLER', 'DL_NumberOfPackets', 'Estimated_UL_Buffer', 'RSRP', 'RX_Bytes', 'TX_Bytes', 'UL_BLER', 'UL_NumberOfPackets', 'UL_SNR']",0.6666666666666666,0.6999011904761897,0.504,0.504,0.05600000000000109,0.504,0.891,0.49633333333333346,0.16544444444444487,0.4981731968150567,0.983,0.5004,0.2779999999999982,0.5004076817114045,1.0,0.50155,0.557277777777778,0.5353326412672088,1.0,1,1.0,0.1111111111111111,1.0,1,1.0,0.3333333333333333,1.0,1,0.8,0.4444444444444444,0.8539316501572937,1,0.7,0.7777777777777778,0.8142176609494209
TelecomTS,B-Twitch-No-No@19606753888:115-369,train,Faulty Handover Algorithm (Too Frequent),1,18,9,"['UL_NPRB', 'RX_Bytes', 'RSRP', 'UL_SNR', 'TX_Bytes', 'PRB_Utilization_DL', 'DL_BLER', 'Estimated_UL_Buffer', 'DL_Protocol']","['DL_BLER', 'DL_NumberOfPackets', 'Estimated_UL_Buffer', 'RSRP', 'RX_Bytes', 'TX_Bytes', 'UL_BLER', 'UL_NumberOfPackets', 'UL_SNR']",0.6666666666666666,0.6999011904761897,0.504,0.504,0.05600000000000109,0.504,0.891,0.49633333333333346,0.16544444444444487,0.4981731968150567,0.983,0.5004,0.2779999999999982,0.5004076817114045,1.0,0.50155,0.557277777777778,0.5353326412672088,0.5,0,0.0,0.0,0.0,1,0.6666666666666666,0.2222222222222222,0.5307212739772434,1,0.8,0.4444444444444444,0.6608397947263839,1,0.6,0.6666666666666666,0.6104737758652405
TelecomTS,B-Twitch-No-No@19606753888:388-479,train,Doppler Shift (Severe),1,18,7,"['UL_BLER', 'UL_NPRB', 'RSRP', 'UL_SNR', 'RX_Bytes', 'TX_Bytes', 'PRB_Utilization_DL']","['DL_MCS', 'RSRP', 'RX_Bytes', 'TX_Bytes', 'UL_MCS', 'UL_NPRB', 'UL_SNR']",0.7142857142857143,0.5955375000000012,0.366,0.366,0.052285714285714005,0.366,0.7925,0.37950000000000167,0.16264285714285753,0.3766088600651423,0.9415,0.38539999999999935,0.27528571428571685,0.38136279412827734,1.0,0.39019999999999433,0.5574285714285694,0.48241457028434725,0.5,0,0.0,0.0,0.0,1,0.6666666666666666,0.2857142857142857,0.5307212739772434,1,0.8,0.5714285714285714,0.6608397947263839,1,0.6,0.8571428571428571,0.712955302213713
TelecomTS,B-Twitch-No-No@19606756896:100-215,train,Faulty Handover Algorithm (Too Frequent),1,18,9,"['RSRP', 'RX_Bytes', 'UL_NPRB', 'UL_MCS', 'UL_SNR', 'PRB_Utilization_DL', 'DL_BLER', 'UL_BLER', 'DL_Protocol']","['DL_BLER', 'DL_NumberOfPackets', 'Estimated_UL_Buffer', 'RSRP', 'RX_Bytes', 'TX_Bytes', 'UL_BLER', 'UL_NumberOfPackets', 'UL_SNR']",0.5555555555555556,0.6999011904761897,0.504,0.504,0.05600000000000109,0.504,0.891,0.49633333333333346,0.16544444444444487,0.4981731968150567,0.983,0.5004,0.2779999999999982,0.5004076817114045,1.0,0.50155,0.557277777777778,0.5353326412672088,1.0,1,1.0,0.1111111111111111,1.0,1,0.6666666666666666,0.2222222222222222,0.7653606369886217,1,0.6,0.3333333333333333,0.6843515475204855,1,0.6,0.6666666666666666,0.6947113432784738
TelecomTS,A-Twitch-No-No@17883079488:111-272,train,Faulty RF Filters (Temporal),1,18,9,"['RSRP', 'Estimated_UL_Buffer', 'RX_Bytes', 'UL_BLER', 'UL_SNR', 'UL_NPRB', 'DL_BLER', 'UL_MCS', 'UL_NumberOfPackets']","['DL_BLER', 'PRB_Utilization_DL', 'PRB_Utilization_UL', 'RSRP', 'RX_Bytes', 'TX_Bytes', 'UL_BLER', 'UL_NPRB', 'UL_SNR']",0.6666666666666666,0.6994071428571421,0.498,0.498,0.0553333333333344,0.498,0.903,0.5001666666666669,0.16672222222222252,0.49924866439377863,0.9875,0.5019000000000002,0.27883333333333166,0.5007047202155078,1.0,0.5039999999999997,0.5600000000000007,0.5367162511071116,1.0,1,1.0,0.1111111111111111,1.0,1,0.6666666666666666,0.2222222222222222,0.7039180890341347,1,0.8,0.4444444444444444,0.7860137352654724,1,0.7,0.7777777777777778,0.7747417943419863
TelecomTS,B-Twitch-No-No@19606758688:123-275,train,Faulty RF Filters (Temporal),1,18,9,"['UL_NPRB', 'RSRP', 'RX_Bytes', 'UL_SNR', 'PRB_Utilization_DL', 'UL_MCS', 'DL_BLER', 'TX_Bytes', 'UL_BLER']","['DL_BLER', 'PRB_Utilization_DL', 'PRB_Utilization_UL', 'RSRP', 'RX_Bytes', 'TX_Bytes', 'UL_BLER', 'UL_NPRB', 'UL_SNR']",0.8888888888888888,0.6994071428571421,0.498,0.498,0.0553333333333344,0.498,0.903,0.5001666666666669,0.16672222222222252,0.49924866439377863,0.9875,0.5019000000000002,0.27883333333333166,0.5007047202155078,1.0,0.5039999999999997,0.5600000000000007,0.5367162511071116,1.0,1,1.0,0.1111111111111111,1.0,1,1.0,0.3333333333333333,1.0,1,1.0,0.5555555555555556,1.0,1,0.8,0.8888888888888888,0.9162750860008065
TelecomTS,C-File-No-No@20501858816:118-388,train,Faulty RF Filters (Temporal),1,18,9,"['UL_SNR', 'RSRP', 'UL_NPRB', 'UL_BLER', 'RX_Bytes', 'PRB_Utilization_DL', 'PRB_Utilization_UL', 'UL_MCS', 'TX_Bytes']","['DL_BLER', 'PRB_Utilization_DL', 'PRB_Utilization_UL', 'RSRP', 'RX_Bytes', 'TX_Bytes', 'UL_BLER', 'UL_NPRB', 'UL_SNR']",0.8888888888888888,0.6994071428571421,0.498,0.498,0.0553333333333344,0.498,0.903,0.5001666666666669,0.16672222222222252,0.49924866439377863,0.9875,0.5019000000000002,0.27883333333333166,0.5007047202155078,1.0,0.5039999999999997,0.5600000000000007,0.5367162511071116,1.0,1,1.0,0.1111111111111111,1.0,1,1.0,0.3333333333333333,1.0,1,1.0,0.5555555555555556,1.0,1,0.8,0.8888888888888888,0.9258513847149255
TelecomTS,B-File-No-No@20798208672:106-545,train,Faulty RF Filters (Temporal),1,18,9,"['RX_Bytes', 'TX_Bytes', 'UL_SNR', 'UL_NPRB', 'RSRP', 'DL_NumberOfPackets', 'DL_BLER', 'DL_Protocol', 'PRB_Utilization_UL']","['DL_BLER', 'PRB_Utilization_DL', 'PRB_Utilization_UL', 'RSRP', 'RX_Bytes', 'TX_Bytes', 'UL_BLER', 'UL_NPRB', 'UL_SNR']",0.7777777777777778,0.6994071428571421,0.498,0.498,0.0553333333333344,0.498,0.903,0.5001666666666669,0.16672222222222252,0.49924866439377863,0.9875,0.5019000000000002,0.27883333333333166,0.5007047202155078,1.0,0.5039999999999997,0.5600000000000007,0.5367162511071116,1.0,1,1.0,0.1111111111111111,1.0,1,1.0,0.3333333333333333,1.0,1,1.0,0.5555555555555556,1.0,1,0.7,0.7777777777777778,0.8421264707157319
TelecomTS,B-File-No-No@20798208672:641-857,train,Resource Allocation Bugs,1,18,9,"['RX_Bytes', 'UL_SNR', 'RSRP', 'TX_Bytes', 'UL_NPRB', 'DL_NumberOfPackets', 'UL_NumberOfPackets', 'UL_MCS', 'PRB_Utilization_UL']","['DL_BLER', 'PRB_Utilization_DL', 'PRB_Utilization_UL', 'PRBs_DL_Current', 'PRBs_UL_Current', 'RX_Bytes', 'TX_Bytes', 'UL_BLER', 'UL_NPRB']",0.4444444444444444,0.6971285714285702,0.495,0.495,0.05500000000000106,0.495,0.8955,0.49950000000000033,0.16649999999999993,0.4988742207021294,0.9895,0.5017999999999998,0.27877777777777596,0.5007349503321751,1.0,0.5012000000000001,0.5568888888888887,0.534649649306806,1.0,1,1.0,0.1111111111111111,1.0,1,0.3333333333333333,0.1111111111111111,0.46927872602275644,1,0.6,0.3333333333333333,0.6164336326286644,1,0.5,0.5555555555555556,0.5659013498851356
TelecomTS,B-File-No-No@20798208672:967-1498,train,Co-Channel Interference (Severe),1,18,11,"['RX_Bytes', 'TX_Bytes', 'UL_SNR', 'UL_NPRB', 'RSRP', 'DL_BLER', 'DL_NumberOfPackets', 'UL_BLER', 'UL_MCS', 'PRB_Utilization_UL', 'UL_NumberOfPackets']","['DL_BLER', 'DL_NumberOfPackets', 'PRB_Utilization_DL', 'PRB_Utilization_UL', 'RSRP', 'RX_Bytes', 'TX_Bytes', 'UL_BLER', 'UL_NPRB', 'UL_NumberOfPackets', 'UL_SNR']",0.9090909090909091,0.7825130952380935,0.6195,0.6195,0.056318181818182905,0.6195,0.958,0.6096666666666659,0.1662727272727274,0.6113492878320751,0.9965,0.6141999999999939,0.2791818181818154,0.6140177422351251,1.0,0.6134500000000034,0.5576818181818167,0.6135880782992749,1.0,1,1.0,0.09090909090909091,1.0,1,1.0,0.2727272727272727,1.0,1,1.0,0.45454545454545453,1.0,1,0.9,0.8181818181818182,0.933745776545611
TelecomTS,B-File-No-No@20798208672:1650-1781,train,Resource Allocation Bugs,1,18,9,"['UL_SNR', 'RX_Bytes', 'PRB_Utilization_DL', 'RSRP', 'UL_NPRB', 'TX_Bytes', 'DL_BLER', 'PRB_Utilization_UL', 'Estimated_UL_Buffer']","['DL_BLER', 'PRB_Utilization_DL', 'PRB_Utilization_UL', 'PRBs_DL_Current', 'PRBs_UL_Current', 'RX_Bytes', 'TX_Bytes', 'UL_BLER', 'UL_NPRB']",0.6666666666666666,0.6971285714285702,0.495,0.495,0.05500000000000106,0.495,0.8955,0.49950000000000033,0.16649999999999993,0.4988742207021294,0.9895,0.5017999999999998,0.27877777777777596,0.5007349503321751,1.0,0.5012000000000001,0.5568888888888887,0.534649649306806,0.5,0,0.0,0.0,0.0,1,0.6666666666666666,0.2222222222222222,0.5307212739772434,1,0.6,0.3333333333333333,0.5147714448836774,1,0.6,0.6666666666666666,0.5929700816521338
TelecomTS,B-File-No-No@20798208672:1912-1987,train,Faulty Handover Algorithm (Too Frequent),1,18,9,"['UL_SNR', 'RX_Bytes', 'RSRP', 'PRB_Utilization_DL', 'UL_NPRB', 'TX_Bytes', 'DL_BLER', 'UL_BLER', 'PRBs_DL_Current']","['DL_BLER', 'DL_NumberOfPackets', 'Estimated_UL_Buffer', 'RSRP', 'RX_Bytes', 'TX_Bytes', 'UL_BLER', 'UL_NumberOfPackets', 'UL_SNR']",0.6666666666666666,0.6999011904761897,0.504,0.504,0.05600000000000109,0.504,0.891,0.49633333333333346,0.16544444444444487,0.4981731968150567,0.983,0.5004,0.2779999999999982,0.5004076817114045,1.0,0.50155,0.557277777777778,0.5353326412672088,1.0,1,1.0,0.1111111111111111,1.0,1,1.0,0.3333333333333333,1.0,1,0.6,0.3333333333333333,0.7227265726449519,1,0.6,0.6666666666666666,0.7370876004476404
TelecomTS,B-Youtube-No-No@18149184128:116-154,train,High Network Congestion (Gradual Buildup),1,18,10,"['UL_SNR', 'RX_Bytes', 'RSRP', 'UL_NPRB', 'DL_BLER', 'Estimated_UL_Buffer', 'UL_BLER', 'DL_Protocol', 'UL_NumberOfPackets', 'TX_Bytes']","['DL_BLER', 'DL_NumberOfPackets', 'Estimated_UL_Buffer', 'PRB_Utilization_DL', 'PRB_Utilization_UL', 'RX_Bytes', 'TX_Bytes', 'UL_BLER', 'UL_NPRB', 'UL_NumberOfPackets']",0.7,0.7492690476190472,0.572,0.572,0.05719999999999889,0.572,0.9315,0.5596666666666656,0.16789999999999863,0.5622123777053977,0.991,0.5616999999999982,0.2808499999999991,0.5629791618437581,1.0,0.5581000000000036,0.5581000000000036,0.5600712619425394,0.5,0,0.0,0.0,0.0,1,0.3333333333333333,0.1,0.2960819109658652,1,0.6,0.3,0.4912596920895758,1,0.7,0.7,0.6004311286161025
TelecomTS,B-Youtube-No-No@18149184128:247-343,train,Co-Channel Interference (Mild),1,18,9,"['UL_NPRB', 'RX_Bytes', 'RSRP', 'DL_BLER', 'Estimated_UL_Buffer', 'UL_BLER', 'UL_SNR', 'TX_Bytes', 'PRBs_DL_Current']","['DL_BLER', 'PRB_Utilization_DL', 'PRB_Utilization_UL', 'RSRP', 'RX_Bytes', 'TX_Bytes', 'UL_BLER', 'UL_NPRB', 'UL_SNR']",0.7777777777777778,0.6994071428571421,0.498,0.498,0.0553333333333344,0.498,0.903,0.5001666666666669,0.16672222222222252,0.49924866439377863,0.9875,0.5019000000000002,0.27883333333333166,0.5007047202155078,1.0,0.5039999999999997,0.5600000000000007,0.5367162511071116,1.0,1,1.0,0.1111111111111111,1.0,1,1.0,0.3333333333333333,1.0,1,0.8,0.4444444444444444,0.8687949224876582,1,0.7,0.7777777777777778,0.8383162086599405
TelecomTS,B-Youtube-No-No@18149184128:417-418,train,Faulty Handover Algorithm (Too Frequent),1,18,9,"['RSRP', 'UL_NPRB', 'UL_SNR', 'RX_Bytes', 'Estimated_UL_Buffer', 'UL_NumberOfPackets', 'DL_BLER', 'UL_Protocol', 'UL_BLER']","['DL_BLER', 'DL_NumberOfPackets', 'Estimated_UL_Buffer', 'RSRP', 'RX_Bytes', 'TX_Bytes', 'UL_BLER', 'UL_NumberOfPackets', 'UL_SNR']",0.7777777777777778,0.6999011904761897,0.504,0.504,0.05600000000000109,0.504,0.891,0.49633333333333346,0.16544444444444487,0.4981731968150567,0.983,0.5004,0.2779999999999982,0.5004076817114045,1.0,0.50155,0.557277777777778,0.5353326412672088,1.0,1,1.0,0.1111111111111111,1.0,1,0.6666666666666666,0.2222222222222222,0.7039180890341347,1,0.8,0.4444444444444444,0.7860137352654724,1,0.8,0.8888888888888888,0.845497555063067
TelecomTS,B-Youtube-No-No@18149185120:111-174,train,High Network Congestion (Gradual Buildup),1,18,10,"['UL_SNR', 'RSRP', 'UL_NPRB', 'RX_Bytes', 'DL_BLER', 'Estimated_UL_Buffer', 'UL_BLER', 'UL_NumberOfPackets', 'DL_Protocol', 'DL_NumberOfPackets']","['DL_BLER', 'DL_NumberOfPackets', 'Estimated_UL_Buffer', 'PRB_Utilization_DL', 'PRB_Utilization_UL', 'RX_Bytes', 'TX_Bytes', 'UL_BLER', 'UL_NPRB', 'UL_NumberOfPackets']",0.7,0.7492690476190472,0.572,0.572,0.05719999999999889,0.572,0.9315,0.5596666666666656,0.16789999999999863,0.5622123777053977,0.991,0.5616999999999982,0.2808499999999991,0.5629791618437581,1.0,0.5581000000000036,0.5581000000000036,0.5600712619425394,0.3333333333333333,0,0.0,0.0,0.0,1,0.3333333333333333,0.1,0.23463936301137822,1,0.6,0.3,0.4468535299918563,1,0.7,0.7,0.5747915663739762
TelecomTS,B-Youtube-No-No@18149187648:115-767,train,High Network Congestion (Gradual Buildup),1,18,10,"['RSRP', 'UL_NPRB', 'RX_Bytes', 'DL_BLER', 'PRB_Utilization_UL', 'UL_SNR', 'Estimated_UL_Buffer', 'UL_BLER', 'UL_NumberOfPackets', 'DL_Protocol']","['DL_BLER', 'DL_NumberOfPackets', 'Estimated_UL_Buffer', 'PRB_Utilization_DL', 'PRB_Utilization_UL', 'RX_Bytes', 'TX_Bytes', 'UL_BLER', 'UL_NPRB', 'UL_NumberOfPackets']",0.7,0.7492690476190472,0.572,0.572,0.05719999999999889,0.572,0.9315,0.5596666666666656,0.16789999999999863,0.5622123777053977,0.991,0.5616999999999982,0.2808499999999991,0.5629791618437581,1.0,0.5581000000000036,0.5581000000000036,0.5600712619425394,0.5,0,0.0,0.0,0.0,1,0.6666666666666666,0.2,0.5307212739772434,1,0.8,0.4,0.6608397947263839,1,0.7,0.7,0.6378891765242928
TelecomTS,B-Youtube-No-No@18149187648:791-839,train,Antenna Failure,1,18,13,"['RX_Bytes', 'UL_NPRB', 'PRB_Utilization_UL', 'TX_Bytes', 'RSRP', 'UL_NumberOfPackets', 'DL_NumberOfPackets', 'Estimated_UL_Buffer', 'UL_SNR', 'UL_BLER', 'PRB_Utilization_DL', 'DL_BLER', 'PRBs_DL_Current']","['DL_BLER', 'DL_MCS', 'DL_NumberOfPackets', 'Estimated_UL_Buffer', 'PRBs_DL_Current', 'PRBs_UL_Current', 'RSRP', 'RX_Bytes', 'TX_Bytes', 'UL_BLER', 'UL_MCS', 'UL_NumberOfPackets', 'UL_SNR']",0.7692307692307693,0.8383166666666652,0.7065,0.7065,0.05434615384615543,0.7065,0.986,0.7123333333333366,0.16438461538461394,0.7115892696199696,1.0,0.7185999999999866,0.27638461538461523,0.7159760330822089,1.0,0.7207999999999999,0.5544615384615419,0.7184739765047488,1.0,1,1.0,0.07692307692307693,1.0,1,0.3333333333333333,0.07692307692307693,0.46927872602275644,1,0.6,0.23076923076923078,0.6164336326286644,1,0.8,0.6153846153846154,0.7510916729774053
TelecomTS,C-Youtube-No-No@19068480032:106-316,train,High Network Congestion (Gradual Buildup),1,18,10,"['RSRP', 'UL_NPRB', 'UL_SNR', 'RX_Bytes', 'Estimated_UL_Buffer', 'DL_BLER', 'UL_BLER', 'DL_NumberOfPackets', 'DL_Protocol', 'UL_NumberOfPackets']","['DL_BLER', 'DL_NumberOfPackets', 'Estimated_UL_Buffer', 'PRB_Utilization_DL', 'PRB_Utilization_UL', 'RX_Bytes', 'TX_Bytes', 'UL_BLER', 'UL_NPRB', 'UL_NumberOfPackets']",0.7,0.7492690476190472,0.572,0.572,0.05719999999999889,0.572,0.9315,0.5596666666666656,0.16789999999999863,0.5622123777053977,0.991,0.5616999999999982,0.2808499999999991,0.5629791618437581,1.0,0.5581000000000036,0.5581000000000036,0.5600712619425394,0.5,0,0.0,0.0,0.0,1,0.3333333333333333,0.1,0.2960819109658652,1,0.6,0.3,0.4912596920895758,1,0.7,0.7,0.6036081270984908
TelecomTS,A-Twitch-No-No@17883072768:121-320,train,High Network Congestion (Sudden Spike),1,18,10,"['RX_Bytes', 'RSRP', 'UL_NPRB', 'UL_BLER', 'UL_MCS', 'UL_NumberOfPackets', 'PRBs_DL_Current', 'DL_BLER', 'UL_SNR', 'TX_Bytes']","['DL_BLER', 'DL_NumberOfPackets', 'Estimated_UL_Buffer', 'PRB_Utilization_DL', 'PRB_Utilization_UL', 'RX_Bytes', 'TX_Bytes', 'UL_BLER', 'UL_NPRB', 'UL_NumberOfPackets']",0.6,0.7492690476190472,0.572,0.572,0.05719999999999889,0.572,0.9315,0.5596666666666656,0.16789999999999863,0.5622123777053977,0.991,0.5616999999999982,0.2808499999999991,0.5629791618437581,1.0,0.5581000000000036,0.5581000000000036,0.5600712619425394,1.0,1,1.0,0.1,1.0,1,0.6666666666666666,0.2,0.7039180890341347,1,0.6,0.3,0.6548086577531307,1,0.6,0.6,0.6363762929310753
TelecomTS,A-Twitch-No-No@17883072768:364-1141,train,Co-Channel Interference (Mild),1,18,9,"['RSRP', 'RX_Bytes', 'UL_NPRB', 'UL_SNR', 'DL_BLER', 'UL_NumberOfPackets', 'UL_BLER', 'UL_MCS', 'DL_NumberOfPackets']","['DL_BLER', 'PRB_Utilization_DL', 'PRB_Utilization_UL', 'RSRP', 'RX_Bytes', 'TX_Bytes', 'UL_BLER', 'UL_NPRB', 'UL_SNR']",0.6666666666666666,0.6994071428571421,0.498,0.498,0.0553333333333344,0.498,0.903,0.5001666666666669,0.16672222222222252,0.49924866439377863,0.9875,0.5019000000000002,0.27883333333333166,0.5007047202155078,1.0,0.5039999999999997,0.5600000000000007,0.5367162511071116,1.0,1,1.0,0.1111111111111111,1.0,1,1.0,0.3333333333333333,1.0,1,1.0,0.5555555555555556,1.0,1,0.7,0.7777777777777778,0.8393141109129421
TelecomTS,A-Twitch-No-No@17883075744:117-222,train,High Network Congestion (Sudden Spike),1,18,10,"['RSRP', 'UL_MCS', 'UL_SNR', 'UL_NPRB', 'DL_Protocol', 'RX_Bytes', 'UL_BLER', 'UL_NumberOfPackets', 'TX_Bytes', 'DL_BLER']","['DL_BLER', 'DL_NumberOfPackets', 'Estimated_UL_Buffer', 'PRB_Utilization_DL', 'PRB_Utilization_UL', 'RX_Bytes', 'TX_Bytes', 'UL_BLER', 'UL_NPRB', 'UL_NumberOfPackets']",0.6,0.7492690476190472,0.572,0.572,0.05719999999999889,0.572,0.9315,0.5596666666666656,0.16789999999999863,0.5622123777053977,0.991,0.5616999999999982,0.2808499999999991,0.5629791618437581,1.0,0.5581000000000036,0.5581000000000036,0.5600712619425394,0.25,0,0.0,0.0,0.0,0,0.0,0.0,0.0,1,0.2,0.1,0.14606834984270645,1,0.6,0.6,0.4458567890377042
TelecomTS,A-Twitch-No-No@17883075744:293-333,train,Faulty Handover Algorithm (Too Frequent),1,18,9,"['RSRP', 'UL_SNR', 'UL_NPRB', 'DL_MCS', 'RX_Bytes', 'UL_BLER', 'DL_BLER', 'UL_MCS', 'TX_Bytes']","['DL_BLER', 'DL_NumberOfPackets', 'Estimated_UL_Buffer', 'RSRP', 'RX_Bytes', 'TX_Bytes', 'UL_BLER', 'UL_NumberOfPackets', 'UL_SNR']",0.6666666666666666,0.6999011904761897,0.504,0.504,0.05600000000000109,0.504,0.891,0.49633333333333346,0.16544444444444487,0.4981731968150567,0.983,0.5004,0.2779999999999982,0.5004076817114045,1.0,0.50155,0.557277777777778,0.5353326412672088,1.0,1,1.0,0.1111111111111111,1.0,1,0.6666666666666666,0.2222222222222222,0.7653606369886217,1,0.6,0.3333333333333333,0.6843515475204855,1,0.6,0.6666666666666666,0.7071000017953826
TelecomTS,A-Twitch-No-No@17883075744:450-699,train,High Network Congestion (Gradual Buildup),1,18,10,"['RSRP', 'UL_MCS', 'UL_NPRB', 'UL_BLER', 'RX_Bytes', 'UL_SNR', 'UL_NumberOfPackets', 'DL_BLER', 'PRBs_DL_Current', 'Estimated_UL_Buffer']","['DL_BLER', 'DL_NumberOfPackets', 'Estimated_UL_Buffer', 'PRB_Utilization_DL', 'PRB_Utilization_UL', 'RX_Bytes', 'TX_Bytes', 'UL_BLER', 'UL_NPRB', 'UL_NumberOfPackets']",0.6,0.7492690476190472,0.572,0.572,0.05719999999999889,0.572,0.9315,0.5596666666666656,0.16789999999999863,0.5622123777053977,0.991,0.5616999999999982,0.2808499999999991,0.5629791618437581,1.0,0.5581000000000036,0.5581000000000036,0.5600712619425394,0.3333333333333333,0,0.0,0.0,0.0,1,0.3333333333333333,0.1,0.23463936301137822,1,0.6,0.3,0.4468535299918563,1,0.6,0.6,0.4963932973953009
TelecomTS,B-Youtube-No-No@18149187296:120-163,train,High Network Congestion (Sudden Spike),1,18,10,"['UL_SNR', 'UL_NPRB', 'RX_Bytes', 'RSRP', 'DL_BLER', 'Estimated_UL_Buffer', 'UL_NumberOfPackets', 'DL_Protocol', 'UL_BLER', 'UL_MCS']","['DL_BLER', 'DL_NumberOfPackets', 'Estimated_UL_Buffer', 'PRB_Utilization_DL', 'PRB_Utilization_UL', 'RX_Bytes', 'TX_Bytes', 'UL_BLER', 'UL_NPRB', 'UL_NumberOfPackets']",0.6,0.7492690476190472,0.572,0.572,0.05719999999999889,0.572,0.9315,0.5596666666666656,0.16789999999999863,0.5622123777053977,0.991,0.5616999999999982,0.2808499999999991,0.5629791618437581,1.0,0.5581000000000036,0.5581000000000036,0.5600712619425394,0.5,0,0.0,0.0,0.0,1,0.6666666666666666,0.2,0.5307212739772434,1,0.6,0.3,0.5147714448836774,1,0.6,0.6,0.55206785919664
TelecomTS,B-Youtube-No-No@18149189664:123-158,train,High Network Congestion (Sudden Spike),1,18,10,"['RSRP', 'UL_NPRB', 'UL_SNR', 'RX_Bytes', 'DL_BLER', 'Estimated_UL_Buffer', 'UL_BLER', 'DL_Protocol', 'UL_NumberOfPackets', 'PRBs_DL_Current']","['DL_BLER', 'DL_NumberOfPackets', 'Estimated_UL_Buffer', 'PRB_Utilization_DL', 'PRB_Utilization_UL', 'RX_Bytes', 'TX_Bytes', 'UL_BLER', 'UL_NPRB', 'UL_NumberOfPackets']",0.6,0.7492690476190472,0.572,0.572,0.05719999999999889,0.572,0.9315,0.5596666666666656,0.16789999999999863,0.5622123777053977,0.991,0.5616999999999982,0.2808499999999991,0.5629791618437581,1.0,0.5581000000000036,0.5581000000000036,0.5600712619425394,0.5,0,0.0,0.0,0.0,1,0.3333333333333333,0.1,0.2960819109658652,1,0.6,0.3,0.4912596920895758,1,0.6,0.6,0.5368103404171507
TelecomTS,C-File-No-No@20501856064:117-151,train,Resource Allocation Bugs,1,18,9,"['RSRP', 'UL_BLER', 'TX_Bytes', 'UL_NumberOfPackets', 'RX_Bytes', 'UL_NPRB', 'Estimated_UL_Buffer', 'DL_NumberOfPackets', 'DL_BLER']","['DL_BLER', 'PRB_Utilization_DL', 'PRB_Utilization_UL', 'PRBs_DL_Current', 'PRBs_UL_Current', 'RX_Bytes', 'TX_Bytes', 'UL_BLER', 'UL_NPRB']",0.5555555555555556,0.6971285714285702,0.495,0.495,0.05500000000000106,0.495,0.8955,0.49950000000000033,0.16649999999999993,0.4988742207021294,0.9895,0.5017999999999998,0.27877777777777596,0.5007349503321751,1.0,0.5012000000000001,0.5568888888888887,0.534649649306806,0.5,0,0.0,0.0,0.0,1,0.6666666666666666,0.2222222222222222,0.5307212739772434,1,0.6,0.3333333333333333,0.5147714448836774,1,0.5,0.5555555555555556,0.5112287106166447
TelecomTS,C-File-No-No@20501856064:248-461,train,Antenna Failure,1,18,13,"['RSRP', 'RX_Bytes', 'UL_NPRB', 'UL_NumberOfPackets', 'Estimated_UL_Buffer', 'DL_NumberOfPackets', 'UL_SNR', 'TX_Bytes', 'DL_BLER', 'PRB_Utilization_UL', 'DL_Protocol', 'PRBs_DL_Current', 'UL_Protocol']","['DL_BLER', 'DL_MCS', 'DL_NumberOfPackets', 'Estimated_UL_Buffer', 'PRBs_DL_Current', 'PRBs_UL_Current', 'RSRP', 'RX_Bytes', 'TX_Bytes', 'UL_BLER', 'UL_MCS', 'UL_NumberOfPackets', 'UL_SNR']",0.6923076923076923,0.8383166666666652,0.7065,0.7065,0.05434615384615543,0.7065,0.986,0.7123333333333366,0.16438461538461394,0.7115892696199696,1.0,0.7185999999999866,0.27638461538461523,0.7159760330822089,1.0,0.7207999999999999,0.5544615384615419,0.7184739765047488,1.0,1,1.0,0.07692307692307693,1.0,1,0.6666666666666666,0.15384615384615385,0.7653606369886217,1,0.8,0.3076923076923077,0.830419897363192,1,0.8,0.6153846153846154,0.8263333286520083
TelecomTS,A-File-No-No@20858689856:123-164,train,Resource Allocation Bugs,1,18,9,"['RX_Bytes', 'Estimated_UL_Buffer', 'RSRP', 'UL_NPRB', 'DL_BLER', 'TX_Bytes', 'DL_NumberOfPackets', 'UL_NumberOfPackets', 'UL_SNR']","['DL_BLER', 'PRB_Utilization_DL', 'PRB_Utilization_UL', 'PRBs_DL_Current', 'PRBs_UL_Current', 'RX_Bytes', 'TX_Bytes', 'UL_BLER', 'UL_NPRB']",0.4444444444444444,0.6971285714285702,0.495,0.495,0.05500000000000106,0.495,0.8955,0.49950000000000033,0.16649999999999993,0.4988742207021294,0.9895,0.5017999999999998,0.27877777777777596,0.5007349503321751,1.0,0.5012000000000001,0.5568888888888887,0.534649649306806,1.0,1,1.0,0.1111111111111111,1.0,1,0.3333333333333333,0.1111111111111111,0.46927872602275644,1,0.6,0.3333333333333333,0.6164336326286644,1,0.5,0.5555555555555556,0.5788705031632486
TelecomTS,A-File-No-No@20858689856:352-808,train,High Network Congestion (Gradual Buildup),1,18,10,"['RX_Bytes', 'Estimated_UL_Buffer', 'TX_Bytes', 'RSRP', 'UL_NumberOfPackets', 'UL_NPRB', 'DL_BLER', 'UL_BLER', 'PRBs_DL_Current', 'DL_NumberOfPackets']","['DL_BLER', 'DL_NumberOfPackets', 'Estimated_UL_Buffer', 'PRB_Utilization_DL', 'PRB_Utilization_UL', 'RX_Bytes', 'TX_Bytes', 'UL_BLER', 'UL_NPRB', 'UL_NumberOfPackets']",0.8,0.7492690476190472,0.572,0.572,0.05719999999999889,0.572,0.9315,0.5596666666666656,0.16789999999999863,0.5622123777053977,0.991,0.5616999999999982,0.2808499999999991,0.5629791618437581,1.0,0.5581000000000036,0.5581000000000036,0.5600712619425394,1.0,1,1.0,0.1,1.0,1,1.0,0.3,1.0,1,0.8,0.4,0.8539316501572937,1,0.8,0.8,0.8389574121760602
TelecomTS,C-File-No-No@20501857952:107-524,eval,Antenna Failure,1,18,13,"['UL_BLER', 'PRB_Utilization_UL', 'RSRP', 'UL_NumberOfPackets', 'DL_BLER', 'Estimated_UL_Buffer', 'UL_NPRB', 'PRB_Utilization_DL', 'UL_MCS', 'RX_Bytes', 'DL_NumberOfPackets', 'TX_Bytes', 'PRBs_DL_Current']","['DL_BLER', 'DL_MCS', 'DL_NumberOfPackets', 'Estimated_UL_Buffer', 'PRBs_DL_Current', 'PRBs_UL_Current', 'RSRP', 'RX_Bytes', 'TX_Bytes', 'UL_BLER', 'UL_MCS', 'UL_NumberOfPackets', 'UL_SNR']",0.7692307692307693,0.8383166666666652,0.7065,0.7065,0.05434615384615543,0.7065,0.986,0.7123333333333366,0.16438461538461394,0.7115892696199696,1.0,0.7185999999999866,0.27638461538461523,0.7159760330822089,1.0,0.7207999999999999,0.5544615384615419,0.7184739765047488,1.0,1,1.0,0.07692307692307693,1.0,1,0.6666666666666666,0.15384615384615385,0.7039180890341347,1,0.8,0.3076923076923077,0.7860137352654724,1,0.7,0.5384615384615384,0.7183424120903081
TelecomTS,B-File-No-No@20798215936:113-172,eval,Antenna Failure,1,18,13,"['RSRP', 'TX_Bytes', 'RX_Bytes', 'UL_SNR', 'UL_NPRB', 'PRBs_UL_Current', 'PRB_Utilization_UL', 'DL_BLER', 'UL_NumberOfPackets', 'PRBs_DL_Current', 'UL_BLER', 'UL_MCS', 'PRB_Utilization_DL']","['DL_BLER', 'DL_MCS', 'DL_NumberOfPackets', 'Estimated_UL_Buffer', 'PRBs_DL_Current', 'PRBs_UL_Current', 'RSRP', 'RX_Bytes', 'TX_Bytes', 'UL_BLER', 'UL_MCS', 'UL_NumberOfPackets', 'UL_SNR']",0.7692307692307693,0.8383166666666652,0.7065,0.7065,0.05434615384615543,0.7065,0.986,0.7123333333333366,0.16438461538461394,0.7115892696199696,1.0,0.7185999999999866,0.27638461538461523,0.7159760330822089,1.0,0.7207999999999999,0.5544615384615419,0.7184739765047488,1.0,1,1.0,0.07692307692307693,1.0,1,1.0,0.23076923076923078,1.0,1,0.8,0.3076923076923077,0.8687949224876582,1,0.8,0.6153846153846154,0.841492960259019
TelecomTS,B-Twitch-No-No@19606758016:103-346,eval,Buffer Overflow (Gradual Buildup),1,18,10,"['UL_NPRB', 'RSRP', 'RX_Bytes', 'PRB_Utilization_DL', 'UL_MCS', 'UL_SNR', 'TX_Bytes', 'DL_BLER', 'PRBs_DL_Current', 'Estimated_UL_Buffer']","['DL_BLER', 'DL_NumberOfPackets', 'Estimated_UL_Buffer', 'PRB_Utilization_DL', 'PRB_Utilization_UL', 'RX_Bytes', 'TX_Bytes', 'UL_BLER', 'UL_NPRB', 'UL_NumberOfPackets']",0.6,0.7492690476190472,0.572,0.572,0.05719999999999889,0.572,0.9315,0.5596666666666656,0.16789999999999863,0.5622123777053977,0.991,0.5616999999999982,0.2808499999999991,0.5629791618437581,1.0,0.5581000000000036,0.5581000000000036,0.5600712619425394,1.0,1,1.0,0.1,1.0,1,0.6666666666666666,0.2,0.7039180890341347,1,0.6,0.3,0.6548086577531307,1,0.6,0.6,0.6313419460517601
TelecomTS,C-File-No-No@20501863328:109-147,eval,Buffer Overflow (Gradual Buildup),1,18,10,"['RSRP', 'RX_Bytes', 'UL_NPRB', 'TX_Bytes', 'UL_BLER', 'DL_NumberOfPackets', 'UL_SNR', 'DL_BLER', 'UL_MCS', 'UL_NumberOfPackets']","['DL_BLER', 'DL_NumberOfPackets', 'Estimated_UL_Buffer', 'PRB_Utilization_DL', 'PRB_Utilization_UL', 'RX_Bytes', 'TX_Bytes', 'UL_BLER', 'UL_NPRB', 'UL_NumberOfPackets']",0.7,0.7492690476190472,0.572,0.572,0.05719999999999889,0.572,0.9315,0.5596666666666656,0.16789999999999863,0.5622123777053977,0.991,0.5616999999999982,0.2808499999999991,0.5629791618437581,1.0,0.5581000000000036,0.5581000000000036,0.5600712619425394,0.5,0,0.0,0.0,0.0,1,0.6666666666666666,0.2,0.5307212739772434,1,0.8,0.4,0.6608397947263839,1,0.7,0.7,0.6402900881481708
TelecomTS,C-Youtube-No-No@19068484832:122-711,eval,Co-Channel Interference (Mild),1,18,9,"['DL_BLER', 'RSRP', 'UL_NPRB', 'RX_Bytes', 'PRB_Utilization_DL', 'Estimated_UL_Buffer', 'UL_SNR', 'UL_BLER', 'DL_NumberOfPackets']","['DL_BLER', 'PRB_Utilization_DL', 'PRB_Utilization_UL', 'RSRP', 'RX_Bytes', 'TX_Bytes', 'UL_BLER', 'UL_NPRB', 'UL_SNR']",0.7777777777777778,0.6994071428571421,0.498,0.498,0.0553333333333344,0.498,0.903,0.5001666666666669,0.16672222222222252,0.49924866439377863,0.9875,0.5019000000000002,0.27883333333333166,0.5007047202155078,1.0,0.5039999999999997,0.5600000000000007,0.5367162511071116,1.0,1,1.0,0.1111111111111111,1.0,1,1.0,0.3333333333333333,1.0,1,1.0,0.5555555555555556,1.0,1,0.7,0.7777777777777778,0.8455193252797258
TelecomTS,B-File-No-No@20798213088:111-395,eval,Co-Channel Interference (Severe),1,18,11,"['UL_BLER', 'RSRP', 'RX_Bytes', 'PRB_Utilization_UL', 'UL_SNR', 'PRB_Utilization_DL', 'UL_NumberOfPackets', 'DL_NumberOfPackets', 'UL_NPRB', 'PRBs_UL_Current', 'DL_BLER']","['DL_BLER', 'DL_NumberOfPackets', 'PRB_Utilization_DL', 'PRB_Utilization_UL', 'RSRP', 'RX_Bytes', 'TX_Bytes', 'UL_BLER', 'UL_NPRB', 'UL_NumberOfPackets', 'UL_SNR']",0.9090909090909091,0.7825130952380935,0.6195,0.6195,0.056318181818182905,0.6195,0.958,0.6096666666666659,0.1662727272727274,0.6113492878320751,0.9965,0.6141999999999939,0.2791818181818154,0.6140177422351251,1.0,0.6134500000000034,0.5576818181818167,0.6135880782992749,1.0,1,1.0,0.09090909090909091,1.0,1,1.0,0.2727272727272727,1.0,1,1.0,0.45454545454545453,1.0,1,0.9,0.8181818181818182,0.9363792118010483
TelecomTS,B-File-No-No@20798213088:417-552,eval,Faulty Handover Algorithm (Too Frequent),1,18,9,"['RSRP', 'TX_Bytes', 'DL_BLER', 'UL_SNR', 'RX_Bytes', 'UL_BLER', 'UL_NPRB', 'PRB_Utilization_UL', 'PRB_Utilization_DL']","['DL_BLER', 'DL_NumberOfPackets', 'Estimated_UL_Buffer', 'RSRP', 'RX_Bytes', 'TX_Bytes', 'UL_BLER', 'UL_NumberOfPackets', 'UL_SNR']",0.6666666666666666,0.6999011904761897,0.504,0.504,0.05600000000000109,0.504,0.891,0.49633333333333346,0.16544444444444487,0.4981731968150567,0.983,0.5004,0.2779999999999982,0.5004076817114045,1.0,0.50155,0.557277777777778,0.5353326412672088,1.0,1,1.0,0.1111111111111111,1.0,1,1.0,0.3333333333333333,1.0,1,1.0,0.5555555555555556,1.0,1,0.7,0.7777777777777778,0.8446905084406404
TelecomTS,B-File-No-No@20798213088:623-859,eval,Doppler Shift (Severe),1,18,7,"['TX_Bytes', 'RSRP', 'RX_Bytes', 'UL_NPRB', 'UL_SNR', 'UL_NumberOfPackets', 'DL_NumberOfPackets']","['DL_MCS', 'RSRP', 'RX_Bytes', 'TX_Bytes', 'UL_MCS', 'UL_NPRB', 'UL_SNR']",0.7142857142857143,0.5955375000000012,0.366,0.366,0.052285714285714005,0.366,0.7925,0.37950000000000167,0.16264285714285753,0.3766088600651423,0.9415,0.38539999999999935,0.27528571428571685,0.38136279412827734,1.0,0.39019999999999433,0.5574285714285694,0.48241457028434725,1.0,1,1.0,0.14285714285714285,1.0,1,1.0,0.42857142857142855,1.0,1,1.0,0.7142857142857143,1.0,1,0.6,0.8571428571428571,0.8932076516505886
TelecomTS,C-File-No-No@20501864576:124-290,eval,Doppler Shift (Severe),1,18,7,"['RSRP', 'RX_Bytes', 'UL_NPRB', 'DL_NumberOfPackets', 'DL_BLER', 'UL_NumberOfPackets', 'UL_MCS']","['DL_MCS', 'RSRP', 'RX_Bytes', 'TX_Bytes', 'UL_MCS', 'UL_NPRB', 'UL_SNR']",0.5714285714285714,0.5955375000000012,0.366,0.366,0.052285714285714005,0.366,0.7925,0.37950000000000167,0.16264285714285753,0.3766088600651423,0.9415,0.38539999999999935,0.27528571428571685,0.38136279412827734,1.0,0.39019999999999433,0.5574285714285694,0.48241457028434725,1.0,1,1.0,0.14285714285714285,1.0,1,1.0,0.42857142857142855,1.0,1,0.6,0.42857142857142855,0.7227265726449519,1,0.6,0.8571428571428571,0.839570701402527
TelecomTS,C-File-No-No@20501862400:102-357,eval,Faulty Handover Algorithm (Too Frequent),1,18,9,"['RSRP', 'DL_BLER', 'RX_Bytes', 'UL_SNR', 'PRB_Utilization_UL', 'UL_NPRB', 'PRBs_UL_Current', 'PRB_Utilization_DL', 'UL_NumberOfPackets']","['DL_BLER', 'DL_NumberOfPackets', 'Estimated_UL_Buffer', 'RSRP', 'RX_Bytes', 'TX_Bytes', 'UL_BLER', 'UL_NumberOfPackets', 'UL_SNR']",0.5555555555555556,0.6999011904761897,0.504,0.504,0.05600000000000109,0.504,0.891,0.49633333333333346,0.16544444444444487,0.4981731968150567,0.983,0.5004,0.2779999999999982,0.5004076817114045,1.0,0.50155,0.557277777777778,0.5353326412672088,1.0,1,1.0,0.1111111111111111,1.0,1,1.0,0.3333333333333333,1.0,1,0.8,0.4444444444444444,0.8687949224876582,1,0.6,0.6666666666666666,0.7407933245435486
TelecomTS,B-File-No-No@20798211456:122-156,eval,Faulty RF Filters (Temporal),1,18,9,"['RX_Bytes', 'TX_Bytes', 'RSRP', 'UL_SNR', 'UL_NPRB', 'DL_NumberOfPackets', 'DL_BLER', 'UL_MCS', 'UL_NumberOfPackets']","['DL_BLER', 'PRB_Utilization_DL', 'PRB_Utilization_UL', 'RSRP', 'RX_Bytes', 'TX_Bytes', 'UL_BLER', 'UL_NPRB', 'UL_SNR']",0.6666666666666666,0.6994071428571421,0.498,0.498,0.0553333333333344,0.498,0.903,0.5001666666666669,0.16672222222222252,0.49924866439377863,0.9875,0.5019000000000002,0.27883333333333166,0.5007047202155078,1.0,0.5039999999999997,0.5600000000000007,0.5367162511071116,1.0,1,1.0,0.1111111111111111,1.0,1,1.0,0.3333333333333333,1.0,1,1.0,0.5555555555555556,1.0,1,0.7,0.7777777777777778,0.8393141109129421
TelecomTS,B-File-No-No@20798211456:281-337,eval,Faulty Handover Algorithm (Too Frequent),1,18,9,"['RX_Bytes', 'RSRP', 'UL_SNR', 'UL_NPRB', 'TX_Bytes', 'DL_BLER', 'UL_MCS', 'PRB_Utilization_UL', 'PRBs_UL_Current']","['DL_BLER', 'DL_NumberOfPackets', 'Estimated_UL_Buffer', 'RSRP', 'RX_Bytes', 'TX_Bytes', 'UL_BLER', 'UL_NumberOfPackets', 'UL_SNR']",0.5555555555555556,0.6999011904761897,0.504,0.504,0.05600000000000109,0.504,0.891,0.49633333333333346,0.16544444444444487,0.4981731968150567,0.983,0.5004,0.2779999999999982,0.5004076817114045,1.0,0.50155,0.557277777777778,0.5353326412672088,1.0,1,1.0,0.1111111111111111,1.0,1,1.0,0.3333333333333333,1.0,1,0.8,0.4444444444444444,0.8539316501572937,1,0.6,0.6666666666666666,0.7434619002283404
TelecomTS,B-File-No-No@20798211456:516-737,eval,Co-Channel Interference (Mild),1,18,9,"['RX_Bytes', 'TX_Bytes', 'UL_SNR', 'RSRP', 'UL_NPRB', 'DL_NumberOfPackets', 'UL_NumberOfPackets', 'UL_MCS', 'DL_BLER']","['DL_BLER', 'PRB_Utilization_DL', 'PRB_Utilization_UL', 'RSRP', 'RX_Bytes', 'TX_Bytes', 'UL_BLER', 'UL_NPRB', 'UL_SNR']",0.6666666666666666,0.6994071428571421,0.498,0.498,0.0553333333333344,0.498,0.903,0.5001666666666669,0.16672222222222252,0.49924866439377863,0.9875,0.5019000000000002,0.27883333333333166,0.5007047202155078,1.0,0.5039999999999997,0.5600000000000007,0.5367162511071116,1.0,1,1.0,0.1111111111111111,1.0,1,1.0,0.3333333333333333,1.0,1,1.0,0.5555555555555556,1.0,1,0.7,0.7777777777777778,0.8317213551625274
TelecomTS,C-Youtube-No-No@19068480640:97-324,eval,High Network Congestion (Gradual Buildup),1,18,10,"['UL_SNR', 'RX_Bytes', 'RSRP', 'DL_MCS', 'UL_NPRB', 'DL_BLER', 'TX_Bytes', 'Estimated_UL_Buffer', 'PRB_Utilization_UL', 'UL_BLER']","['DL_BLER', 'DL_NumberOfPackets', 'Estimated_UL_Buffer', 'PRB_Utilization_DL', 'PRB_Utilization_UL', 'RX_Bytes', 'TX_Bytes', 'UL_BLER', 'UL_NPRB', 'UL_NumberOfPackets']",0.7,0.7492690476190472,0.572,0.572,0.05719999999999889,0.572,0.9315,0.5596666666666656,0.16789999999999863,0.5622123777053977,0.991,0.5616999999999982,0.2808499999999991,0.5629791618437581,1.0,0.5581000000000036,0.5581000000000036,0.5600712619425394,0.5,0,0.0,0.0,0.0,1,0.3333333333333333,0.1,0.2960819109658652,1,0.4,0.2,0.34519134224686937,1,0.7,0.7,0.5750739861833288
TelecomTS,C-Youtube-No-No@19068483424:109-176,eval,High Network Congestion (Sudden Spike),1,18,10,"['RX_Bytes', 'UL_SNR', 'DL_BLER', 'RSRP', 'UL_NPRB', 'PRB_Utilization_DL', 'UL_MCS', 'UL_BLER', 'TX_Bytes', 'Estimated_UL_Buffer']","['DL_BLER', 'DL_NumberOfPackets', 'Estimated_UL_Buffer', 'PRB_Utilization_DL', 'PRB_Utilization_UL', 'RX_Bytes', 'TX_Bytes', 'UL_BLER', 'UL_NPRB', 'UL_NumberOfPackets']",0.7,0.7492690476190472,0.572,0.572,0.05719999999999889,0.572,0.9315,0.5596666666666656,0.16789999999999863,0.5622123777053977,0.991,0.5616999999999982,0.2808499999999991,0.5629791618437581,1.0,0.5581000000000036,0.5581000000000036,0.5600712619425394,1.0,1,1.0,0.1,1.0,1,0.6666666666666666,0.2,0.7039180890341347,1,0.6,0.3,0.639945385422766,1,0.7,0.7,0.6929852696575347
TelecomTS,C-Youtube-No-No@19068483424:194-628,eval,Co-Channel Interference (Mild),1,18,9,"['RX_Bytes', 'RSRP', 'DL_BLER', 'UL_NPRB', 'DL_MCS', 'Estimated_UL_Buffer', 'DL_NumberOfPackets', 'UL_SNR', 'PRB_Utilization_DL']","['DL_BLER', 'PRB_Utilization_DL', 'PRB_Utilization_UL', 'RSRP', 'RX_Bytes', 'TX_Bytes', 'UL_BLER', 'UL_NPRB', 'UL_SNR']",0.6666666666666666,0.6994071428571421,0.498,0.498,0.0553333333333344,0.498,0.903,0.5001666666666669,0.16672222222222252,0.49924866439377863,0.9875,0.5019000000000002,0.27883333333333166,0.5007047202155078,1.0,0.5039999999999997,0.5600000000000007,0.5367162511071116,1.0,1,1.0,0.1111111111111111,1.0,1,1.0,0.3333333333333333,1.0,1,0.8,0.4444444444444444,0.8687949224876582,1,0.6,0.6666666666666666,0.7469985389103325
TelecomTS,C-Youtube-No-No@19068483424:786-832,eval,Co-Channel Interference (Severe),1,18,11,"['RSRP', 'UL_NPRB', 'PRB_Utilization_DL', 'RX_Bytes', 'UL_SNR', 'Estimated_UL_Buffer', 'DL_BLER', 'UL_BLER', 'DL_Protocol', 'DL_NumberOfPackets', 'UL_NumberOfPackets']","['DL_BLER', 'DL_NumberOfPackets', 'PRB_Utilization_DL', 'PRB_Utilization_UL', 'RSRP', 'RX_Bytes', 'TX_Bytes', 'UL_BLER', 'UL_NPRB', 'UL_NumberOfPackets', 'UL_SNR']",0.8181818181818182,0.7825130952380935,0.6195,0.6195,0.056318181818182905,0.6195,0.958,0.6096666666666659,0.1662727272727274,0.6113492878320751,0.9965,0.6141999999999939,0.2791818181818154,0.6140177422351251,1.0,0.6134500000000034,0.5576818181818167,0.6135880782992749,1.0,1,1.0,0.09090909090909091,1.0,1,1.0,0.2727272727272727,1.0,1,1.0,0.45454545454545453,1.0,1,0.8,0.7272727272727273,0.8553475075669357
TelecomTS,C-Youtube-No-No@19068483424:1046-1205,eval,Antenna Failure,1,18,13,"['RSRP', 'UL_NPRB', 'UL_SNR', 'RX_Bytes', 'Estimated_UL_Buffer', 'DL_BLER', 'PRB_Utilization_UL', 'UL_BLER', 'DL_Protocol', 'TX_Bytes', 'DL_NumberOfPackets', 'UL_MCS', 'UL_NumberOfPackets']","['DL_BLER', 'DL_MCS', 'DL_NumberOfPackets', 'Estimated_UL_Buffer', 'PRBs_DL_Current', 'PRBs_UL_Current', 'RSRP', 'RX_Bytes', 'TX_Bytes', 'UL_BLER', 'UL_MCS', 'UL_NumberOfPackets', 'UL_SNR']",0.7692307692307693,0.8383166666666652,0.7065,0.7065,0.05434615384615543,0.7065,0.986,0.7123333333333366,0.16438461538461394,0.7115892696199696,1.0,0.7185999999999866,0.27638461538461523,0.7159760330822089,1.0,0.7207999999999999,0.5544615384615419,0.7184739765047488,1.0,1,1.0,0.07692307692307693,1.0,1,0.6666666666666666,0.15384615384615385,0.7039180890341347,1,0.8,0.3076923076923077,0.7860137352654724,1,0.7,0.5384615384615384,0.7215194105726964
TelecomTS,A-File-No-No@20858691072:109-133,eval,Resource Allocation Bugs,1,18,9,"['UL_BLER', 'RX_Bytes', 'RSRP', 'PRB_Utilization_DL', 'UL_NPRB', 'TX_Bytes', 'UL_SNR', 'UL_NumberOfPackets', 'DL_BLER']","['DL_BLER', 'PRB_Utilization_DL', 'PRB_Utilization_UL', 'PRBs_DL_Current', 'PRBs_UL_Current', 'RX_Bytes', 'TX_Bytes', 'UL_BLER', 'UL_NPRB']",0.6666666666666666,0.6971285714285702,0.495,0.495,0.05500000000000106,0.495,0.8955,0.49950000000000033,0.16649999999999993,0.4988742207021294,0.9895,0.5017999999999998,0.27877777777777596,0.5007349503321751,1.0,0.5012000000000001,0.5568888888888887,0.534649649306806,1.0,1,1.0,0.1111111111111111,1.0,1,0.6666666666666666,0.2222222222222222,0.7653606369886217,1,0.8,0.4444444444444444,0.830419897363192,1,0.7,0.7777777777777778,0.7979234944544784
TelecomTS,A-File-No-No@20858688000:46-98,calib,Antenna Failure,1,18,13,"['RSRP', 'RX_Bytes', 'UL_NPRB', 'UL_SNR', 'TX_Bytes', 'DL_NumberOfPackets', 'UL_NumberOfPackets', 'DL_BLER', 'DL_Protocol', 'PRB_Utilization_UL', 'UL_BLER', 'PRBs_DL_Current', 'UL_Protocol']","['DL_BLER', 'DL_MCS', 'DL_NumberOfPackets', 'Estimated_UL_Buffer', 'PRBs_DL_Current', 'PRBs_UL_Current', 'RSRP', 'RX_Bytes', 'TX_Bytes', 'UL_BLER', 'UL_MCS', 'UL_NumberOfPackets', 'UL_SNR']",0.6923076923076923,0.8383166666666652,0.7065,0.7065,0.05434615384615543,0.7065,0.986,0.7123333333333366,0.16438461538461394,0.7115892696199696,1.0,0.7185999999999866,0.27638461538461523,0.7159760330822089,1.0,0.7207999999999999,0.5544615384615419,0.7184739765047488,1.0,1,1.0,0.07692307692307693,1.0,1,0.6666666666666666,0.15384615384615385,0.7653606369886217,1,0.8,0.3076923076923077,0.830419897363192,1,0.7,0.5384615384615384,0.7600791051976192
TelecomTS,C-Twitch-No-No@21227619232:105-170,calib,Antenna Failure,1,18,13,"['RSRP', 'RX_Bytes', 'UL_SNR', 'Estimated_UL_Buffer', 'UL_NPRB', 'UL_NumberOfPackets', 'UL_MCS', 'DL_NumberOfPackets', 'DL_BLER', 'TX_Bytes', 'PRBs_DL_Current', 'DL_Protocol', 'UL_BLER']","['DL_BLER', 'DL_MCS', 'DL_NumberOfPackets', 'Estimated_UL_Buffer', 'PRBs_DL_Current', 'PRBs_UL_Current', 'RSRP', 'RX_Bytes', 'TX_Bytes', 'UL_BLER', 'UL_MCS', 'UL_NumberOfPackets', 'UL_SNR']",0.8461538461538461,0.8383166666666652,0.7065,0.7065,0.05434615384615543,0.7065,0.986,0.7123333333333366,0.16438461538461394,0.7115892696199696,1.0,0.7185999999999866,0.27638461538461523,0.7159760330822089,1.0,0.7207999999999999,0.5544615384615419,0.7184739765047488,1.0,1,1.0,0.07692307692307693,1.0,1,1.0,0.23076923076923078,1.0,1,0.8,0.3076923076923077,0.8687949224876582,1,0.9,0.6923076923076923,0.914856882358379
TelecomTS,B-File-No-No@20798217504:110-145,calib,Buffer Overflow (Gradual Buildup),1,18,10,"['RX_Bytes', 'TX_Bytes', 'RSRP', 'UL_NumberOfPackets', 'UL_NPRB', 'UL_SNR', 'PRBs_DL_Current', 'DL_BLER', 'DL_NumberOfPackets', 'DL_Protocol']","['DL_BLER', 'DL_NumberOfPackets', 'Estimated_UL_Buffer', 'PRB_Utilization_DL', 'PRB_Utilization_UL', 'RX_Bytes', 'TX_Bytes', 'UL_BLER', 'UL_NPRB', 'UL_NumberOfPackets']",0.6,0.7492690476190472,0.572,0.572,0.05719999999999889,0.572,0.9315,0.5596666666666656,0.16789999999999863,0.5622123777053977,0.991,0.5616999999999982,0.2808499999999991,0.5629791618437581,1.0,0.5581000000000036,0.5581000000000036,0.5600712619425394,1.0,1,1.0,0.1,1.0,1,0.6666666666666666,0.2,0.7653606369886217,1,0.8,0.4,0.830419897363192,1,0.6,0.6,0.6745711375739728
TelecomTS,C-Twitch-No-No@21227620640:123-503,calib,Buffer Overflow (Gradual Buildup),1,18,10,"['RSRP', 'RX_Bytes', 'UL_SNR', 'UL_NPRB', 'UL_NumberOfPackets', 'DL_NumberOfPackets', 'PRBs_DL_Current', 'TX_Bytes', 'DL_Protocol', 'DL_BLER']","['DL_BLER', 'DL_NumberOfPackets', 'Estimated_UL_Buffer', 'PRB_Utilization_DL', 'PRB_Utilization_UL', 'RX_Bytes', 'TX_Bytes', 'UL_BLER', 'UL_NPRB', 'UL_NumberOfPackets']",0.6,0.7492690476190472,0.572,0.572,0.05719999999999889,0.572,0.9315,0.5596666666666656,0.16789999999999863,0.5622123777053977,0.991,0.5616999999999982,0.2808499999999991,0.5629791618437581,1.0,0.5581000000000036,0.5581000000000036,0.5600712619425394,0.5,0,0.0,0.0,0.0,1,0.3333333333333333,0.1,0.2960819109658652,1,0.6,0.3,0.4912596920895758,1,0.6,0.6,0.5302442049991305
TelecomTS,C-Twitch-No-No@21227622720:126-311,calib,Buffer Overflow (Gradual Buildup),1,18,10,"['UL_SNR', 'RSRP', 'DL_MCS', 'RX_Bytes', 'DL_BLER', 'UL_NPRB', 'UL_BLER', 'UL_MCS', 'TX_Bytes', 'PRB_Utilization_UL']","['DL_BLER', 'DL_NumberOfPackets', 'Estimated_UL_Buffer', 'PRB_Utilization_DL', 'PRB_Utilization_UL', 'RX_Bytes', 'TX_Bytes', 'UL_BLER', 'UL_NPRB', 'UL_NumberOfPackets']",0.6,0.7492690476190472,0.572,0.572,0.05719999999999889,0.572,0.9315,0.5596666666666656,0.16789999999999863,0.5622123777053977,0.991,0.5616999999999982,0.2808499999999991,0.5629791618437581,1.0,0.5581000000000036,0.5581000000000036,0.5600712619425394,0.25,0,0.0,0.0,0.0,0,0.0,0.0,0.0,1,0.4,0.2,0.27727342735504823,1,0.6,0.6,0.46156868474254786
TelecomTS,C-File-No-No@20501865024:104-341,calib,Co-Channel Interference (Mild),1,18,9,"['RSRP', 'RX_Bytes', 'UL_NPRB', 'TX_Bytes', 'UL_MCS', 'DL_BLER', 'DL_Protocol', 'DL_NumberOfPackets', 'UL_NumberOfPackets']","['DL_BLER', 'PRB_Utilization_DL', 'PRB_Utilization_UL', 'RSRP', 'RX_Bytes', 'TX_Bytes', 'UL_BLER', 'UL_NPRB', 'UL_SNR']",0.5555555555555556,0.6994071428571421,0.498,0.498,0.0553333333333344,0.498,0.903,0.5001666666666669,0.16672222222222252,0.49924866439377863,0.9875,0.5019000000000002,0.27883333333333166,0.5007047202155078,1.0,0.5039999999999997,0.5600000000000007,0.5367162511071116,1.0,1,1.0,0.1111111111111111,1.0,1,1.0,0.3333333333333333,1.0,1,0.8,0.4444444444444444,0.8687949224876582,1,0.6,0.6666666666666666,0.7537624778216616
TelecomTS,C-Twitch-No-No@21227619712:125-479,calib,Co-Channel Interference (Mild),1,18,9,"['RSRP', 'RX_Bytes', 'Estimated_UL_Buffer', 'UL_SNR', 'UL_NPRB', 'UL_MCS', 'UL_NumberOfPackets', 'DL_NumberOfPackets', 'DL_BLER']","['DL_BLER', 'PRB_Utilization_DL', 'PRB_Utilization_UL', 'RSRP', 'RX_Bytes', 'TX_Bytes', 'UL_BLER', 'UL_NPRB', 'UL_SNR']",0.5555555555555556,0.6994071428571421,0.498,0.498,0.0553333333333344,0.498,0.903,0.5001666666666669,0.16672222222222252,0.49924866439377863,0.9875,0.5019000000000002,0.27883333333333166,0.5007047202155078,1.0,0.5039999999999997,0.5600000000000007,0.5367162511071116,1.0,1,1.0,0.1111111111111111,1.0,1,0.6666666666666666,0.2222222222222222,0.7653606369886217,1,0.8,0.4444444444444444,0.830419897363192,1,0.6,0.6666666666666666,0.7141985804552848
TelecomTS,A-File-No-No@20858697664:115-319,calib,Co-Channel Interference (Severe),1,18,11,"['RSRP', 'RX_Bytes', 'TX_Bytes', 'UL_NPRB', 'UL_SNR', 'DL_BLER', 'UL_MCS', 'DL_NumberOfPackets', 'DL_Protocol', 'Estimated_UL_Buffer', 'PRBs_DL_Current']","['DL_BLER', 'DL_NumberOfPackets', 'PRB_Utilization_DL', 'PRB_Utilization_UL', 'RSRP', 'RX_Bytes', 'TX_Bytes', 'UL_BLER', 'UL_NPRB', 'UL_NumberOfPackets', 'UL_SNR']",0.6363636363636364,0.7825130952380935,0.6195,0.6195,0.056318181818182905,0.6195,0.958,0.6096666666666659,0.1662727272727274,0.6113492878320751,0.9965,0.6141999999999939,0.2791818181818154,0.6140177422351251,1.0,0.6134500000000034,0.5576818181818167,0.6135880782992749,1.0,1,1.0,0.09090909090909091,1.0,1,1.0,0.2727272727272727,1.0,1,1.0,0.45454545454545453,1.0,1,0.7,0.6363636363636364,0.7967610662472993
TelecomTS,C-Twitch-No-No@21227621280:105-240,calib,Co-Channel Interference (Severe),1,18,11,"['RSRP', 'RX_Bytes', 'UL_SNR', 'UL_MCS', 'UL_NumberOfPackets', 'UL_NPRB', 'Estimated_UL_Buffer', 'PRBs_DL_Current', 'DL_NumberOfPackets', 'TX_Bytes', 'DL_Protocol']","['DL_BLER', 'DL_NumberOfPackets', 'PRB_Utilization_DL', 'PRB_Utilization_UL', 'RSRP', 'RX_Bytes', 'TX_Bytes', 'UL_BLER', 'UL_NPRB', 'UL_NumberOfPackets', 'UL_SNR']",0.6363636363636364,0.7825130952380935,0.6195,0.6195,0.056318181818182905,0.6195,0.958,0.6096666666666659,0.1662727272727274,0.6113492878320751,0.9965,0.6141999999999939,0.2791818181818154,0.6140177422351251,1.0,0.6134500000000034,0.5576818181818167,0.6135880782992749,1.0,1,1.0,0.09090909090909091,1.0,1,1.0,0.2727272727272727,1.0,1,0.8,0.36363636363636365,0.8539316501572937,1,0.7,0.6363636363636364,0.762416491594312
TelecomTS,A-File-No-No@20858692928:114-548,calib,Doppler Shift (Severe),1,18,7,"['RSRP', 'TX_Bytes', 'RX_Bytes', 'UL_NPRB', 'UL_NumberOfPackets', 'UL_SNR', 'DL_NumberOfPackets']","['DL_MCS', 'RSRP', 'RX_Bytes', 'TX_Bytes', 'UL_MCS', 'UL_NPRB', 'UL_SNR']",0.7142857142857143,0.5955375000000012,0.366,0.366,0.052285714285714005,0.366,0.7925,0.37950000000000167,0.16264285714285753,0.3766088600651423,0.9415,0.38539999999999935,0.27528571428571685,0.38136279412827734,1.0,0.39019999999999433,0.5574285714285694,0.48241457028434725,1.0,1,1.0,0.14285714285714285,1.0,1,1.0,0.42857142857142855,1.0,1,0.8,0.5714285714285714,0.8687949224876582,1,0.6,0.8571428571428571,0.8847838959703266
TelecomTS,C-Twitch-No-No@21227618080:99-143,calib,Doppler Shift (Severe),1,18,7,"['UL_SNR', 'RSRP', 'Estimated_UL_Buffer', 'UL_NPRB', 'UL_BLER', 'RX_Bytes', 'PRB_Utilization_UL']","['DL_MCS', 'RSRP', 'RX_Bytes', 'TX_Bytes', 'UL_MCS', 'UL_NPRB', 'UL_SNR']",0.5714285714285714,0.5955375000000012,0.366,0.366,0.052285714285714005,0.366,0.7925,0.37950000000000167,0.16264285714285753,0.3766088600651423,0.9415,0.38539999999999935,0.27528571428571685,0.38136279412827734,1.0,0.39019999999999433,0.5574285714285694,0.48241457028434725,1.0,1,1.0,0.14285714285714285,1.0,1,0.6666666666666666,0.2857142857142857,0.7653606369886217,1,0.6,0.42857142857142855,0.6992148198508501,1,0.6,0.8571428571428571,0.8340595580073009
TelecomTS,C-Twitch-No-No@21227618080:180-262,calib,High Network Congestion (Sudden Spike),1,18,10,"['UL_SNR', 'RSRP', 'Estimated_UL_Buffer', 'UL_NPRB', 'UL_BLER', 'RX_Bytes', 'DL_BLER', 'TX_Bytes', 'UL_MCS', 'PRB_Utilization_UL']","['DL_BLER', 'DL_NumberOfPackets', 'Estimated_UL_Buffer', 'PRB_Utilization_DL', 'PRB_Utilization_UL', 'RX_Bytes', 'TX_Bytes', 'UL_BLER', 'UL_NPRB', 'UL_NumberOfPackets']",0.7,0.7492690476190472,0.572,0.572,0.05719999999999889,0.572,0.9315,0.5596666666666656,0.16789999999999863,0.5622123777053977,0.991,0.5616999999999982,0.2808499999999991,0.5629791618437581,1.0,0.5581000000000036,0.5581000000000036,0.5600712619425394,0.3333333333333333,0,0.0,0.0,0.0,1,0.3333333333333333,0.1,0.23463936301137822,1,0.6,0.3,0.4468535299918563,1,0.7,0.7,0.5747915663739762
TelecomTS,C-File-No-No@20501864096:96-100,calib,Faulty Handover Algorithm (Too Frequent),1,18,9,"['RSRP', 'TX_Bytes', 'UL_SNR', 'UL_NPRB', 'RX_Bytes', 'UL_BLER', 'UL_MCS', 'PRB_Utilization_UL', 'Estimated_UL_Buffer']","['DL_BLER', 'DL_NumberOfPackets', 'Estimated_UL_Buffer', 'RSRP', 'RX_Bytes', 'TX_Bytes', 'UL_BLER', 'UL_NumberOfPackets', 'UL_SNR']",0.6666666666666666,0.6999011904761897,0.504,0.504,0.05600000000000109,0.504,0.891,0.49633333333333346,0.16544444444444487,0.4981731968150567,0.983,0.5004,0.2779999999999982,0.5004076817114045,1.0,0.50155,0.557277777777778,0.5353326412672088,1.0,1,1.0,0.1111111111111111,1.0,1,1.0,0.3333333333333333,1.0,1,0.8,0.4444444444444444,0.8539316501572937,1,0.6,0.6666666666666666,0.7462742600311302
TelecomTS,B-File-No-No@20798215040:115-289,calib,Faulty RF Filters (Temporal),1,18,9,"['TX_Bytes', 'RX_Bytes', 'RSRP', 'UL_NPRB', 'DL_NumberOfPackets', 'UL_SNR', 'PRBs_DL_Current', 'UL_NumberOfPackets', 'DL_BLER']","['DL_BLER', 'PRB_Utilization_DL', 'PRB_Utilization_UL', 'RSRP', 'RX_Bytes', 'TX_Bytes', 'UL_BLER', 'UL_NPRB', 'UL_SNR']",0.6666666666666666,0.6994071428571421,0.498,0.498,0.0553333333333344,0.498,0.903,0.5001666666666669,0.16672222222222252,0.49924866439377863,0.9875,0.5019000000000002,0.27883333333333166,0.5007047202155078,1.0,0.5039999999999997,0.5600000000000007,0.5367162511071116,1.0,1,1.0,0.1111111111111111,1.0,1,1.0,0.3333333333333333,1.0,1,0.8,0.4444444444444444,0.8687949224876582,1,0.6,0.6666666666666666,0.7565748376244514
TelecomTS,A-File-No-No@20858688576:108-247,calib,Faulty RF Filters (Temporal),1,18,9,"['RX_Bytes', 'RSRP', 'UL_NPRB', 'TX_Bytes', 'UL_NumberOfPackets', 'UL_SNR', 'PRBs_DL_Current', 'UL_MCS', 'DL_Protocol']","['DL_BLER', 'PRB_Utilization_DL', 'PRB_Utilization_UL', 'RSRP', 'RX_Bytes', 'TX_Bytes', 'UL_BLER', 'UL_NPRB', 'UL_SNR']",0.5555555555555556,0.6994071428571421,0.498,0.498,0.0553333333333344,0.498,0.903,0.5001666666666669,0.16672222222222252,0.49924866439377863,0.9875,0.5019000000000002,0.27883333333333166,0.5007047202155078,1.0,0.5039999999999997,0.5600000000000007,0.5367162511071116,1.0,1,1.0,0.1111111111111111,1.0,1,1.0,0.3333333333333333,1.0,1,0.8,0.4444444444444444,0.8687949224876582,1,0.6,0.6666666666666666,0.7537624778216616
TelecomTS,B-Twitch-No-No@19606761696:106-287,calib,High Network Congestion (Gradual Buildup),1,18,10,"['UL_BLER', 'RSRP', 'UL_NPRB', 'RX_Bytes', 'UL_SNR', 'PRB_Utilization_UL', 'TX_Bytes', 'UL_MCS', 'DL_BLER', 'PRB_Utilization_DL']","['DL_BLER', 'DL_NumberOfPackets', 'Estimated_UL_Buffer', 'PRB_Utilization_DL', 'PRB_Utilization_UL', 'RX_Bytes', 'TX_Bytes', 'UL_BLER', 'UL_NPRB', 'UL_NumberOfPackets']",0.7,0.7492690476190472,0.572,0.572,0.05719999999999889,0.572,0.9315,0.5596666666666656,0.16789999999999863,0.5622123777053977,0.991,0.5616999999999982,0.2808499999999991,0.5629791618437581,1.0,0.5581000000000036,0.5581000000000036,0.5600712619425394,1.0,1,1.0,0.1,1.0,1,0.6666666666666666,0.2,0.7039180890341347,1,0.6,0.3,0.6548086577531307,1,0.7,0.7,0.7065632165480471
TelecomTS,B-File-No-No@20798216608:113-182,calib,High Network Congestion (Gradual Buildup),1,18,10,"['TX_Bytes', 'RX_Bytes', 'RSRP', 'UL_BLER', 'UL_NPRB', 'UL_SNR', 'DL_NumberOfPackets', 'PRBs_DL_Current', 'DL_BLER', 'UL_NumberOfPackets']","['DL_BLER', 'DL_NumberOfPackets', 'Estimated_UL_Buffer', 'PRB_Utilization_DL', 'PRB_Utilization_UL', 'RX_Bytes', 'TX_Bytes', 'UL_BLER', 'UL_NPRB', 'UL_NumberOfPackets']",0.7,0.7492690476190472,0.572,0.572,0.05719999999999889,0.572,0.9315,0.5596666666666656,0.16789999999999863,0.5622123777053977,0.991,0.5616999999999982,0.2808499999999991,0.5629791618437581,1.0,0.5581000000000036,0.5581000000000036,0.5600712619425394,1.0,1,1.0,0.1,1.0,1,0.6666666666666666,0.2,0.7653606369886217,1,0.8,0.4,0.830419897363192,1,0.7,0.7,0.7421246259355073
TelecomTS,B-File-No-No@20798216608:385-402,calib,Faulty RF Filters (Temporal),1,18,9,"['TX_Bytes', 'RX_Bytes', 'RSRP', 'UL_NPRB', 'UL_NumberOfPackets', 'UL_SNR', 'DL_BLER', 'DL_NumberOfPackets', 'DL_Protocol']","['DL_BLER', 'PRB_Utilization_DL', 'PRB_Utilization_UL', 'RSRP', 'RX_Bytes', 'TX_Bytes', 'UL_BLER', 'UL_NPRB', 'UL_SNR']",0.6666666666666666,0.6994071428571421,0.498,0.498,0.0553333333333344,0.498,0.903,0.5001666666666669,0.16672222222222252,0.49924866439377863,0.9875,0.5019000000000002,0.27883333333333166,0.5007047202155078,1.0,0.5039999999999997,0.5600000000000007,0.5367162511071116,1.0,1,1.0,0.1111111111111111,1.0,1,1.0,0.3333333333333333,1.0,1,0.8,0.4444444444444444,0.8687949224876582,1,0.7,0.7777777777777778,0.8321109942931567
TelecomTS,B-File-No-No@20798216608:443-540,calib,Co-Channel Interference (Mild),1,18,9,"['TX_Bytes', 'RX_Bytes', 'RSRP', 'UL_NPRB', 'UL_SNR', 'DL_BLER', 'PRBs_DL_Current', 'PRB_Utilization_UL', 'UL_BLER']","['DL_BLER', 'PRB_Utilization_DL', 'PRB_Utilization_UL', 'RSRP', 'RX_Bytes', 'TX_Bytes', 'UL_BLER', 'UL_NPRB', 'UL_SNR']",0.8888888888888888,0.6994071428571421,0.498,0.498,0.0553333333333344,0.498,0.903,0.5001666666666669,0.16672222222222252,0.49924866439377863,0.9875,0.5019000000000002,0.27883333333333166,0.5007047202155078,1.0,0.5039999999999997,0.5600000000000007,0.5367162511071116,1.0,1,1.0,0.1111111111111111,1.0,1,1.0,0.3333333333333333,1.0,1,1.0,0.5555555555555556,1.0,1,0.8,0.8888888888888888,0.9216514835285049
TelecomTS,B-Twitch-No-No@19606760640:102-257,calib,High Network Congestion (Sudden Spike),1,18,10,"['UL_NPRB', 'RSRP', 'RX_Bytes', 'UL_SNR', 'UL_BLER', 'UL_MCS', 'DL_BLER', 'Estimated_UL_Buffer', 'PRB_Utilization_DL', 'TX_Bytes']","['DL_BLER', 'DL_NumberOfPackets', 'Estimated_UL_Buffer', 'PRB_Utilization_DL', 'PRB_Utilization_UL', 'RX_Bytes', 'TX_Bytes', 'UL_BLER', 'UL_NPRB', 'UL_NumberOfPackets']",0.7,0.7492690476190472,0.572,0.572,0.05719999999999889,0.572,0.9315,0.5596666666666656,0.16789999999999863,0.5622123777053977,0.991,0.5616999999999982,0.2808499999999991,0.5629791618437581,1.0,0.5581000000000036,0.5581000000000036,0.5600712619425394,1.0,1,1.0,0.1,1.0,1,0.6666666666666666,0.2,0.7039180890341347,1,0.6,0.3,0.639945385422766,1,0.7,0.7,0.6879509227782195
TelecomTS,B-Twitch-No-No@19606760640:369-447,calib,Co-Channel Interference (Severe),1,18,11,"['UL_NPRB', 'RSRP', 'RX_Bytes', 'PRB_Utilization_DL', 'UL_SNR', 'UL_MCS', 'DL_BLER', 'Estimated_UL_Buffer', 'UL_BLER', 'DL_Protocol', 'TX_Bytes']","['DL_BLER', 'DL_NumberOfPackets', 'PRB_Utilization_DL', 'PRB_Utilization_UL', 'RSRP', 'RX_Bytes', 'TX_Bytes', 'UL_BLER', 'UL_NPRB', 'UL_NumberOfPackets', 'UL_SNR']",0.7272727272727273,0.7825130952380935,0.6195,0.6195,0.056318181818182905,0.6195,0.958,0.6096666666666659,0.1662727272727274,0.6113492878320751,0.9965,0.6141999999999939,0.2791818181818154,0.6140177422351251,1.0,0.6134500000000034,0.5576818181818167,0.6135880782992749,1.0,1,1.0,0.09090909090909091,1.0,1,1.0,0.2727272727272727,1.0,1,1.0,0.45454545454545453,1.0,1,0.7,0.6363636363636364,0.7885497208855957
TelecomTS,C-File-No-No@20501859680:122-235,calib,High Network Congestion (Sudden Spike),1,18,10,"['RSRP', 'RX_Bytes', 'UL_NPRB', 'TX_Bytes', 'DL_NumberOfPackets', 'UL_MCS', 'UL_SNR', 'DL_BLER', 'UL_BLER', 'UL_NumberOfPackets']","['DL_BLER', 'DL_NumberOfPackets', 'Estimated_UL_Buffer', 'PRB_Utilization_DL', 'PRB_Utilization_UL', 'RX_Bytes', 'TX_Bytes', 'UL_BLER', 'UL_NPRB', 'UL_NumberOfPackets']",0.7,0.7492690476190472,0.572,0.572,0.05719999999999889,0.572,0.9315,0.5596666666666656,0.16789999999999863,0.5622123777053977,0.991,0.5616999999999982,0.2808499999999991,0.5629791618437581,1.0,0.5581000000000036,0.5581000000000036,0.5600712619425394,0.5,0,0.0,0.0,0.0,1,0.6666666666666666,0.2,0.5307212739772434,1,0.8,0.4,0.6608397947263839,1,0.7,0.7,0.6281460426238844
TelecomTS,C-File-No-No@20501859680:424-673,calib,Faulty RF Filters (Temporal),1,18,9,"['RSRP', 'RX_Bytes', 'TX_Bytes', 'UL_NPRB', 'Estimated_UL_Buffer', 'UL_SNR', 'UL_NumberOfPackets', 'UL_MCS', 'DL_Protocol']","['DL_BLER', 'PRB_Utilization_DL', 'PRB_Utilization_UL', 'RSRP', 'RX_Bytes', 'TX_Bytes', 'UL_BLER', 'UL_NPRB', 'UL_SNR']",0.5555555555555556,0.6994071428571421,0.498,0.498,0.0553333333333344,0.498,0.903,0.5001666666666669,0.16672222222222252,0.49924866439377863,0.9875,0.5019000000000002,0.27883333333333166,0.5007047202155078,1.0,0.5039999999999997,0.5600000000000007,0.5367162511071116,1.0,1,1.0,0.1111111111111111,1.0,1,1.0,0.3333333333333333,1.0,1,0.8,0.4444444444444444,0.8687949224876582,1,0.6,0.6666666666666666,0.7537624778216616
TelecomTS,C-File-No-No@20501859680:798-1139,calib,Buffer Overflow (Gradual Buildup),1,18,10,"['RSRP', 'RX_Bytes', 'TX_Bytes', 'UL_NPRB', 'UL_MCS', 'DL_NumberOfPackets', 'UL_SNR', 'PRB_Utilization_UL', 'DL_BLER', 'DL_Protocol']","['DL_BLER', 'DL_NumberOfPackets', 'Estimated_UL_Buffer', 'PRB_Utilization_DL', 'PRB_Utilization_UL', 'RX_Bytes', 'TX_Bytes', 'UL_BLER', 'UL_NPRB', 'UL_NumberOfPackets']",0.6,0.7492690476190472,0.572,0.572,0.05719999999999889,0.572,0.9315,0.5596666666666656,0.16789999999999863,0.5622123777053977,0.991,0.5616999999999982,0.2808499999999991,0.5629791618437581,1.0,0.5581000000000036,0.5581000000000036,0.5600712619425394,0.5,0,0.0,0.0,0.0,1,0.6666666666666666,0.2,0.5307212739772434,1,0.6,0.3,0.5296347172140421,1,0.6,0.6,0.557780405761987
TelecomTS,C-Twitch-No-No@21227617344:118-557,calib,Resource Allocation Bugs,1,18,9,"['RSRP', 'RX_Bytes', 'UL_SNR', 'Estimated_UL_Buffer', 'UL_NPRB', 'UL_MCS', 'UL_NumberOfPackets', 'PRBs_DL_Current', 'DL_NumberOfPackets']","['DL_BLER', 'PRB_Utilization_DL', 'PRB_Utilization_UL', 'PRBs_DL_Current', 'PRBs_UL_Current', 'RX_Bytes', 'TX_Bytes', 'UL_BLER', 'UL_NPRB']",0.3333333333333333,0.6971285714285702,0.495,0.495,0.05500000000000106,0.495,0.8955,0.49950000000000033,0.16649999999999993,0.4988742207021294,0.9895,0.5017999999999998,0.27877777777777596,0.5007349503321751,1.0,0.5012000000000001,0.5568888888888887,0.534649649306806,0.5,0,0.0,0.0,0.0,1,0.3333333333333333,0.1111111111111111,0.2960819109658652,1,0.4,0.2222222222222222,0.34519134224686937,1,0.4,0.4444444444444444,0.3813172773924932
TelecomTS,A-Youtube-No-No@17695587520:112-170,train,Antenna Failure,2,18,13,"['RSRP', 'UL_SNR', 'RX_Bytes', 'UL_NPRB', 'PRBs_UL_Current', 'UL_MCS', 'DL_BLER', 'Estimated_UL_Buffer', 'DL_MCS', 'PRB_Utilization_UL', 'TX_Bytes', 'UL_BLER', 'DL_NumberOfPackets']","['DL_BLER', 'DL_MCS', 'DL_NumberOfPackets', 'Estimated_UL_Buffer', 'PRBs_DL_Current', 'PRBs_UL_Current', 'RSRP', 'RX_Bytes', 'TX_Bytes', 'UL_BLER', 'UL_MCS', 'UL_NumberOfPackets', 'UL_SNR']",0.8461538461538461,0.8445499999999982,0.7145,0.7145,0.054961538461540074,0.7145,0.9855,0.7213333333333375,0.16646153846153652,0.7202624664350279,1.0,0.7247999999999861,0.2787692307692311,0.7228955410150883,1.0,0.724500000000001,0.5573076923076955,0.7230999087949193,1.0,1,1.0,0.07692307692307693,1.0,1,1.0,0.23076923076923078,1.0,1,0.8,0.3076923076923077,0.8539316501572937,1,0.8,0.6153846153846154,0.8415908474314976
TelecomTS,A-Twitch-No-No@17883074560:115-219,train,Antenna Failure,2,18,13,"['UL_BLER', 'RSRP', 'Estimated_UL_Buffer', 'RX_Bytes', 'DL_Protocol', 'UL_NPRB', 'UL_MCS', 'DL_BLER', 'UL_NumberOfPackets', 'TX_Bytes', 'UL_SNR', 'PRB_Utilization_DL', 'PRB_Utilization_UL']","['DL_BLER', 'DL_MCS', 'DL_NumberOfPackets', 'Estimated_UL_Buffer', 'PRBs_DL_Current', 'PRBs_UL_Current', 'RSRP', 'RX_Bytes', 'TX_Bytes', 'UL_BLER', 'UL_MCS', 'UL_NumberOfPackets', 'UL_SNR']",0.6923076923076923,0.8445499999999982,0.7145,0.7145,0.054961538461540074,0.7145,0.9855,0.7213333333333375,0.16646153846153652,0.7202624664350279,1.0,0.7247999999999861,0.2787692307692311,0.7228955410150883,1.0,0.724500000000001,0.5573076923076955,0.7230999087949193,1.0,1,1.0,0.07692307692307693,1.0,1,1.0,0.23076923076923078,1.0,1,0.8,0.3076923076923077,0.8687949224876582,1,0.8,0.6153846153846154,0.8364586133797037
TelecomTS,A-Twitch-No-No@17883078368:113-280,train,Antenna Failure,2,18,13,"['RSRP', 'UL_NPRB', 'UL_SNR', 'RX_Bytes', 'UL_BLER', 'UL_MCS', 'DL_Protocol', 'UL_NumberOfPackets', 'TX_Bytes', 'PRB_Utilization_UL', 'Estimated_UL_Buffer', 'DL_BLER', 'PRBs_UL_Current']","['DL_BLER', 'DL_MCS', 'DL_NumberOfPackets', 'Estimated_UL_Buffer', 'PRBs_DL_Current', 'PRBs_UL_Current', 'RSRP', 'RX_Bytes', 'TX_Bytes', 'UL_BLER', 'UL_MCS', 'UL_NumberOfPackets', 'UL_SNR']",0.7692307692307693,0.8445499999999982,0.7145,0.7145,0.054961538461540074,0.7145,0.9855,0.7213333333333375,0.16646153846153652,0.7202624664350279,1.0,0.7247999999999861,0.2787692307692311,0.7228955410150883,1.0,0.724500000000001,0.5573076923076955,0.7230999087949193,1.0,1,1.0,0.07692307692307693,1.0,1,0.6666666666666666,0.15384615384615385,0.7039180890341347,1,0.8,0.3076923076923077,0.7860137352654724,1,0.7,0.5384615384615384,0.7241528458281337
TelecomTS,A-Twitch-No-No@17883080160:123-336,train,Antenna Failure,2,18,13,"['RSRP', 'UL_NPRB', 'DL_BLER', 'UL_SNR', 'UL_MCS', 'UL_Protocol', 'RX_Bytes', 'DL_Protocol', 'TX_Bytes', 'UL_NumberOfPackets', 'UL_BLER', 'DL_NumberOfPackets', 'PRBs_DL_Current']","['DL_BLER', 'DL_MCS', 'DL_NumberOfPackets', 'Estimated_UL_Buffer', 'PRBs_DL_Current', 'PRBs_UL_Current', 'RSRP', 'RX_Bytes', 'TX_Bytes', 'UL_BLER', 'UL_MCS', 'UL_NumberOfPackets', 'UL_SNR']",0.7692307692307693,0.8445499999999982,0.7145,0.7145,0.054961538461540074,0.7145,0.9855,0.7213333333333375,0.16646153846153652,0.7202624664350279,1.0,0.7247999999999861,0.2787692307692311,0.7228955410150883,1.0,0.724500000000001,0.5573076923076955,0.7230999087949193,1.0,1,1.0,0.07692307692307693,1.0,1,0.6666666666666666,0.15384615384615385,0.7039180890341347,1,0.8,0.3076923076923077,0.7860137352654724,1,0.7,0.5384615384615384,0.7133080652109929
TelecomTS,C-File-No-No@20501856960:108-331,train,Antenna Failure,2,18,13,"['RSRP', 'RX_Bytes', 'UL_NPRB', 'TX_Bytes', 'UL_SNR', 'Estimated_UL_Buffer', 'UL_NumberOfPackets', 'DL_NumberOfPackets', 'UL_MCS', 'DL_Protocol', 'DL_BLER', 'UL_BLER', 'PRBs_DL_Current']","['DL_BLER', 'DL_MCS', 'DL_NumberOfPackets', 'Estimated_UL_Buffer', 'PRBs_DL_Current', 'PRBs_UL_Current', 'RSRP', 'RX_Bytes', 'TX_Bytes', 'UL_BLER', 'UL_MCS', 'UL_NumberOfPackets', 'UL_SNR']",0.8461538461538461,0.8445499999999982,0.7145,0.7145,0.054961538461540074,0.7145,0.9855,0.7213333333333375,0.16646153846153652,0.7202624664350279,1.0,0.7247999999999861,0.2787692307692311,0.7228955410150883,1.0,0.724500000000001,0.5573076923076955,0.7230999087949193,1.0,1,1.0,0.07692307692307693,1.0,1,0.6666666666666666,0.15384615384615385,0.7653606369886217,1,0.8,0.3076923076923077,0.830419897363192,1,0.8,0.6153846153846154,0.8263333286520083
TelecomTS,A-Youtube-No-No@17695588128:107-560,train,Buffer Overflow (Gradual Buildup),2,18,10,"['RX_Bytes', 'UL_NPRB', 'UL_SNR', 'Estimated_UL_Buffer', 'RSRP', 'DL_BLER', 'TX_Bytes', 'PRBs_UL_Current', 'UL_BLER', 'DL_Protocol']","['DL_BLER', 'DL_NumberOfPackets', 'Estimated_UL_Buffer', 'PRB_Utilization_DL', 'PRB_Utilization_UL', 'RX_Bytes', 'TX_Bytes', 'UL_BLER', 'UL_NPRB', 'UL_NumberOfPackets']",0.6,0.7416976190476186,0.559,0.559,0.055899999999998964,0.559,0.928,0.555333333333332,0.16659999999999878,0.5560810329931254,0.9925,0.5532999999999992,0.2766499999999996,0.5543193255848787,1.0,0.5550000000000028,0.5550000000000028,0.555309633101106,1.0,1,1.0,0.1,1.0,1,0.6666666666666666,0.2,0.7653606369886217,1,0.6,0.3,0.6992148198508501,1,0.6,0.6,0.67175898907361
TelecomTS,A-Youtube-No-No@17695588128:602-644,train,Faulty RF Filters (Temporal),2,18,9,"['UL_NPRB', 'UL_SNR', 'RSRP', 'RX_Bytes', 'Estimated_UL_Buffer', 'DL_BLER', 'UL_BLER', 'DL_Protocol', 'TX_Bytes']","['DL_BLER', 'PRB_Utilization_DL', 'PRB_Utilization_UL', 'RSRP', 'RX_Bytes', 'TX_Bytes', 'UL_BLER', 'UL_NPRB', 'UL_SNR']",0.7777777777777778,0.704430952380952,0.5065,0.5065,0.05627777777777887,0.5065,0.9,0.5054999999999992,0.16850000000000037,0.5059189670068743,0.986,0.5058999999999997,0.2810555555555536,0.5060652087439542,1.0,0.5030000000000003,0.5588888888888884,0.5383215732514421,1.0,1,1.0,0.1111111111111111,1.0,1,1.0,0.3333333333333333,1.0,1,0.8,0.4444444444444444,0.8687949224876582,1,0.7,0.7777777777777778,0.8349233540959466
TelecomTS,A-Youtube-No-No@17695589952:121-202,train,Buffer Overflow (Gradual Buildup),2,18,10,"['RSRP', 'UL_NPRB', 'RX_Bytes', 'TX_Bytes', 'Estimated_UL_Buffer', 'DL_BLER', 'DL_Protocol', 'UL_BLER', 'UL_SNR', 'DL_NumberOfPackets']","['DL_BLER', 'DL_NumberOfPackets', 'Estimated_UL_Buffer', 'PRB_Utilization_DL', 'PRB_Utilization_UL', 'RX_Bytes', 'TX_Bytes', 'UL_BLER', 'UL_NPRB', 'UL_NumberOfPackets']",0.7,0.7416976190476186,0.559,0.559,0.055899999999998964,0.559,0.928,0.555333333333332,0.16659999999999878,0.5560810329931254,0.9925,0.5532999999999992,0.2766499999999996,0.5543193255848787,1.0,0.5550000000000028,0.5550000000000028,0.555309633101106,0.5,0,0.0,0.0,0.0,1,0.6666666666666666,0.2,0.5307212739772434,1,0.8,0.4,0.6608397947263839,1,0.7,0.7,0.6402900881481708
TelecomTS,A-Youtube-No-No@17695589952:297-666,train,Faulty RF Filters (Temporal),2,18,9,"['RSRP', 'UL_NPRB', 'RX_Bytes', 'UL_SNR', 'Estimated_UL_Buffer', 'DL_BLER', 'DL_Protocol', 'UL_BLER', 'TX_Bytes']","['DL_BLER', 'PRB_Utilization_DL', 'PRB_Utilization_UL', 'RSRP', 'RX_Bytes', 'TX_Bytes', 'UL_BLER', 'UL_NPRB', 'UL_SNR']",0.7777777777777778,0.704430952380952,0.5065,0.5065,0.05627777777777887,0.5065,0.9,0.5054999999999992,0.16850000000000037,0.5059189670068743,0.986,0.5058999999999997,0.2810555555555536,0.5060652087439542,1.0,0.5030000000000003,0.5588888888888884,0.5383215732514421,1.0,1,1.0,0.1111111111111111,1.0,1,1.0,0.3333333333333333,1.0,1,0.8,0.4444444444444444,0.8687949224876582,1,0.7,0.7777777777777778,0.830723452909526
TelecomTS,A-Youtube-No-No@17695589952:781-964,train,Resource Allocation Bugs,2,18,9,"['UL_NPRB', 'RX_Bytes', 'RSRP', 'Estimated_UL_Buffer', 'DL_BLER', 'UL_SNR', 'PRBs_UL_Current', 'DL_Protocol', 'UL_BLER']","['DL_BLER', 'PRB_Utilization_DL', 'PRB_Utilization_UL', 'PRBs_DL_Current', 'PRBs_UL_Current', 'RX_Bytes', 'TX_Bytes', 'UL_BLER', 'UL_NPRB']",0.5555555555555556,0.7008749999999992,0.499,0.499,0.05544444444444552,0.499,0.8985,0.5071666666666658,0.16905555555555593,0.5055781387911652,0.9855,0.502799999999999,0.2793333333333318,0.503121747410585,1.0,0.5039500000000002,0.5599444444444452,0.5383156715022126,1.0,1,1.0,0.1111111111111111,1.0,1,0.6666666666666666,0.2222222222222222,0.7653606369886217,1,0.6,0.3333333333333333,0.6843515475204855,1,0.6,0.6666666666666666,0.6913184887144799
TelecomTS,B-Youtube-No-No@18149192640:98-480,train,Buffer Overflow (Gradual Buildup),2,18,10,"['RSRP', 'UL_SNR', 'UL_NPRB', 'DL_MCS', 'RX_Bytes', 'DL_BLER', 'Estimated_UL_Buffer', 'UL_MCS', 'TX_Bytes', 'UL_BLER']","['DL_BLER', 'DL_NumberOfPackets', 'Estimated_UL_Buffer', 'PRB_Utilization_DL', 'PRB_Utilization_UL', 'RX_Bytes', 'TX_Bytes', 'UL_BLER', 'UL_NPRB', 'UL_NumberOfPackets']",0.6,0.7416976190476186,0.559,0.559,0.055899999999998964,0.559,0.928,0.555333333333332,0.16659999999999878,0.5560810329931254,0.9925,0.5532999999999992,0.2766499999999996,0.5543193255848787,1.0,0.5550000000000028,0.5550000000000028,0.555309633101106,0.3333333333333333,0,0.0,0.0,0.0,1,0.3333333333333333,0.1,0.23463936301137822,1,0.4,0.2,0.30078518014914984,1,0.6,0.6,0.47682620352203725
TelecomTS,C-Youtube-No-No@19068481728:122-257,train,Buffer Overflow (Gradual Buildup),2,18,10,"['RSRP', 'UL_NPRB', 'UL_SNR', 'RX_Bytes', 'Estimated_UL_Buffer', 'DL_BLER', 'DL_Protocol', 'UL_BLER', 'PRBs_UL_Current', 'DL_NumberOfPackets']","['DL_BLER', 'DL_NumberOfPackets', 'Estimated_UL_Buffer', 'PRB_Utilization_DL', 'PRB_Utilization_UL', 'RX_Bytes', 'TX_Bytes', 'UL_BLER', 'UL_NPRB', 'UL_NumberOfPackets']",0.6,0.7416976190476186,0.559,0.559,0.055899999999998964,0.559,0.928,0.555333333333332,0.16659999999999878,0.5560810329931254,0.9925,0.5532999999999992,0.2766499999999996,0.5543193255848787,1.0,0.5550000000000028,0.5550000000000028,0.555309633101106,0.5,0,0.0,0.0,0.0,1,0.3333333333333333,0.1,0.2960819109658652,1,0.6,0.3,0.4912596920895758,1,0.6,0.6,0.5302442049991305
TelecomTS,C-Youtube-No-No@19068487456:110-314,train,Buffer Overflow (Gradual Buildup),2,18,10,"['TX_Bytes', 'DL_BLER', 'RX_Bytes', 'DL_MCS', 'RSRP', 'PRBs_UL_Current', 'UL_NPRB', 'UL_SNR', 'Estimated_UL_Buffer', 'UL_BLER']","['DL_BLER', 'DL_NumberOfPackets', 'Estimated_UL_Buffer', 'PRB_Utilization_DL', 'PRB_Utilization_UL', 'RX_Bytes', 'TX_Bytes', 'UL_BLER', 'UL_NPRB', 'UL_NumberOfPackets']",0.6,0.7416976190476186,0.559,0.559,0.055899999999998964,0.559,0.928,0.555333333333332,0.16659999999999878,0.5560810329931254,0.9925,0.5532999999999992,0.2766499999999996,0.5543193255848787,1.0,0.5550000000000028,0.5550000000000028,0.555309633101106,1.0,1,1.0,0.1,1.0,1,1.0,0.3,1.0,1,0.6,0.3,0.7227265726449519,1,0.6,0.6,0.6722390270733757
TelecomTS,C-Youtube-No-No@19068487456:473-594,train,Antenna Failure,2,18,13,"['RSRP', 'UL_NPRB', 'DL_BLER', 'TX_Bytes', 'DL_MCS', 'RX_Bytes', 'Estimated_UL_Buffer', 'UL_SNR', 'PRB_Utilization_UL', 'UL_BLER', 'PRBs_UL_Current', 'DL_NumberOfPackets', 'DL_Protocol']","['DL_BLER', 'DL_MCS', 'DL_NumberOfPackets', 'Estimated_UL_Buffer', 'PRBs_DL_Current', 'PRBs_UL_Current', 'RSRP', 'RX_Bytes', 'TX_Bytes', 'UL_BLER', 'UL_MCS', 'UL_NumberOfPackets', 'UL_SNR']",0.7692307692307693,0.8445499999999982,0.7145,0.7145,0.054961538461540074,0.7145,0.9855,0.7213333333333375,0.16646153846153652,0.7202624664350279,1.0,0.7247999999999861,0.2787692307692311,0.7228955410150883,1.0,0.724500000000001,0.5573076923076955,0.7230999087949193,1.0,1,1.0,0.07692307692307693,1.0,1,0.6666666666666666,0.15384615384615385,0.7039180890341347,1,0.8,0.3076923076923077,0.7860137352654724,1,0.8,0.6153846153846154,0.7948833326720564
TelecomTS,B-Twitch-No-No@19606755008:98-649,train,Buffer Overflow (Gradual Buildup),2,18,10,"['UL_NPRB', 'RSRP', 'RX_Bytes', 'PRB_Utilization_DL', 'UL_BLER', 'UL_MCS', 'TX_Bytes', 'DL_BLER', 'Estimated_UL_Buffer', 'UL_SNR']","['DL_BLER', 'DL_NumberOfPackets', 'Estimated_UL_Buffer', 'PRB_Utilization_DL', 'PRB_Utilization_UL', 'RX_Bytes', 'TX_Bytes', 'UL_BLER', 'UL_NPRB', 'UL_NumberOfPackets']",0.7,0.7416976190476186,0.559,0.559,0.055899999999998964,0.559,0.928,0.555333333333332,0.16659999999999878,0.5560810329931254,0.9925,0.5532999999999992,0.2766499999999996,0.5543193255848787,1.0,0.5550000000000028,0.5550000000000028,0.555309633101106,1.0,1,1.0,0.1,1.0,1,0.6666666666666666,0.2,0.7039180890341347,1,0.8,0.4,0.7860137352654724,1,0.7,0.7,0.7191184989488184
TelecomTS,A-Youtube-No-No@17695586816:118-180,train,Co-Channel Interference (Mild),2,18,9,"['UL_NPRB', 'RX_Bytes', 'DL_NumberOfPackets', 'DL_BLER', 'UL_SNR', 'RSRP', 'Estimated_UL_Buffer', 'DL_Protocol', 'UL_BLER']","['DL_BLER', 'PRB_Utilization_DL', 'PRB_Utilization_UL', 'RSRP', 'RX_Bytes', 'TX_Bytes', 'UL_BLER', 'UL_NPRB', 'UL_SNR']",0.6666666666666666,0.704430952380952,0.5065,0.5065,0.05627777777777887,0.5065,0.9,0.5054999999999992,0.16850000000000037,0.5059189670068743,0.986,0.5058999999999997,0.2810555555555536,0.5060652087439542,1.0,0.5030000000000003,0.5588888888888884,0.5383215732514421,1.0,1,1.0,0.1111111111111111,1.0,1,0.6666666666666666,0.2222222222222222,0.7653606369886217,1,0.8,0.4444444444444444,0.830419897363192,1,0.7,0.7777777777777778,0.7979234944544784
TelecomTS,A-Youtube-No-No@17695589472:110-302,train,Co-Channel Interference (Mild),2,18,9,"['UL_NPRB', 'DL_NumberOfPackets', 'RX_Bytes', 'TX_Bytes', 'RSRP', 'Estimated_UL_Buffer', 'DL_BLER', 'UL_BLER', 'DL_Protocol']","['DL_BLER', 'PRB_Utilization_DL', 'PRB_Utilization_UL', 'RSRP', 'RX_Bytes', 'TX_Bytes', 'UL_BLER', 'UL_NPRB', 'UL_SNR']",0.6666666666666666,0.704430952380952,0.5065,0.5065,0.05627777777777887,0.5065,0.9,0.5054999999999992,0.16850000000000037,0.5059189670068743,0.986,0.5058999999999997,0.2810555555555536,0.5060652087439542,1.0,0.5030000000000003,0.5588888888888884,0.5383215732514421,1.0,1,1.0,0.1111111111111111,1.0,1,0.6666666666666666,0.2222222222222222,0.7039180890341347,1,0.8,0.4444444444444444,0.7860137352654724,1,0.6,0.6666666666666666,0.6972220947095767
TelecomTS,C-Youtube-No-No@19068482144:118-518,train,Co-Channel Interference (Mild),2,18,9,"['UL_SNR', 'UL_NPRB', 'RSRP', 'RX_Bytes', 'Estimated_UL_Buffer', 'DL_BLER', 'UL_BLER', 'UL_NumberOfPackets', 'DL_Protocol']","['DL_BLER', 'PRB_Utilization_DL', 'PRB_Utilization_UL', 'RSRP', 'RX_Bytes', 'TX_Bytes', 'UL_BLER', 'UL_NPRB', 'UL_SNR']",0.6666666666666666,0.704430952380952,0.5065,0.5065,0.05627777777777887,0.5065,0.9,0.5054999999999992,0.16850000000000037,0.5059189670068743,0.986,0.5058999999999997,0.2810555555555536,0.5060652087439542,1.0,0.5030000000000003,0.5588888888888884,0.5383215732514421,1.0,1,1.0,0.1111111111111111,1.0,1,1.0,0.3333333333333333,1.0,1,0.8,0.4444444444444444,0.8687949224876582,1,0.7,0.7777777777777778,0.8321109942931567
TelecomTS,C-Youtube-No-No@19068482144:680-716,train,Co-Channel Interference (Mild),2,18,9,"['UL_SNR', 'UL_NPRB', 'RSRP', 'RX_Bytes', 'DL_BLER', 'Estimated_UL_Buffer', 'TX_Bytes', 'UL_BLER', 'DL_Protocol']","['DL_BLER', 'PRB_Utilization_DL', 'PRB_Utilization_UL', 'RSRP', 'RX_Bytes', 'TX_Bytes', 'UL_BLER', 'UL_NPRB', 'UL_SNR']",0.7777777777777778,0.704430952380952,0.5065,0.5065,0.05627777777777887,0.5065,0.9,0.5054999999999992,0.16850000000000037,0.5059189670068743,0.986,0.5058999999999997,0.2810555555555536,0.5060652087439542,1.0,0.5030000000000003,0.5588888888888884,0.5383215732514421,1.0,1,1.0,0.1111111111111111,1.0,1,1.0,0.3333333333333333,1.0,1,1.0,0.5555555555555556,1.0,1,0.7,0.7777777777777778,0.8455193252797258
TelecomTS,A-Youtube-No-No@17695584000:43-479,train,Co-Channel Interference (Severe),2,18,11,"['UL_NPRB', 'RSRP', 'Estimated_UL_Buffer', 'DL_BLER', 'TX_Bytes', 'RX_Bytes', 'UL_SNR', 'UL_BLER', 'DL_Protocol', 'PRBs_DL_Current', 'PRB_Utilization_DL']","['DL_BLER', 'DL_NumberOfPackets', 'PRB_Utilization_DL', 'PRB_Utilization_UL', 'RSRP', 'RX_Bytes', 'TX_Bytes', 'UL_BLER', 'UL_NPRB', 'UL_NumberOfPackets', 'UL_SNR']",0.7272727272727273,0.777574999999999,0.6075,0.6075,0.055227272727273784,0.6075,0.959,0.6098333333333327,0.16631818181818192,0.6094189670068746,0.997,0.6110999999999958,0.2777727272727245,0.6103375759366964,1.0,0.6123500000000032,0.5566818181818154,0.6115309207304264,1.0,1,1.0,0.09090909090909091,1.0,1,0.6666666666666666,0.18181818181818182,0.7653606369886217,1,0.8,0.36363636363636365,0.830419897363192,1,0.7,0.6363636363636364,0.7600791051976192
TelecomTS,A-Youtube-No-No@17695585568:115-346,train,Co-Channel Interference (Severe),2,18,11,"['UL_NPRB', 'RSRP', 'RX_Bytes', 'DL_BLER', 'Estimated_UL_Buffer', 'PRB_Utilization_DL', 'DL_Protocol', 'UL_SNR', 'UL_BLER', 'TX_Bytes', 'PRBs_DL_Current']","['DL_BLER', 'DL_NumberOfPackets', 'PRB_Utilization_DL', 'PRB_Utilization_UL', 'RSRP', 'RX_Bytes', 'TX_Bytes', 'UL_BLER', 'UL_NPRB', 'UL_NumberOfPackets', 'UL_SNR']",0.7272727272727273,0.777574999999999,0.6075,0.6075,0.055227272727273784,0.6075,0.959,0.6098333333333327,0.16631818181818192,0.6094189670068746,0.997,0.6110999999999958,0.2777727272727245,0.6103375759366964,1.0,0.6123500000000032,0.5566818181818154,0.6115309207304264,1.0,1,1.0,0.09090909090909091,1.0,1,1.0,0.2727272727272727,1.0,1,0.8,0.36363636363636365,0.8687949224876582,1,0.8,0.7272727272727273,0.841492960259019
TelecomTS,A-Twitch-No-No@17883077216:99-226,train,Co-Channel Interference (Severe),2,18,11,"['RSRP', 'UL_NPRB', 'DL_BLER', 'RX_Bytes', 'UL_NumberOfPackets', 'UL_MCS', 'UL_BLER', 'TX_Bytes', 'UL_SNR', 'DL_Protocol', 'DL_NumberOfPackets']","['DL_BLER', 'DL_NumberOfPackets', 'PRB_Utilization_DL', 'PRB_Utilization_UL', 'RSRP', 'RX_Bytes', 'TX_Bytes', 'UL_BLER', 'UL_NPRB', 'UL_NumberOfPackets', 'UL_SNR']",0.8181818181818182,0.777574999999999,0.6075,0.6075,0.055227272727273784,0.6075,0.959,0.6098333333333327,0.16631818181818192,0.6094189670068746,0.997,0.6110999999999958,0.2777727272727245,0.6103375759366964,1.0,0.6123500000000032,0.5566818181818154,0.6115309207304264,1.0,1,1.0,0.09090909090909091,1.0,1,1.0,0.2727272727272727,1.0,1,1.0,0.45454545454545453,1.0,1,0.8,0.7272727272727273,0.857980942822373
TelecomTS,A-Youtube-No-No@17695591904:97-571,train,Doppler Shift (Severe),2,18,7,"['RSRP', 'UL_NPRB', 'UL_SNR', 'RX_Bytes', 'DL_BLER', 'Estimated_UL_Buffer', 'DL_Protocol']","['DL_MCS', 'RSRP', 'RX_Bytes', 'TX_Bytes', 'UL_MCS', 'UL_NPRB', 'UL_SNR']",0.5714285714285714,0.6189297799422815,0.4025,0.4025,0.05749999999999957,0.4025,0.8045,0.3928333333333345,0.1683571428571435,0.39468165643142034,0.946,0.3949,0.28207142857143175,0.39551999692800743,0.9995,0.3937499999999935,0.5624999999999976,0.4926357933911884,1.0,1,1.0,0.14285714285714285,1.0,1,1.0,0.42857142857142855,1.0,1,0.8,0.5714285714285714,0.8687949224876582,1,0.5,0.7142857142857143,0.7868709706203587
TelecomTS,A-Youtube-No-No@17695591904:714-1399,train,Co-Channel Interference (Severe),2,18,11,"['UL_NPRB', 'DL_NumberOfPackets', 'RX_Bytes', 'RSRP', 'UL_SNR', 'Estimated_UL_Buffer', 'DL_BLER', 'DL_Protocol', 'UL_BLER', 'TX_Bytes', 'PRBs_DL_Current']","['DL_BLER', 'DL_NumberOfPackets', 'PRB_Utilization_DL', 'PRB_Utilization_UL', 'RSRP', 'RX_Bytes', 'TX_Bytes', 'UL_BLER', 'UL_NPRB', 'UL_NumberOfPackets', 'UL_SNR']",0.7272727272727273,0.777574999999999,0.6075,0.6075,0.055227272727273784,0.6075,0.959,0.6098333333333327,0.16631818181818192,0.6094189670068746,0.997,0.6110999999999958,0.2777727272727245,0.6103375759366964,1.0,0.6123500000000032,0.5566818181818154,0.6115309207304264,1.0,1,1.0,0.09090909090909091,1.0,1,1.0,0.2727272727272727,1.0,1,1.0,0.45454545454545453,1.0,1,0.8,0.7272727272727273,0.8521705090845474
TelecomTS,A-Youtube-No-No@17695591904:1495-1532,train,Faulty Handover Algorithm (Too Frequent),2,18,9,"['UL_SNR', 'RX_Bytes', 'RSRP', 'UL_NPRB', 'DL_MCS', 'DL_BLER', 'TX_Bytes', 'UL_BLER', 'Estimated_UL_Buffer']","['DL_BLER', 'DL_NumberOfPackets', 'Estimated_UL_Buffer', 'RSRP', 'RX_Bytes', 'TX_Bytes', 'UL_BLER', 'UL_NumberOfPackets', 'UL_SNR']",0.7777777777777778,0.698677976190476,0.4935,0.4935,0.054833333333334386,0.4935,0.899,0.49616666666666637,0.16538888888888925,0.49623731057545384,0.986,0.5012999999999999,0.2784999999999985,0.49956054776567604,1.0,0.49955,0.5550555555555552,0.5326308835107421,1.0,1,1.0,0.1111111111111111,1.0,1,1.0,0.3333333333333333,1.0,1,0.6,0.3333333333333333,0.7227265726449519,1,0.7,0.7777777777777778,0.807843361168721
TelecomTS,B-Twitch-No-No@19606752128:117-340,train,Doppler Shift (Severe),2,18,7,"['UL_NPRB', 'RSRP', 'RX_Bytes', 'PRB_Utilization_DL', 'TX_Bytes', 'Estimated_UL_Buffer', 'UL_NumberOfPackets']","['DL_MCS', 'RSRP', 'RX_Bytes', 'TX_Bytes', 'UL_MCS', 'UL_NPRB', 'UL_SNR']",0.5714285714285714,0.6189297799422815,0.4025,0.4025,0.05749999999999957,0.4025,0.8045,0.3928333333333345,0.1683571428571435,0.39468165643142034,0.946,0.3949,0.28207142857143175,0.39551999692800743,0.9995,0.3937499999999935,0.5624999999999976,0.4926357933911884,1.0,1,1.0,0.14285714285714285,1.0,1,1.0,0.42857142857142855,1.0,1,0.8,0.5714285714285714,0.8539316501572937,1,0.5,0.7142857142857143,0.771535916822673
TelecomTS,B-Twitch-No-No@19606756000:122-266,train,Doppler Shift (Severe),2,18,7,"['UL_NPRB', 'RSRP', 'RX_Bytes', 'UL_SNR', 'TX_Bytes', 'UL_MCS', 'UL_NumberOfPackets']","['DL_MCS', 'RSRP', 'RX_Bytes', 'TX_Bytes', 'UL_MCS', 'UL_NPRB', 'UL_SNR']",0.8571428571428571,0.6189297799422815,0.4025,0.4025,0.05749999999999957,0.4025,0.8045,0.3928333333333345,0.1683571428571435,0.39468165643142034,0.946,0.3949,0.28207142857143175,0.39551999692800743,0.9995,0.3937499999999935,0.5624999999999976,0.4926357933911884,1.0,1,1.0,0.14285714285714285,1.0,1,1.0,0.42857142857142855,1.0,1,1.0,0.7142857142857143,1.0,1,0.6,0.8571428571428571,0.9083745556952364
TelecomTS,C-File-No-No@20501857504:118-181,train,Doppler Shift (Severe),2,18,7,"['UL_BLER', 'PRB_Utilization_UL', 'RSRP', 'UL_NumberOfPackets', 'UL_NPRB', 'RX_Bytes', 'Estimated_UL_Buffer']","['DL_MCS', 'RSRP', 'RX_Bytes', 'TX_Bytes', 'UL_MCS', 'UL_NPRB', 'UL_SNR']",0.42857142857142855,0.6189297799422815,0.4025,0.4025,0.05749999999999957,0.4025,0.8045,0.3928333333333345,0.1683571428571435,0.39468165643142034,0.946,0.3949,0.28207142857143175,0.39551999692800743,0.9995,0.3937499999999935,0.5624999999999976,0.4926357933911884,0.3333333333333333,0,0.0,0.0,0.0,1,0.3333333333333333,0.14285714285714285,0.23463936301137822,1,0.4,0.2857142857142857,0.30078518014914984,1,0.3,0.42857142857142855,0.3416877728373431
TelecomTS,A-Youtube-No-No@17695591328:125-134,train,Faulty Handover Algorithm (Too Frequent),2,18,9,"['UL_SNR', 'RSRP', 'DL_BLER', 'UL_NPRB', 'RX_Bytes', 'Estimated_UL_Buffer', 'PRB_Utilization_DL', 'TX_Bytes', 'UL_BLER']","['DL_BLER', 'DL_NumberOfPackets', 'Estimated_UL_Buffer', 'RSRP', 'RX_Bytes', 'TX_Bytes', 'UL_BLER', 'UL_NumberOfPackets', 'UL_SNR']",0.7777777777777778,0.698677976190476,0.4935,0.4935,0.054833333333334386,0.4935,0.899,0.49616666666666637,0.16538888888888925,0.49623731057545384,0.986,0.5012999999999999,0.2784999999999985,0.49956054776567604,1.0,0.49955,0.5550555555555552,0.5326308835107421,1.0,1,1.0,0.1111111111111111,1.0,1,1.0,0.3333333333333333,1.0,1,0.8,0.4444444444444444,0.8539316501572937,1,0.7,0.7777777777777778,0.8204228753162047
TelecomTS,B-Twitch-No-No@19606753888:115-369,train,Faulty Handover Algorithm (Too Frequent),2,18,9,"['UL_NPRB', 'RX_Bytes', 'RSRP', 'UL_SNR', 'PRB_Utilization_DL', 'Estimated_UL_Buffer', 'DL_NumberOfPackets', 'UL_NumberOfPackets', 'DL_BLER']","['DL_BLER', 'DL_NumberOfPackets', 'Estimated_UL_Buffer', 'RSRP', 'RX_Bytes', 'TX_Bytes', 'UL_BLER', 'UL_NumberOfPackets', 'UL_SNR']",0.7777777777777778,0.698677976190476,0.4935,0.4935,0.054833333333334386,0.4935,0.899,0.49616666666666637,0.16538888888888925,0.49623731057545384,0.986,0.5012999999999999,0.2784999999999985,0.49956054776567604,1.0,0.49955,0.5550555555555552,0.5326308835107421,0.5,0,0.0,0.0,0.0,1,0.6666666666666666,0.2222222222222222,0.5307212739772434,1,0.6,0.3333333333333333,0.5296347172140421,1,0.7,0.7777777777777778,0.6740264199665357
TelecomTS,B-Twitch-No-No@19606753888:388-479,train,Doppler Shift (Severe),2,18,7,"['UL_BLER', 'UL_NPRB', 'RSRP', 'RX_Bytes', 'UL_SNR', 'PRB_Utilization_DL', 'TX_Bytes']","['DL_MCS', 'RSRP', 'RX_Bytes', 'TX_Bytes', 'UL_MCS', 'UL_NPRB', 'UL_SNR']",0.7142857142857143,0.6189297799422815,0.4025,0.4025,0.05749999999999957,0.4025,0.8045,0.3928333333333345,0.1683571428571435,0.39468165643142034,0.946,0.3949,0.28207142857143175,0.39551999692800743,0.9995,0.3937499999999935,0.5624999999999976,0.4926357933911884,0.5,0,0.0,0.0,0.0,1,0.6666666666666666,0.2857142857142857,0.5307212739772434,1,0.8,0.5714285714285714,0.6608397947263839,1,0.5,0.7142857142857143,0.6272107417357413
TelecomTS,B-Twitch-No-No@19606756896:100-215,train,Faulty Handover Algorithm (Too Frequent),2,18,9,"['UL_NPRB', 'RSRP', 'RX_Bytes', 'UL_MCS', 'PRB_Utilization_DL', 'UL_SNR', 'DL_BLER', 'UL_BLER', 'DL_Protocol']","['DL_BLER', 'DL_NumberOfPackets', 'Estimated_UL_Buffer', 'RSRP', 'RX_Bytes', 'TX_Bytes', 'UL_BLER', 'UL_NumberOfPackets', 'UL_SNR']",0.5555555555555556,0.698677976190476,0.4935,0.4935,0.054833333333334386,0.4935,0.899,0.49616666666666637,0.16538888888888925,0.49623731057545384,0.986,0.5012999999999999,0.2784999999999985,0.49956054776567604,1.0,0.49955,0.5550555555555552,0.5326308835107421,0.5,0,0.0,0.0,0.0,1,0.6666666666666666,0.2222222222222222,0.5307212739772434,1,0.4,0.2222222222222222,0.38356636737133565,1,0.6,0.6666666666666666,0.5699854519514456
TelecomTS,A-Twitch-No-No@17883079488:111-272,train,Faulty RF Filters (Temporal),2,18,9,"['RSRP', 'UL_SNR', 'Estimated_UL_Buffer', 'UL_BLER', 'RX_Bytes', 'UL_NPRB', 'UL_MCS', 'DL_BLER', 'TX_Bytes']","['DL_BLER', 'PRB_Utilization_DL', 'PRB_Utilization_UL', 'RSRP', 'RX_Bytes', 'TX_Bytes', 'UL_BLER', 'UL_NPRB', 'UL_SNR']",0.7777777777777778,0.704430952380952,0.5065,0.5065,0.05627777777777887,0.5065,0.9,0.5054999999999992,0.16850000000000037,0.5059189670068743,0.986,0.5058999999999997,0.2810555555555536,0.5060652087439542,1.0,0.5030000000000003,0.5588888888888884,0.5383215732514421,1.0,1,1.0,0.1111111111111111,1.0,1,0.6666666666666666,0.2222222222222222,0.7653606369886217,1,0.8,0.4444444444444444,0.830419897363192,1,0.7,0.7777777777777778,0.8041287088212622
TelecomTS,B-Twitch-No-No@19606758688:123-275,train,Faulty RF Filters (Temporal),2,18,9,"['UL_NPRB', 'RSRP', 'RX_Bytes', 'UL_SNR', 'PRB_Utilization_DL', 'UL_MCS', 'TX_Bytes', 'Estimated_UL_Buffer', 'DL_BLER']","['DL_BLER', 'PRB_Utilization_DL', 'PRB_Utilization_UL', 'RSRP', 'RX_Bytes', 'TX_Bytes', 'UL_BLER', 'UL_NPRB', 'UL_SNR']",0.7777777777777778,0.704430952380952,0.5065,0.5065,0.05627777777777887,0.5065,0.9,0.5054999999999992,0.16850000000000037,0.5059189670068743,0.986,0.5058999999999997,0.2810555555555536,0.5060652087439542,1.0,0.5030000000000003,0.5588888888888884,0.5383215732514421,1.0,1,1.0,0.1111111111111111,1.0,1,1.0,0.3333333333333333,1.0,1,1.0,0.5555555555555556,1.0,1,0.7,0.7777777777777778,0.8421264707157319
TelecomTS,C-File-No-No@20501858816:118-388,train,Faulty RF Filters (Temporal),2,18,9,"['UL_SNR', 'RSRP', 'UL_NPRB', 'UL_BLER', 'RX_Bytes', 'PRB_Utilization_UL', 'PRB_Utilization_DL', 'TX_Bytes', 'DL_BLER']","['DL_BLER', 'PRB_Utilization_DL', 'PRB_Utilization_UL', 'RSRP', 'RX_Bytes', 'TX_Bytes', 'UL_BLER', 'UL_NPRB', 'UL_SNR']",1.0,0.704430952380952,0.5065,0.5065,0.05627777777777887,0.5065,0.9,0.5054999999999992,0.16850000000000037,0.5059189670068743,0.986,0.5058999999999997,0.2810555555555536,0.5060652087439542,1.0,0.5030000000000003,0.5588888888888884,0.5383215732514421,1.0,1,1.0,0.1111111111111111,1.0,1,1.0,0.3333333333333333,1.0,1,1.0,0.5555555555555556,1.0,1,0.9,1.0,1.0
TelecomTS,B-File-No-No@20798208672:106-545,train,Faulty RF Filters (Temporal),2,18,9,"['RX_Bytes', 'TX_Bytes', 'UL_SNR', 'RSRP', 'UL_NPRB', 'DL_BLER', 'DL_NumberOfPackets', 'PRB_Utilization_UL', 'UL_MCS']","['DL_BLER', 'PRB_Utilization_DL', 'PRB_Utilization_UL', 'RSRP', 'RX_Bytes', 'TX_Bytes', 'UL_BLER', 'UL_NPRB', 'UL_SNR']",0.7777777777777778,0.704430952380952,0.5065,0.5065,0.05627777777777887,0.5065,0.9,0.5054999999999992,0.16850000000000037,0.5059189670068743,0.986,0.5058999999999997,0.2810555555555536,0.5060652087439542,1.0,0.5030000000000003,0.5588888888888884,0.5383215732514421,1.0,1,1.0,0.1111111111111111,1.0,1,1.0,0.3333333333333333,1.0,1,1.0,0.5555555555555556,1.0,1,0.7,0.7777777777777778,0.8508957228074242
TelecomTS,B-File-No-No@20798208672:641-857,train,Resource Allocation Bugs,2,18,9,"['RX_Bytes', 'UL_SNR', 'TX_Bytes', 'RSRP', 'UL_NPRB', 'DL_NumberOfPackets', 'UL_NumberOfPackets', 'UL_MCS', 'PRB_Utilization_UL']","['DL_BLER', 'PRB_Utilization_DL', 'PRB_Utilization_UL', 'PRBs_DL_Current', 'PRBs_UL_Current', 'RX_Bytes', 'TX_Bytes', 'UL_BLER', 'UL_NPRB']",0.4444444444444444,0.7008749999999992,0.499,0.499,0.05544444444444552,0.499,0.8985,0.5071666666666658,0.16905555555555593,0.5055781387911652,0.9855,0.502799999999999,0.2793333333333318,0.503121747410585,1.0,0.5039500000000002,0.5599444444444452,0.5383156715022126,1.0,1,1.0,0.1111111111111111,1.0,1,0.6666666666666666,0.2222222222222222,0.7039180890341347,1,0.6,0.3333333333333333,0.639945385422766,1,0.4,0.4444444444444444,0.5142521154617875
TelecomTS,B-File-No-No@20798208672:967-1498,train,Co-Channel Interference (Severe),2,18,11,"['RX_Bytes', 'TX_Bytes', 'UL_SNR', 'UL_NPRB', 'RSRP', 'DL_NumberOfPackets', 'UL_BLER', 'DL_BLER', 'UL_MCS', 'Estimated_UL_Buffer', 'PRB_Utilization_UL']","['DL_BLER', 'DL_NumberOfPackets', 'PRB_Utilization_DL', 'PRB_Utilization_UL', 'RSRP', 'RX_Bytes', 'TX_Bytes', 'UL_BLER', 'UL_NPRB', 'UL_NumberOfPackets', 'UL_SNR']",0.8181818181818182,0.777574999999999,0.6075,0.6075,0.055227272727273784,0.6075,0.959,0.6098333333333327,0.16631818181818192,0.6094189670068746,0.997,0.6110999999999958,0.2777727272727245,0.6103375759366964,1.0,0.6123500000000032,0.5566818181818154,0.6115309207304264,1.0,1,1.0,0.09090909090909091,1.0,1,1.0,0.2727272727272727,1.0,1,1.0,0.45454545454545453,1.0,1,0.8,0.7272727272727273,0.8701249883466593
TelecomTS,B-File-No-No@20798208672:1650-1781,train,Resource Allocation Bugs,2,18,9,"['UL_SNR', 'RX_Bytes', 'RSRP', 'PRB_Utilization_DL', 'UL_NPRB', 'TX_Bytes', 'DL_BLER', 'UL_NumberOfPackets', 'UL_MCS']","['DL_BLER', 'PRB_Utilization_DL', 'PRB_Utilization_UL', 'PRBs_DL_Current', 'PRBs_UL_Current', 'RX_Bytes', 'TX_Bytes', 'UL_BLER', 'UL_NPRB']",0.5555555555555556,0.7008749999999992,0.499,0.499,0.05544444444444552,0.499,0.8985,0.5071666666666658,0.16905555555555593,0.5055781387911652,0.9855,0.502799999999999,0.2793333333333318,0.503121747410585,1.0,0.5039500000000002,0.5599444444444452,0.5383156715022126,0.5,0,0.0,0.0,0.0,1,0.3333333333333333,0.1111111111111111,0.2960819109658652,1,0.6,0.3333333333333333,0.4912596920895758,1,0.5,0.5555555555555556,0.5025272998721166
TelecomTS,B-File-No-No@20798208672:1912-1987,train,Faulty Handover Algorithm (Too Frequent),2,18,9,"['UL_SNR', 'RX_Bytes', 'RSRP', 'PRB_Utilization_DL', 'UL_NPRB', 'TX_Bytes', 'UL_BLER', 'DL_BLER', 'UL_MCS']","['DL_BLER', 'DL_NumberOfPackets', 'Estimated_UL_Buffer', 'RSRP', 'RX_Bytes', 'TX_Bytes', 'UL_BLER', 'UL_NumberOfPackets', 'UL_SNR']",0.6666666666666666,0.698677976190476,0.4935,0.4935,0.054833333333334386,0.4935,0.899,0.49616666666666637,0.16538888888888925,0.49623731057545384,0.986,0.5012999999999999,0.2784999999999985,0.49956054776567604,1.0,0.49955,0.5550555555555552,0.5326308835107421,1.0,1,1.0,0.1111111111111111,1.0,1,1.0,0.3333333333333333,1.0,1,0.6,0.3333333333333333,0.7227265726449519,1,0.7,0.7777777777777778,0.8050310013659311
TelecomTS,B-Youtube-No-No@18149184128:116-154,train,High Network Congestion (Gradual Buildup),2,18,10,"['UL_SNR', 'RSRP', 'UL_NPRB', 'RX_Bytes', 'DL_BLER', 'Estimated_UL_Buffer', 'UL_BLER', 'DL_Protocol', 'TX_Bytes', 'UL_MCS']","['DL_BLER', 'DL_NumberOfPackets', 'Estimated_UL_Buffer', 'PRB_Utilization_DL', 'PRB_Utilization_UL', 'RX_Bytes', 'TX_Bytes', 'UL_BLER', 'UL_NPRB', 'UL_NumberOfPackets']",0.6,0.7416976190476186,0.559,0.559,0.055899999999998964,0.559,0.928,0.555333333333332,0.16659999999999878,0.5560810329931254,0.9925,0.5532999999999992,0.2766499999999996,0.5543193255848787,1.0,0.5550000000000028,0.5550000000000028,0.555309633101106,0.3333333333333333,0,0.0,0.0,0.0,1,0.3333333333333333,0.1,0.23463936301137822,1,0.6,0.3,0.4468535299918563,1,0.6,0.6,0.5079937796926363
TelecomTS,B-Youtube-No-No@18149184128:247-343,train,Co-Channel Interference (Mild),2,18,9,"['RX_Bytes', 'UL_NPRB', 'RSRP', 'DL_BLER', 'Estimated_UL_Buffer', 'UL_BLER', 'TX_Bytes', 'PRBs_DL_Current', 'DL_Protocol']","['DL_BLER', 'PRB_Utilization_DL', 'PRB_Utilization_UL', 'RSRP', 'RX_Bytes', 'TX_Bytes', 'UL_BLER', 'UL_NPRB', 'UL_SNR']",0.6666666666666666,0.704430952380952,0.5065,0.5065,0.05627777777777887,0.5065,0.9,0.5054999999999992,0.16850000000000037,0.5059189670068743,0.986,0.5058999999999997,0.2810555555555536,0.5060652087439542,1.0,0.5030000000000003,0.5588888888888884,0.5383215732514421,1.0,1,1.0,0.1111111111111111,1.0,1,1.0,0.3333333333333333,1.0,1,0.8,0.4444444444444444,0.8687949224876582,1,0.7,0.7777777777777778,0.8321109942931567
TelecomTS,B-Youtube-No-No@18149184128:417-418,train,Faulty Handover Algorithm (Too Frequent),2,18,9,"['RSRP', 'UL_NPRB', 'UL_SNR', 'RX_Bytes', 'DL_BLER', 'Estimated_UL_Buffer', 'TX_Bytes', 'UL_NumberOfPackets', 'UL_BLER']","['DL_BLER', 'DL_NumberOfPackets', 'Estimated_UL_Buffer', 'RSRP', 'RX_Bytes', 'TX_Bytes', 'UL_BLER', 'UL_NumberOfPackets', 'UL_SNR']",0.8888888888888888,0.698677976190476,0.4935,0.4935,0.054833333333334386,0.4935,0.899,0.49616666666666637,0.16538888888888925,0.49623731057545384,0.986,0.5012999999999999,0.2784999999999985,0.49956054776567604,1.0,0.49955,0.5550555555555552,0.5326308835107421,1.0,1,1.0,0.1111111111111111,1.0,1,0.6666666666666666,0.2222222222222222,0.7039180890341347,1,0.8,0.4444444444444444,0.7860137352654724,1,0.8,0.8888888888888888,0.8517027694298509
TelecomTS,B-Youtube-No-No@18149185120:111-174,train,High Network Congestion (Gradual Buildup),2,18,10,"['RSRP', 'UL_SNR', 'UL_NPRB', 'RX_Bytes', 'DL_BLER', 'Estimated_UL_Buffer', 'UL_BLER', 'TX_Bytes', 'DL_Protocol', 'UL_NumberOfPackets']","['DL_BLER', 'DL_NumberOfPackets', 'Estimated_UL_Buffer', 'PRB_Utilization_DL', 'PRB_Utilization_UL', 'RX_Bytes', 'TX_Bytes', 'UL_BLER', 'UL_NPRB', 'UL_NumberOfPackets']",0.7,0.7416976190476186,0.559,0.559,0.055899999999998964,0.559,0.928,0.555333333333332,0.16659999999999878,0.5560810329931254,0.9925,0.5532999999999992,0.2766499999999996,0.5543193255848787,1.0,0.5550000000000028,0.5550000000000028,0.555309633101106,0.3333333333333333,0,0.0,0.0,0.0,1,0.3333333333333333,0.1,0.23463936301137822,1,0.6,0.3,0.4468535299918563,1,0.7,0.7,0.5747915663739762
TelecomTS,B-Youtube-No-No@18149187648:115-767,train,High Network Congestion (Gradual Buildup),2,18,10,"['RSRP', 'UL_NPRB', 'RX_Bytes', 'DL_BLER', 'Estimated_UL_Buffer', 'UL_SNR', 'PRB_Utilization_UL', 'UL_BLER', 'TX_Bytes', 'DL_Protocol']","['DL_BLER', 'DL_NumberOfPackets', 'Estimated_UL_Buffer', 'PRB_Utilization_DL', 'PRB_Utilization_UL', 'RX_Bytes', 'TX_Bytes', 'UL_BLER', 'UL_NPRB', 'UL_NumberOfPackets']",0.7,0.7416976190476186,0.559,0.559,0.055899999999998964,0.559,0.928,0.555333333333332,0.16659999999999878,0.5560810329931254,0.9925,0.5532999999999992,0.2766499999999996,0.5543193255848787,1.0,0.5550000000000028,0.5550000000000028,0.555309633101106,0.5,0,0.0,0.0,0.0,1,0.6666666666666666,0.2,0.5307212739772434,1,0.8,0.4,0.6608397947263839,1,0.7,0.7,0.6378891765242928
TelecomTS,B-Youtube-No-No@18149187648:791-839,train,Antenna Failure,2,18,13,"['RX_Bytes', 'UL_NPRB', 'PRB_Utilization_UL', 'RSRP', 'TX_Bytes', 'DL_BLER', 'DL_NumberOfPackets', 'UL_NumberOfPackets', 'UL_SNR', 'PRB_Utilization_DL', 'UL_BLER', 'Estimated_UL_Buffer', 'DL_Protocol']","['DL_BLER', 'DL_MCS', 'DL_NumberOfPackets', 'Estimated_UL_Buffer', 'PRBs_DL_Current', 'PRBs_UL_Current', 'RSRP', 'RX_Bytes', 'TX_Bytes', 'UL_BLER', 'UL_MCS', 'UL_NumberOfPackets', 'UL_SNR']",0.6923076923076923,0.8445499999999982,0.7145,0.7145,0.054961538461540074,0.7145,0.9855,0.7213333333333375,0.16646153846153652,0.7202624664350279,1.0,0.7247999999999861,0.2787692307692311,0.7228955410150883,1.0,0.724500000000001,0.5573076923076955,0.7230999087949193,1.0,1,1.0,0.07692307692307693,1.0,1,0.3333333333333333,0.07692307692307693,0.46927872602275644,1,0.6,0.23076923076923078,0.6164336326286644,1,0.7,0.5384615384615384,0.6874708847784536
TelecomTS,C-Youtube-No-No@19068480032:106-316,train,High Network Congestion (Gradual Buildup),2,18,10,"['RSRP', 'UL_NPRB', 'UL_SNR', 'RX_Bytes', 'Estimated_UL_Buffer', 'DL_BLER', 'UL_BLER', 'DL_Protocol', 'DL_NumberOfPackets', 'UL_NumberOfPackets']","['DL_BLER', 'DL_NumberOfPackets', 'Estimated_UL_Buffer', 'PRB_Utilization_DL', 'PRB_Utilization_UL', 'RX_Bytes', 'TX_Bytes', 'UL_BLER', 'UL_NPRB', 'UL_NumberOfPackets']",0.7,0.7416976190476186,0.559,0.559,0.055899999999998964,0.559,0.928,0.555333333333332,0.16659999999999878,0.5560810329931254,0.9925,0.5532999999999992,0.2766499999999996,0.5543193255848787,1.0,0.5550000000000028,0.5550000000000028,0.555309633101106,0.5,0,0.0,0.0,0.0,1,0.3333333333333333,0.1,0.2960819109658652,1,0.6,0.3,0.4912596920895758,1,0.7,0.7,0.6004311286161025
TelecomTS,A-Twitch-No-No@17883072768:121-320,train,High Network Congestion (Sudden Spike),2,18,10,"['RX_Bytes', 'RSRP', 'UL_NPRB', 'UL_MCS', 'UL_BLER', 'DL_BLER', 'PRBs_DL_Current', 'UL_NumberOfPackets', 'UL_SNR', 'TX_Bytes']","['DL_BLER', 'DL_NumberOfPackets', 'Estimated_UL_Buffer', 'PRB_Utilization_DL', 'PRB_Utilization_UL', 'RX_Bytes', 'TX_Bytes', 'UL_BLER', 'UL_NPRB', 'UL_NumberOfPackets']",0.6,0.7416976190476186,0.559,0.559,0.055899999999998964,0.559,0.928,0.555333333333332,0.16659999999999878,0.5560810329931254,0.9925,0.5532999999999992,0.2766499999999996,0.5543193255848787,1.0,0.5550000000000028,0.5550000000000028,0.555309633101106,1.0,1,1.0,0.1,1.0,1,0.6666666666666666,0.2,0.7039180890341347,1,0.6,0.3,0.639945385422766,1,0.6,0.6,0.6267310462031457
TelecomTS,A-Twitch-No-No@17883072768:364-1141,train,Co-Channel Interference (Mild),2,18,9,"['RSRP', 'RX_Bytes', 'UL_NPRB', 'UL_SNR', 'UL_MCS', 'UL_NumberOfPackets', 'DL_BLER', 'UL_BLER', 'TX_Bytes']","['DL_BLER', 'PRB_Utilization_DL', 'PRB_Utilization_UL', 'RSRP', 'RX_Bytes', 'TX_Bytes', 'UL_BLER', 'UL_NPRB', 'UL_SNR']",0.7777777777777778,0.704430952380952,0.5065,0.5065,0.05627777777777887,0.5065,0.9,0.5054999999999992,0.16850000000000037,0.5059189670068743,0.986,0.5058999999999997,0.2810555555555536,0.5060652087439542,1.0,0.5030000000000003,0.5588888888888884,0.5383215732514421,1.0,1,1.0,0.1111111111111111,1.0,1,1.0,0.3333333333333333,1.0,1,0.8,0.4444444444444444,0.8687949224876582,1,0.7,0.7777777777777778,0.8253470553818276
TelecomTS,A-Twitch-No-No@17883075744:117-222,train,High Network Congestion (Sudden Spike),2,18,10,"['RSRP', 'UL_NPRB', 'DL_Protocol', 'UL_MCS', 'RX_Bytes', 'UL_SNR', 'UL_NumberOfPackets', 'UL_BLER', 'PRBs_DL_Current', 'DL_BLER']","['DL_BLER', 'DL_NumberOfPackets', 'Estimated_UL_Buffer', 'PRB_Utilization_DL', 'PRB_Utilization_UL', 'RX_Bytes', 'TX_Bytes', 'UL_BLER', 'UL_NPRB', 'UL_NumberOfPackets']",0.5,0.7416976190476186,0.559,0.559,0.055899999999998964,0.559,0.928,0.555333333333332,0.16659999999999878,0.5560810329931254,0.9925,0.5532999999999992,0.2766499999999996,0.5543193255848787,1.0,0.5550000000000028,0.5550000000000028,0.555309633101106,0.5,0,0.0,0.0,0.0,1,0.3333333333333333,0.1,0.2960819109658652,1,0.4,0.2,0.34519134224686937,1,0.5,0.5,0.43042149375026456
TelecomTS,A-Twitch-No-No@17883075744:293-333,train,Faulty Handover Algorithm (Too Frequent),2,18,9,"['RSRP', 'UL_SNR', 'UL_NPRB', 'DL_MCS', 'RX_Bytes', 'UL_BLER', 'DL_BLER', 'Estimated_UL_Buffer', 'TX_Bytes']","['DL_BLER', 'DL_NumberOfPackets', 'Estimated_UL_Buffer', 'RSRP', 'RX_Bytes', 'TX_Bytes', 'UL_BLER', 'UL_NumberOfPackets', 'UL_SNR']",0.7777777777777778,0.698677976190476,0.4935,0.4935,0.054833333333334386,0.4935,0.899,0.49616666666666637,0.16538888888888925,0.49623731057545384,0.986,0.5012999999999999,0.2784999999999985,0.49956054776567604,1.0,0.49955,0.5550555555555552,0.5326308835107421,1.0,1,1.0,0.1111111111111111,1.0,1,0.6666666666666666,0.2222222222222222,0.7653606369886217,1,0.6,0.3333333333333333,0.6843515475204855,1,0.8,0.8888888888888888,0.8491920179987479
TelecomTS,A-Twitch-No-No@17883075744:450-699,train,High Network Congestion (Gradual Buildup),2,18,10,"['RSRP', 'UL_NPRB', 'UL_MCS', 'UL_BLER', 'RX_Bytes', 'UL_NumberOfPackets', 'DL_BLER', 'Estimated_UL_Buffer', 'UL_SNR', 'TX_Bytes']","['DL_BLER', 'DL_NumberOfPackets', 'Estimated_UL_Buffer', 'PRB_Utilization_DL', 'PRB_Utilization_UL', 'RX_Bytes', 'TX_Bytes', 'UL_BLER', 'UL_NPRB', 'UL_NumberOfPackets']",0.7,0.7416976190476186,0.559,0.559,0.055899999999998964,0.559,0.928,0.555333333333332,0.16659999999999878,0.5560810329931254,0.9925,0.5532999999999992,0.2766499999999996,0.5543193255848787,1.0,0.5550000000000028,0.5550000000000028,0.555309633101106,0.5,0,0.0,0.0,0.0,1,0.3333333333333333,0.1,0.2960819109658652,1,0.6,0.3,0.4912596920895758,1,0.7,0.7,0.6036081270984908
TelecomTS,B-Youtube-No-No@18149187296:120-163,train,High Network Congestion (Sudden Spike),2,18,10,"['UL_SNR', 'UL_NPRB', 'RSRP', 'RX_Bytes', 'DL_BLER', 'Estimated_UL_Buffer', 'DL_Protocol', 'UL_MCS', 'UL_NumberOfPackets', 'TX_Bytes']","['DL_BLER', 'DL_NumberOfPackets', 'Estimated_UL_Buffer', 'PRB_Utilization_DL', 'PRB_Utilization_UL', 'RX_Bytes', 'TX_Bytes', 'UL_BLER', 'UL_NPRB', 'UL_NumberOfPackets']",0.6,0.7416976190476186,0.559,0.559,0.055899999999998964,0.559,0.928,0.555333333333332,0.16659999999999878,0.5560810329931254,0.9925,0.5532999999999992,0.2766499999999996,0.5543193255848787,1.0,0.5550000000000028,0.5550000000000028,0.555309633101106,0.5,0,0.0,0.0,0.0,1,0.3333333333333333,0.1,0.2960819109658652,1,0.6,0.3,0.4912596920895758,1,0.6,0.6,0.5270672065167423
TelecomTS,B-Youtube-No-No@18149189664:123-158,train,High Network Congestion (Sudden Spike),2,18,10,"['RSRP', 'UL_SNR', 'UL_NPRB', 'DL_BLER', 'RX_Bytes', 'Estimated_UL_Buffer', 'UL_NumberOfPackets', 'UL_BLER', 'DL_Protocol', 'TX_Bytes']","['DL_BLER', 'DL_NumberOfPackets', 'Estimated_UL_Buffer', 'PRB_Utilization_DL', 'PRB_Utilization_UL', 'RX_Bytes', 'TX_Bytes', 'UL_BLER', 'UL_NPRB', 'UL_NumberOfPackets']",0.7,0.7416976190476186,0.559,0.559,0.055899999999998964,0.559,0.928,0.555333333333332,0.16659999999999878,0.5560810329931254,0.9925,0.5532999999999992,0.2766499999999996,0.5543193255848787,1.0,0.5550000000000028,0.5550000000000028,0.555309633101106,0.3333333333333333,0,0.0,0.0,0.0,1,0.3333333333333333,0.1,0.23463936301137822,1,0.6,0.3,0.4468535299918563,1,0.7,0.7,0.5747915663739762
TelecomTS,C-File-No-No@20501856064:117-151,train,Resource Allocation Bugs,2,18,9,"['RSRP', 'UL_BLER', 'TX_Bytes', 'RX_Bytes', 'UL_NPRB', 'UL_NumberOfPackets', 'DL_NumberOfPackets', 'UL_SNR', 'DL_BLER']","['DL_BLER', 'PRB_Utilization_DL', 'PRB_Utilization_UL', 'PRBs_DL_Current', 'PRBs_UL_Current', 'RX_Bytes', 'TX_Bytes', 'UL_BLER', 'UL_NPRB']",0.5555555555555556,0.7008749999999992,0.499,0.499,0.05544444444444552,0.499,0.8985,0.5071666666666658,0.16905555555555593,0.5055781387911652,0.9855,0.502799999999999,0.2793333333333318,0.503121747410585,1.0,0.5039500000000002,0.5599444444444452,0.5383156715022126,0.5,0,0.0,0.0,0.0,1,0.6666666666666666,0.2222222222222222,0.5307212739772434,1,0.8,0.4444444444444444,0.6608397947263839,1,0.5,0.5555555555555556,0.5287324048297514
TelecomTS,C-File-No-No@20501856064:248-461,train,Antenna Failure,2,18,13,"['RSRP', 'RX_Bytes', 'UL_NPRB', 'UL_NumberOfPackets', 'DL_NumberOfPackets', 'UL_SNR', 'TX_Bytes', 'Estimated_UL_Buffer', 'DL_BLER', 'UL_MCS', 'DL_Protocol', 'PRB_Utilization_UL', 'PRBs_DL_Current']","['DL_BLER', 'DL_MCS', 'DL_NumberOfPackets', 'Estimated_UL_Buffer', 'PRBs_DL_Current', 'PRBs_UL_Current', 'RSRP', 'RX_Bytes', 'TX_Bytes', 'UL_BLER', 'UL_MCS', 'UL_NumberOfPackets', 'UL_SNR']",0.7692307692307693,0.8445499999999982,0.7145,0.7145,0.054961538461540074,0.7145,0.9855,0.7213333333333375,0.16646153846153652,0.7202624664350279,1.0,0.7247999999999861,0.2787692307692311,0.7228955410150883,1.0,0.724500000000001,0.5573076923076955,0.7230999087949193,1.0,1,1.0,0.07692307692307693,1.0,1,0.6666666666666666,0.15384615384615385,0.7653606369886217,1,0.8,0.3076923076923077,0.830419897363192,1,0.9,0.6923076923076923,0.8899541168509599
TelecomTS,A-File-No-No@20858689856:123-164,train,Resource Allocation Bugs,2,18,9,"['RX_Bytes', 'RSRP', 'Estimated_UL_Buffer', 'UL_NPRB', 'DL_BLER', 'TX_Bytes', 'DL_NumberOfPackets', 'UL_SNR', 'UL_NumberOfPackets']","['DL_BLER', 'PRB_Utilization_DL', 'PRB_Utilization_UL', 'PRBs_DL_Current', 'PRBs_UL_Current', 'RX_Bytes', 'TX_Bytes', 'UL_BLER', 'UL_NPRB']",0.4444444444444444,0.7008749999999992,0.499,0.499,0.05544444444444552,0.499,0.8985,0.5071666666666658,0.16905555555555593,0.5055781387911652,0.9855,0.502799999999999,0.2793333333333318,0.503121747410585,1.0,0.5039500000000002,0.5599444444444452,0.5383156715022126,1.0,1,1.0,0.1111111111111111,1.0,1,0.3333333333333333,0.1111111111111111,0.46927872602275644,1,0.6,0.3333333333333333,0.6164336326286644,1,0.5,0.5555555555555556,0.5788705031632486
TelecomTS,A-File-No-No@20858689856:352-808,train,High Network Congestion (Gradual Buildup),2,18,10,"['RX_Bytes', 'Estimated_UL_Buffer', 'TX_Bytes', 'RSRP', 'UL_NPRB', 'UL_NumberOfPackets', 'DL_BLER', 'DL_NumberOfPackets', 'UL_MCS', 'PRBs_DL_Current']","['DL_BLER', 'DL_NumberOfPackets', 'Estimated_UL_Buffer', 'PRB_Utilization_DL', 'PRB_Utilization_UL', 'RX_Bytes', 'TX_Bytes', 'UL_BLER', 'UL_NPRB', 'UL_NumberOfPackets']",0.7,0.7416976190476186,0.559,0.559,0.055899999999998964,0.559,0.928,0.555333333333332,0.16659999999999878,0.5560810329931254,0.9925,0.5532999999999992,0.2766499999999996,0.5543193255848787,1.0,0.5550000000000028,0.5550000000000028,0.555309633101106,1.0,1,1.0,0.1,1.0,1,1.0,0.3,1.0,1,0.8,0.4,0.8539316501572937,1,0.7,0.7,0.7753366239771086
TelecomTS,C-File-No-No@20501857952:107-524,eval,Antenna Failure,2,18,13,"['UL_BLER', 'PRB_Utilization_UL', 'UL_NumberOfPackets', 'RSRP', 'DL_BLER', 'UL_NPRB', 'Estimated_UL_Buffer', 'RX_Bytes', 'PRB_Utilization_DL', 'DL_NumberOfPackets', 'UL_MCS', 'TX_Bytes', 'UL_SNR']","['DL_BLER', 'DL_MCS', 'DL_NumberOfPackets', 'Estimated_UL_Buffer', 'PRBs_DL_Current', 'PRBs_UL_Current', 'RSRP', 'RX_Bytes', 'TX_Bytes', 'UL_BLER', 'UL_MCS', 'UL_NumberOfPackets', 'UL_SNR']",0.7692307692307693,0.8445499999999982,0.7145,0.7145,0.054961538461540074,0.7145,0.9855,0.7213333333333375,0.16646153846153652,0.7202624664350279,1.0,0.7247999999999861,0.2787692307692311,0.7228955410150883,1.0,0.724500000000001,0.5573076923076955,0.7230999087949193,1.0,1,1.0,0.07692307692307693,1.0,1,0.6666666666666666,0.15384615384615385,0.7039180890341347,1,0.8,0.3076923076923077,0.7860137352654724,1,0.7,0.5384615384615384,0.716485063693381
TelecomTS,B-File-No-No@20798215936:113-172,eval,Antenna Failure,2,18,13,"['RSRP', 'TX_Bytes', 'RX_Bytes', 'UL_SNR', 'UL_NPRB', 'DL_MCS', 'PRBs_UL_Current', 'UL_NumberOfPackets', 'PRB_Utilization_DL', 'PRBs_DL_Current', 'PRB_Utilization_UL', 'UL_MCS', 'DL_Protocol']","['DL_BLER', 'DL_MCS', 'DL_NumberOfPackets', 'Estimated_UL_Buffer', 'PRBs_DL_Current', 'PRBs_UL_Current', 'RSRP', 'RX_Bytes', 'TX_Bytes', 'UL_BLER', 'UL_MCS', 'UL_NumberOfPackets', 'UL_SNR']",0.6923076923076923,0.8445499999999982,0.7145,0.7145,0.054961538461540074,0.7145,0.9855,0.7213333333333375,0.16646153846153652,0.7202624664350279,1.0,0.7247999999999861,0.2787692307692311,0.7228955410150883,1.0,0.724500000000001,0.5573076923076955,0.7230999087949193,1.0,1,1.0,0.07692307692307693,1.0,1,1.0,0.23076923076923078,1.0,1,0.8,0.3076923076923077,0.8687949224876582,1,0.8,0.6153846153846154,0.84860265890399
TelecomTS,B-Twitch-No-No@19606758016:103-346,eval,Buffer Overflow (Gradual Buildup),2,18,10,"['UL_NPRB', 'RSRP', 'RX_Bytes', 'PRB_Utilization_DL', 'UL_MCS', 'UL_SNR', 'TX_Bytes', 'PRBs_UL_Current', 'DL_BLER', 'Estimated_UL_Buffer']","['DL_BLER', 'DL_NumberOfPackets', 'Estimated_UL_Buffer', 'PRB_Utilization_DL', 'PRB_Utilization_UL', 'RX_Bytes', 'TX_Bytes', 'UL_BLER', 'UL_NPRB', 'UL_NumberOfPackets']",0.6,0.7416976190476186,0.559,0.559,0.055899999999998964,0.559,0.928,0.555333333333332,0.16659999999999878,0.5560810329931254,0.9925,0.5532999999999992,0.2766499999999996,0.5543193255848787,1.0,0.5550000000000028,0.5550000000000028,0.555309633101106,1.0,1,1.0,0.1,1.0,1,0.6666666666666666,0.2,0.7039180890341347,1,0.6,0.3,0.6548086577531307,1,0.6,0.6,0.6281649475693719
TelecomTS,C-File-No-No@20501863328:109-147,eval,Buffer Overflow (Gradual Buildup),2,18,10,"['RSRP', 'RX_Bytes', 'UL_NPRB', 'TX_Bytes', 'UL_BLER', 'DL_NumberOfPackets', 'UL_MCS', 'UL_SNR', 'UL_NumberOfPackets', 'Estimated_UL_Buffer']","['DL_BLER', 'DL_NumberOfPackets', 'Estimated_UL_Buffer', 'PRB_Utilization_DL', 'PRB_Utilization_UL', 'RX_Bytes', 'TX_Bytes', 'UL_BLER', 'UL_NPRB', 'UL_NumberOfPackets']",0.7,0.7416976190476186,0.559,0.559,0.055899999999998964,0.559,0.928,0.555333333333332,0.16659999999999878,0.5560810329931254,0.9925,0.5532999999999992,0.2766499999999996,0.5543193255848787,1.0,0.5550000000000028,0.5550000000000028,0.555309633101106,0.5,0,0.0,0.0,0.0,1,0.6666666666666666,0.2,0.5307212739772434,1,0.8,0.4,0.6608397947263839,1,0.7,0.7,0.6371130896657825
TelecomTS,C-Youtube-No-No@19068484832:122-711,eval,Co-Channel Interference (Mild),2,18,9,"['DL_BLER', 'RSRP', 'UL_NPRB', 'RX_Bytes', 'UL_SNR', 'Estimated_UL_Buffer', 'PRB_Utilization_DL', 'UL_BLER', 'DL_Protocol']","['DL_BLER', 'PRB_Utilization_DL', 'PRB_Utilization_UL', 'RSRP', 'RX_Bytes', 'TX_Bytes', 'UL_BLER', 'UL_NPRB', 'UL_SNR']",0.7777777777777778,0.704430952380952,0.5065,0.5065,0.05627777777777887,0.5065,0.9,0.5054999999999992,0.16850000000000037,0.5059189670068743,0.986,0.5058999999999997,0.2810555555555536,0.5060652087439542,1.0,0.5030000000000003,0.5588888888888884,0.5383215732514421,1.0,1,1.0,0.1111111111111111,1.0,1,1.0,0.3333333333333333,1.0,1,1.0,0.5555555555555556,1.0,1,0.7,0.7777777777777778,0.8455193252797258
TelecomTS,B-File-No-No@20798213088:111-395,eval,Co-Channel Interference (Severe),2,18,11,"['UL_BLER', 'RX_Bytes', 'RSRP', 'PRB_Utilization_UL', 'UL_NumberOfPackets', 'DL_NumberOfPackets', 'UL_SNR', 'DL_BLER', 'PRBs_UL_Current', 'PRB_Utilization_DL', 'TX_Bytes']","['DL_BLER', 'DL_NumberOfPackets', 'PRB_Utilization_DL', 'PRB_Utilization_UL', 'RSRP', 'RX_Bytes', 'TX_Bytes', 'UL_BLER', 'UL_NPRB', 'UL_NumberOfPackets', 'UL_SNR']",0.9090909090909091,0.777574999999999,0.6075,0.6075,0.055227272727273784,0.6075,0.959,0.6098333333333327,0.16631818181818192,0.6094189670068746,0.997,0.6110999999999958,0.2777727272727245,0.6103375759366964,1.0,0.6123500000000032,0.5566818181818154,0.6115309207304264,1.0,1,1.0,0.09090909090909091,1.0,1,1.0,0.2727272727272727,1.0,1,1.0,0.45454545454545453,1.0,1,0.9,0.8181818181818182,0.933745776545611
TelecomTS,B-File-No-No@20798213088:417-552,eval,Faulty Handover Algorithm (Too Frequent),2,18,9,"['RSRP', 'TX_Bytes', 'DL_BLER', 'RX_Bytes', 'UL_SNR', 'UL_NPRB', 'UL_BLER', 'PRB_Utilization_DL', 'UL_NumberOfPackets']","['DL_BLER', 'DL_NumberOfPackets', 'Estimated_UL_Buffer', 'RSRP', 'RX_Bytes', 'TX_Bytes', 'UL_BLER', 'UL_NumberOfPackets', 'UL_SNR']",0.7777777777777778,0.698677976190476,0.4935,0.4935,0.054833333333334386,0.4935,0.899,0.49616666666666637,0.16538888888888925,0.49623731057545384,0.986,0.5012999999999999,0.2784999999999985,0.49956054776567604,1.0,0.49955,0.5550555555555552,0.5326308835107421,1.0,1,1.0,0.1111111111111111,1.0,1,1.0,0.3333333333333333,1.0,1,1.0,0.5555555555555556,1.0,1,0.7,0.7777777777777778,0.8421264707157319
TelecomTS,B-File-No-No@20798213088:623-859,eval,Doppler Shift (Severe),2,18,7,"['TX_Bytes', 'RSRP', 'RX_Bytes', 'UL_NPRB', 'UL_SNR', 'DL_NumberOfPackets', 'UL_NumberOfPackets']","['DL_MCS', 'RSRP', 'RX_Bytes', 'TX_Bytes', 'UL_MCS', 'UL_NPRB', 'UL_SNR']",0.7142857142857143,0.6189297799422815,0.4025,0.4025,0.05749999999999957,0.4025,0.8045,0.3928333333333345,0.1683571428571435,0.39468165643142034,0.946,0.3949,0.28207142857143175,0.39551999692800743,0.9995,0.3937499999999935,0.5624999999999976,0.4926357933911884,1.0,1,1.0,0.14285714285714285,1.0,1,1.0,0.42857142857142855,1.0,1,1.0,0.7142857142857143,1.0,1,0.5,0.7142857142857143,0.8104616303452685
TelecomTS,C-File-No-No@20501864576:124-290,eval,Doppler Shift (Severe),2,18,7,"['RSRP', 'RX_Bytes', 'UL_NPRB', 'DL_NumberOfPackets', 'DL_BLER', 'UL_NumberOfPackets', 'UL_MCS']","['DL_MCS', 'RSRP', 'RX_Bytes', 'TX_Bytes', 'UL_MCS', 'UL_NPRB', 'UL_SNR']",0.5714285714285714,0.6189297799422815,0.4025,0.4025,0.05749999999999957,0.4025,0.8045,0.3928333333333345,0.1683571428571435,0.39468165643142034,0.946,0.3949,0.28207142857143175,0.39551999692800743,0.9995,0.3937499999999935,0.5624999999999976,0.4926357933911884,1.0,1,1.0,0.14285714285714285,1.0,1,1.0,0.42857142857142855,1.0,1,0.6,0.42857142857142855,0.7227265726449519,1,0.5,0.7142857142857143,0.7640814291585591
TelecomTS,C-File-No-No@20501862400:102-357,eval,Faulty Handover Algorithm (Too Frequent),2,18,9,"['DL_BLER', 'RSRP', 'RX_Bytes', 'PRB_Utilization_UL', 'UL_SNR', 'UL_NPRB', 'DL_MCS', 'UL_BLER', 'TX_Bytes']","['DL_BLER', 'DL_NumberOfPackets', 'Estimated_UL_Buffer', 'RSRP', 'RX_Bytes', 'TX_Bytes', 'UL_BLER', 'UL_NumberOfPackets', 'UL_SNR']",0.6666666666666666,0.698677976190476,0.4935,0.4935,0.054833333333334386,0.4935,0.899,0.49616666666666637,0.16538888888888925,0.49623731057545384,0.986,0.5012999999999999,0.2784999999999985,0.49956054776567604,1.0,0.49955,0.5550555555555552,0.5326308835107421,1.0,1,1.0,0.1111111111111111,1.0,1,1.0,0.3333333333333333,1.0,1,0.8,0.4444444444444444,0.8539316501572937,1,0.6,0.6666666666666666,0.7366979613170112
TelecomTS,B-File-No-No@20798211456:122-156,eval,Faulty RF Filters (Temporal),2,18,9,"['RX_Bytes', 'TX_Bytes', 'RSRP', 'UL_SNR', 'UL_NPRB', 'UL_MCS', 'DL_NumberOfPackets', 'UL_NumberOfPackets', 'Estimated_UL_Buffer']","['DL_BLER', 'PRB_Utilization_DL', 'PRB_Utilization_UL', 'RSRP', 'RX_Bytes', 'TX_Bytes', 'UL_BLER', 'UL_NPRB', 'UL_SNR']",0.5555555555555556,0.704430952380952,0.5065,0.5065,0.05627777777777887,0.5065,0.9,0.5054999999999992,0.16850000000000037,0.5059189670068743,0.986,0.5058999999999997,0.2810555555555536,0.5060652087439542,1.0,0.5030000000000003,0.5588888888888884,0.5383215732514421,1.0,1,1.0,0.1111111111111111,1.0,1,1.0,0.3333333333333333,1.0,1,1.0,0.5555555555555556,1.0,1,0.6,0.6666666666666666,0.7609655944414468
TelecomTS,B-File-No-No@20798211456:281-337,eval,Faulty Handover Algorithm (Too Frequent),2,18,9,"['RX_Bytes', 'RSRP', 'UL_SNR', 'UL_NPRB', 'TX_Bytes', 'UL_MCS', 'DL_BLER', 'DL_NumberOfPackets', 'PRB_Utilization_UL']","['DL_BLER', 'DL_NumberOfPackets', 'Estimated_UL_Buffer', 'RSRP', 'RX_Bytes', 'TX_Bytes', 'UL_BLER', 'UL_NumberOfPackets', 'UL_SNR']",0.6666666666666666,0.698677976190476,0.4935,0.4935,0.054833333333334386,0.4935,0.899,0.49616666666666637,0.16538888888888925,0.49623731057545384,0.986,0.5012999999999999,0.2784999999999985,0.49956054776567604,1.0,0.49955,0.5550555555555552,0.5326308835107421,1.0,1,1.0,0.1111111111111111,1.0,1,1.0,0.3333333333333333,1.0,1,0.8,0.4444444444444444,0.8539316501572937,1,0.6,0.6666666666666666,0.7442907170674258
TelecomTS,B-File-No-No@20798211456:516-737,eval,Co-Channel Interference (Mild),2,18,9,"['RX_Bytes', 'TX_Bytes', 'UL_SNR', 'RSRP', 'UL_NPRB', 'DL_NumberOfPackets', 'UL_MCS', 'UL_NumberOfPackets', 'UL_BLER']","['DL_BLER', 'PRB_Utilization_DL', 'PRB_Utilization_UL', 'RSRP', 'RX_Bytes', 'TX_Bytes', 'UL_BLER', 'UL_NPRB', 'UL_SNR']",0.6666666666666666,0.704430952380952,0.5065,0.5065,0.05627777777777887,0.5065,0.9,0.5054999999999992,0.16850000000000037,0.5059189670068743,0.986,0.5058999999999997,0.2810555555555536,0.5060652087439542,1.0,0.5030000000000003,0.5588888888888884,0.5383215732514421,1.0,1,1.0,0.1111111111111111,1.0,1,1.0,0.3333333333333333,1.0,1,1.0,0.5555555555555556,1.0,1,0.7,0.7777777777777778,0.8317213551625274
TelecomTS,C-Youtube-No-No@19068480640:97-324,eval,High Network Congestion (Gradual Buildup),2,18,10,"['UL_SNR', 'RX_Bytes', 'RSRP', 'UL_NPRB', 'DL_MCS', 'DL_BLER', 'TX_Bytes', 'UL_BLER', 'PRBs_UL_Current', 'PRB_Utilization_UL']","['DL_BLER', 'DL_NumberOfPackets', 'Estimated_UL_Buffer', 'PRB_Utilization_DL', 'PRB_Utilization_UL', 'RX_Bytes', 'TX_Bytes', 'UL_BLER', 'UL_NPRB', 'UL_NumberOfPackets']",0.6,0.7416976190476186,0.559,0.559,0.055899999999998964,0.559,0.928,0.555333333333332,0.16659999999999878,0.5560810329931254,0.9925,0.5532999999999992,0.2766499999999996,0.5543193255848787,1.0,0.5550000000000028,0.5550000000000028,0.555309633101106,0.5,0,0.0,0.0,0.0,1,0.3333333333333333,0.1,0.2960819109658652,1,0.4,0.2,0.36005461457723403,1,0.6,0.6,0.5184650094568697
TelecomTS,C-Youtube-No-No@19068483424:109-176,eval,High Network Congestion (Sudden Spike),2,18,10,"['RX_Bytes', 'UL_SNR', 'DL_BLER', 'RSRP', 'UL_NPRB', 'PRB_Utilization_DL', 'UL_BLER', 'UL_MCS', 'TX_Bytes', 'Estimated_UL_Buffer']","['DL_BLER', 'DL_NumberOfPackets', 'Estimated_UL_Buffer', 'PRB_Utilization_DL', 'PRB_Utilization_UL', 'RX_Bytes', 'TX_Bytes', 'UL_BLER', 'UL_NPRB', 'UL_NumberOfPackets']",0.7,0.7416976190476186,0.559,0.559,0.055899999999998964,0.559,0.928,0.555333333333332,0.16659999999999878,0.5560810329931254,0.9925,0.5532999999999992,0.2766499999999996,0.5543193255848787,1.0,0.5550000000000028,0.5550000000000028,0.555309633101106,1.0,1,1.0,0.1,1.0,1,0.6666666666666666,0.2,0.7039180890341347,1,0.6,0.3,0.639945385422766,1,0.7,0.7,0.6969179698201173
TelecomTS,C-Youtube-No-No@19068483424:194-628,eval,Co-Channel Interference (Mild),2,18,9,"['RX_Bytes', 'RSRP', 'DL_BLER', 'UL_NPRB', 'DL_MCS', 'Estimated_UL_Buffer', 'UL_BLER', 'TX_Bytes', 'PRB_Utilization_DL']","['DL_BLER', 'PRB_Utilization_DL', 'PRB_Utilization_UL', 'RSRP', 'RX_Bytes', 'TX_Bytes', 'UL_BLER', 'UL_NPRB', 'UL_SNR']",0.7777777777777778,0.704430952380952,0.5065,0.5065,0.05627777777777887,0.5065,0.9,0.5054999999999992,0.16850000000000037,0.5059189670068743,0.986,0.5058999999999997,0.2810555555555536,0.5060652087439542,1.0,0.5030000000000003,0.5588888888888884,0.5383215732514421,1.0,1,1.0,0.1111111111111111,1.0,1,1.0,0.3333333333333333,1.0,1,0.8,0.4444444444444444,0.8687949224876582,1,0.7,0.7777777777777778,0.8253470553818276
TelecomTS,C-Youtube-No-No@19068483424:786-832,eval,Co-Channel Interference (Severe),2,18,11,"['RSRP', 'UL_NPRB', 'UL_SNR', 'PRB_Utilization_DL', 'RX_Bytes', 'Estimated_UL_Buffer', 'DL_BLER', 'UL_BLER', 'DL_Protocol', 'PRBs_DL_Current', 'DL_NumberOfPackets']","['DL_BLER', 'DL_NumberOfPackets', 'PRB_Utilization_DL', 'PRB_Utilization_UL', 'RSRP', 'RX_Bytes', 'TX_Bytes', 'UL_BLER', 'UL_NPRB', 'UL_NumberOfPackets', 'UL_SNR']",0.7272727272727273,0.777574999999999,0.6075,0.6075,0.055227272727273784,0.6075,0.959,0.6098333333333327,0.16631818181818192,0.6094189670068746,0.997,0.6110999999999958,0.2777727272727245,0.6103375759366964,1.0,0.6123500000000032,0.5566818181818154,0.6115309207304264,1.0,1,1.0,0.09090909090909091,1.0,1,1.0,0.2727272727272727,1.0,1,1.0,0.45454545454545453,1.0,1,0.7,0.6363636363636364,0.7917267193679839
TelecomTS,C-Youtube-No-No@19068483424:1046-1205,eval,Antenna Failure,2,18,13,"['RSRP', 'UL_NPRB', 'UL_SNR', 'Estimated_UL_Buffer', 'RX_Bytes', 'DL_BLER', 'UL_BLER', 'PRB_Utilization_UL', 'DL_Protocol', 'TX_Bytes', 'PRBs_UL_Current', 'DL_NumberOfPackets', 'UL_MCS']","['DL_BLER', 'DL_MCS', 'DL_NumberOfPackets', 'Estimated_UL_Buffer', 'PRBs_DL_Current', 'PRBs_UL_Current', 'RSRP', 'RX_Bytes', 'TX_Bytes', 'UL_BLER', 'UL_MCS', 'UL_NumberOfPackets', 'UL_SNR']",0.7692307692307693,0.8445499999999982,0.7145,0.7145,0.054961538461540074,0.7145,0.9855,0.7213333333333375,0.16646153846153652,0.7202624664350279,1.0,0.7247999999999861,0.2787692307692311,0.7228955410150883,1.0,0.724500000000001,0.5573076923076955,0.7230999087949193,1.0,1,1.0,0.07692307692307693,1.0,1,0.6666666666666666,0.15384615384615385,0.7039180890341347,1,0.8,0.3076923076923077,0.7860137352654724,1,0.7,0.5384615384615384,0.725452110735279
TelecomTS,A-File-No-No@20858691072:109-133,eval,Resource Allocation Bugs,2,18,9,"['UL_BLER', 'RX_Bytes', 'RSRP', 'UL_NPRB', 'PRB_Utilization_DL', 'UL_SNR', 'TX_Bytes', 'DL_BLER', 'UL_NumberOfPackets']","['DL_BLER', 'PRB_Utilization_DL', 'PRB_Utilization_UL', 'PRBs_DL_Current', 'PRBs_UL_Current', 'RX_Bytes', 'TX_Bytes', 'UL_BLER', 'UL_NPRB']",0.6666666666666666,0.7008749999999992,0.499,0.499,0.05544444444444552,0.499,0.8985,0.5071666666666658,0.16905555555555593,0.5055781387911652,0.9855,0.502799999999999,0.2793333333333318,0.503121747410585,1.0,0.5039500000000002,0.5599444444444452,0.5383156715022126,1.0,1,1.0,0.1111111111111111,1.0,1,0.6666666666666666,0.2222222222222222,0.7653606369886217,1,0.8,0.4444444444444444,0.830419897363192,1,0.6,0.6666666666666666,0.7279965505724832
TelecomTS,A-File-No-No@20858688000:46-98,calib,Antenna Failure,2,18,13,"['RSRP', 'RX_Bytes', 'UL_NPRB', 'UL_SNR', 'TX_Bytes', 'DL_NumberOfPackets', 'UL_NumberOfPackets', 'DL_BLER', 'Estimated_UL_Buffer', 'DL_Protocol', 'PRB_Utilization_DL', 'PRBs_DL_Current', 'PRB_Utilization_UL']","['DL_BLER', 'DL_MCS', 'DL_NumberOfPackets', 'Estimated_UL_Buffer', 'PRBs_DL_Current', 'PRBs_UL_Current', 'RSRP', 'RX_Bytes', 'TX_Bytes', 'UL_BLER', 'UL_MCS', 'UL_NumberOfPackets', 'UL_SNR']",0.6923076923076923,0.8445499999999982,0.7145,0.7145,0.054961538461540074,0.7145,0.9855,0.7213333333333375,0.16646153846153652,0.7202624664350279,1.0,0.7247999999999861,0.2787692307692311,0.7228955410150883,1.0,0.724500000000001,0.5573076923076955,0.7230999087949193,1.0,1,1.0,0.07692307692307693,1.0,1,0.6666666666666666,0.15384615384615385,0.7653606369886217,1,0.8,0.3076923076923077,0.830419897363192,1,0.8,0.6153846153846154,0.8263333286520083
TelecomTS,C-Twitch-No-No@21227619232:105-170,calib,Antenna Failure,2,18,13,"['RSRP', 'RX_Bytes', 'UL_SNR', 'Estimated_UL_Buffer', 'UL_NPRB', 'UL_NumberOfPackets', 'PRBs_DL_Current', 'UL_MCS', 'DL_NumberOfPackets', 'TX_Bytes', 'DL_Protocol', 'DL_BLER', 'UL_BLER']","['DL_BLER', 'DL_MCS', 'DL_NumberOfPackets', 'Estimated_UL_Buffer', 'PRBs_DL_Current', 'PRBs_UL_Current', 'RSRP', 'RX_Bytes', 'TX_Bytes', 'UL_BLER', 'UL_MCS', 'UL_NumberOfPackets', 'UL_SNR']",0.8461538461538461,0.8445499999999982,0.7145,0.7145,0.054961538461540074,0.7145,0.9855,0.7213333333333375,0.16646153846153652,0.7202624664350279,1.0,0.7247999999999861,0.2787692307692311,0.7228955410150883,1.0,0.724500000000001,0.5573076923076955,0.7230999087949193,1.0,1,1.0,0.07692307692307693,1.0,1,1.0,0.23076923076923078,1.0,1,0.8,0.3076923076923077,0.8687949224876582,1,0.9,0.6923076923076923,0.914856882358379
TelecomTS,B-File-No-No@20798217504:110-145,calib,Buffer Overflow (Gradual Buildup),2,18,10,"['RX_Bytes', 'TX_Bytes', 'RSRP', 'UL_NumberOfPackets', 'UL_NPRB', 'UL_SNR', 'DL_NumberOfPackets', 'PRBs_DL_Current', 'DL_Protocol', 'DL_BLER']","['DL_BLER', 'DL_NumberOfPackets', 'Estimated_UL_Buffer', 'PRB_Utilization_DL', 'PRB_Utilization_UL', 'RX_Bytes', 'TX_Bytes', 'UL_BLER', 'UL_NPRB', 'UL_NumberOfPackets']",0.6,0.7416976190476186,0.559,0.559,0.055899999999998964,0.559,0.928,0.555333333333332,0.16659999999999878,0.5560810329931254,0.9925,0.5532999999999992,0.2766499999999996,0.5543193255848787,1.0,0.5550000000000028,0.5550000000000028,0.555309633101106,1.0,1,1.0,0.1,1.0,1,0.6666666666666666,0.2,0.7653606369886217,1,0.8,0.4,0.830419897363192,1,0.6,0.6,0.6758704024811183
TelecomTS,C-Twitch-No-No@21227620640:123-503,calib,Buffer Overflow (Gradual Buildup),2,18,10,"['RSRP', 'RX_Bytes', 'UL_SNR', 'UL_NPRB', 'UL_NumberOfPackets', 'DL_NumberOfPackets', 'PRBs_DL_Current', 'TX_Bytes', 'PRBs_UL_Current', 'UL_MCS']","['DL_BLER', 'DL_NumberOfPackets', 'Estimated_UL_Buffer', 'PRB_Utilization_DL', 'PRB_Utilization_UL', 'RX_Bytes', 'TX_Bytes', 'UL_BLER', 'UL_NPRB', 'UL_NumberOfPackets']",0.5,0.7416976190476186,0.559,0.559,0.055899999999998964,0.559,0.928,0.555333333333332,0.16659999999999878,0.5560810329931254,0.9925,0.5532999999999992,0.2766499999999996,0.5543193255848787,1.0,0.5550000000000028,0.5550000000000028,0.555309633101106,0.5,0,0.0,0.0,0.0,1,0.3333333333333333,0.1,0.2960819109658652,1,0.6,0.3,0.4912596920895758,1,0.5,0.5,0.4666234168001789
TelecomTS,C-Twitch-No-No@21227622720:126-311,calib,Buffer Overflow (Gradual Buildup),2,18,10,"['UL_SNR', 'RSRP', 'DL_MCS', 'RX_Bytes', 'UL_NPRB', 'DL_BLER', 'UL_BLER', 'TX_Bytes', 'UL_MCS', 'PRBs_DL_Current']","['DL_BLER', 'DL_NumberOfPackets', 'Estimated_UL_Buffer', 'PRB_Utilization_DL', 'PRB_Utilization_UL', 'RX_Bytes', 'TX_Bytes', 'UL_BLER', 'UL_NPRB', 'UL_NumberOfPackets']",0.5,0.7416976190476186,0.559,0.559,0.055899999999998964,0.559,0.928,0.555333333333332,0.16659999999999878,0.5560810329931254,0.9925,0.5532999999999992,0.2766499999999996,0.5543193255848787,1.0,0.5550000000000028,0.5550000000000028,0.555309633101106,0.25,0,0.0,0.0,0.0,0,0.0,0.0,0.0,1,0.4,0.2,0.27727342735504823,1,0.5,0.5,0.40112489502598436
TelecomTS,C-File-No-No@20501865024:104-341,calib,Co-Channel Interference (Mild),2,18,9,"['RSRP', 'RX_Bytes', 'UL_NPRB', 'TX_Bytes', 'UL_MCS', 'DL_BLER', 'DL_Protocol', 'UL_NumberOfPackets', 'Estimated_UL_Buffer']","['DL_BLER', 'PRB_Utilization_DL', 'PRB_Utilization_UL', 'RSRP', 'RX_Bytes', 'TX_Bytes', 'UL_BLER', 'UL_NPRB', 'UL_SNR']",0.5555555555555556,0.704430952380952,0.5065,0.5065,0.05627777777777887,0.5065,0.9,0.5054999999999992,0.16850000000000037,0.5059189670068743,0.986,0.5058999999999997,0.2810555555555536,0.5060652087439542,1.0,0.5030000000000003,0.5588888888888884,0.5383215732514421,1.0,1,1.0,0.1111111111111111,1.0,1,1.0,0.3333333333333333,1.0,1,0.8,0.4444444444444444,0.8687949224876582,1,0.6,0.6666666666666666,0.7537624778216616
TelecomTS,C-Twitch-No-No@21227619712:125-479,calib,Co-Channel Interference (Mild),2,18,9,"['RX_Bytes', 'RSRP', 'Estimated_UL_Buffer', 'UL_SNR', 'UL_NPRB', 'DL_NumberOfPackets', 'UL_NumberOfPackets', 'UL_MCS', 'TX_Bytes']","['DL_BLER', 'PRB_Utilization_DL', 'PRB_Utilization_UL', 'RSRP', 'RX_Bytes', 'TX_Bytes', 'UL_BLER', 'UL_NPRB', 'UL_SNR']",0.5555555555555556,0.704430952380952,0.5065,0.5065,0.05627777777777887,0.5065,0.9,0.5054999999999992,0.16850000000000037,0.5059189670068743,0.986,0.5058999999999997,0.2810555555555536,0.5060652087439542,1.0,0.5030000000000003,0.5588888888888884,0.5383215732514421,1.0,1,1.0,0.1111111111111111,1.0,1,0.6666666666666666,0.2222222222222222,0.7653606369886217,1,0.8,0.4444444444444444,0.830419897363192,1,0.5,0.5555555555555556,0.6462551795369941
TelecomTS,A-File-No-No@20858697664:115-319,calib,Co-Channel Interference (Severe),2,18,11,"['RSRP', 'RX_Bytes', 'TX_Bytes', 'UL_NPRB', 'UL_SNR', 'DL_BLER', 'UL_MCS', 'DL_NumberOfPackets', 'DL_Protocol', 'PRBs_DL_Current', 'UL_NumberOfPackets']","['DL_BLER', 'DL_NumberOfPackets', 'PRB_Utilization_DL', 'PRB_Utilization_UL', 'RSRP', 'RX_Bytes', 'TX_Bytes', 'UL_BLER', 'UL_NPRB', 'UL_NumberOfPackets', 'UL_SNR']",0.7272727272727273,0.777574999999999,0.6075,0.6075,0.055227272727273784,0.6075,0.959,0.6098333333333327,0.16631818181818192,0.6094189670068746,0.997,0.6110999999999958,0.2777727272727245,0.6103375759366964,1.0,0.6123500000000032,0.5566818181818154,0.6115309207304264,1.0,1,1.0,0.09090909090909091,1.0,1,1.0,0.2727272727272727,1.0,1,1.0,0.45454545454545453,1.0,1,0.7,0.6363636363636364,0.7967610662472993
TelecomTS,C-Twitch-No-No@21227621280:105-240,calib,Co-Channel Interference (Severe),2,18,11,"['RSRP', 'RX_Bytes', 'UL_SNR', 'DL_BLER', 'UL_NPRB', 'UL_NumberOfPackets', 'UL_MCS', 'PRBs_DL_Current', 'DL_NumberOfPackets', 'TX_Bytes', 'Estimated_UL_Buffer']","['DL_BLER', 'DL_NumberOfPackets', 'PRB_Utilization_DL', 'PRB_Utilization_UL', 'RSRP', 'RX_Bytes', 'TX_Bytes', 'UL_BLER', 'UL_NPRB', 'UL_NumberOfPackets', 'UL_SNR']",0.7272727272727273,0.777574999999999,0.6075,0.6075,0.055227272727273784,0.6075,0.959,0.6098333333333327,0.16631818181818192,0.6094189670068746,0.997,0.6110999999999958,0.2777727272727245,0.6103375759366964,1.0,0.6123500000000032,0.5566818181818154,0.6115309207304264,1.0,1,1.0,0.09090909090909091,1.0,1,1.0,0.2727272727272727,1.0,1,1.0,0.45454545454545453,1.0,1,0.8,0.7272727272727273,0.8572048559638628
TelecomTS,A-File-No-No@20858692928:114-548,calib,Doppler Shift (Severe),2,18,7,"['RSRP', 'TX_Bytes', 'RX_Bytes', 'UL_NPRB', 'UL_NumberOfPackets', 'UL_SNR', 'DL_BLER']","['DL_MCS', 'RSRP', 'RX_Bytes', 'TX_Bytes', 'UL_MCS', 'UL_NPRB', 'UL_SNR']",0.7142857142857143,0.6189297799422815,0.4025,0.4025,0.05749999999999957,0.4025,0.8045,0.3928333333333345,0.1683571428571435,0.39468165643142034,0.946,0.3949,0.28207142857143175,0.39551999692800743,0.9995,0.3937499999999935,0.5624999999999976,0.4926357933911884,1.0,1,1.0,0.14285714285714285,1.0,1,1.0,0.42857142857142855,1.0,1,0.8,0.5714285714285714,0.8687949224876582,1,0.6,0.8571428571428571,0.8847838959703266
TelecomTS,C-Twitch-No-No@21227618080:99-143,calib,Doppler Shift (Severe),2,18,7,"['UL_SNR', 'RSRP', 'Estimated_UL_Buffer', 'UL_NPRB', 'UL_BLER', 'RX_Bytes', 'PRB_Utilization_DL']","['DL_MCS', 'RSRP', 'RX_Bytes', 'TX_Bytes', 'UL_MCS', 'UL_NPRB', 'UL_SNR']",0.5714285714285714,0.6189297799422815,0.4025,0.4025,0.05749999999999957,0.4025,0.8045,0.3928333333333345,0.1683571428571435,0.39468165643142034,0.946,0.3949,0.28207142857143175,0.39551999692800743,0.9995,0.3937499999999935,0.5624999999999976,0.4926357933911884,1.0,1,1.0,0.14285714285714285,1.0,1,0.6666666666666666,0.2857142857142857,0.7653606369886217,1,0.6,0.42857142857142855,0.6992148198508501,1,0.5,0.7142857142857143,0.7513135367019809
TelecomTS,C-Twitch-No-No@21227618080:180-262,calib,High Network Congestion (Sudden Spike),2,18,10,"['UL_SNR', 'RSRP', 'UL_NPRB', 'Estimated_UL_Buffer', 'UL_BLER', 'RX_Bytes', 'DL_BLER', 'PRB_Utilization_DL', 'TX_Bytes', 'PRB_Utilization_UL']","['DL_BLER', 'DL_NumberOfPackets', 'Estimated_UL_Buffer', 'PRB_Utilization_DL', 'PRB_Utilization_UL', 'RX_Bytes', 'TX_Bytes', 'UL_BLER', 'UL_NPRB', 'UL_NumberOfPackets']",0.8,0.7416976190476186,0.559,0.559,0.055899999999998964,0.559,0.928,0.555333333333332,0.16659999999999878,0.5560810329931254,0.9925,0.5532999999999992,0.2766499999999996,0.5543193255848787,1.0,0.5550000000000028,0.5550000000000028,0.555309633101106,0.3333333333333333,0,0.0,0.0,0.0,1,0.3333333333333333,0.1,0.23463936301137822,1,0.6,0.3,0.4468535299918563,1,0.8,0.8,0.6410457898283652
TelecomTS,C-File-No-No@20501864096:96-100,calib,Faulty Handover Algorithm (Too Frequent),2,18,9,"['RSRP', 'TX_Bytes', 'UL_SNR', 'UL_NPRB', 'RX_Bytes', 'UL_MCS', 'UL_BLER', 'UL_NumberOfPackets', 'Estimated_UL_Buffer']","['DL_BLER', 'DL_NumberOfPackets', 'Estimated_UL_Buffer', 'RSRP', 'RX_Bytes', 'TX_Bytes', 'UL_BLER', 'UL_NumberOfPackets', 'UL_SNR']",0.7777777777777778,0.698677976190476,0.4935,0.4935,0.054833333333334386,0.4935,0.899,0.49616666666666637,0.16538888888888925,0.49623731057545384,0.986,0.5012999999999999,0.2784999999999985,0.49956054776567604,1.0,0.49955,0.5550555555555552,0.5326308835107421,1.0,1,1.0,0.1111111111111111,1.0,1,1.0,0.3333333333333333,1.0,1,0.8,0.4444444444444444,0.8539316501572937,1,0.7,0.7777777777777778,0.8150464777885064
TelecomTS,B-File-No-No@20798215040:115-289,calib,Faulty RF Filters (Temporal),2,18,9,"['TX_Bytes', 'RX_Bytes', 'RSRP', 'UL_NPRB', 'DL_NumberOfPackets', 'UL_SNR', 'PRBs_DL_Current', 'UL_NumberOfPackets', 'DL_BLER']","['DL_BLER', 'PRB_Utilization_DL', 'PRB_Utilization_UL', 'RSRP', 'RX_Bytes', 'TX_Bytes', 'UL_BLER', 'UL_NPRB', 'UL_SNR']",0.6666666666666666,0.704430952380952,0.5065,0.5065,0.05627777777777887,0.5065,0.9,0.5054999999999992,0.16850000000000037,0.5059189670068743,0.986,0.5058999999999997,0.2810555555555536,0.5060652087439542,1.0,0.5030000000000003,0.5588888888888884,0.5383215732514421,1.0,1,1.0,0.1111111111111111,1.0,1,1.0,0.3333333333333333,1.0,1,0.8,0.4444444444444444,0.8687949224876582,1,0.7,0.7777777777777778,0.8245182385427422
TelecomTS,A-File-No-No@20858688576:108-247,calib,Faulty RF Filters (Temporal),2,18,9,"['RX_Bytes', 'RSRP', 'UL_NPRB', 'TX_Bytes', 'UL_SNR', 'UL_NumberOfPackets', 'UL_MCS', 'PRBs_DL_Current', 'UL_BLER']","['DL_BLER', 'PRB_Utilization_DL', 'PRB_Utilization_UL', 'RSRP', 'RX_Bytes', 'TX_Bytes', 'UL_BLER', 'UL_NPRB', 'UL_SNR']",0.6666666666666666,0.704430952380952,0.5065,0.5065,0.05627777777777887,0.5065,0.9,0.5054999999999992,0.16850000000000037,0.5059189670068743,0.986,0.5058999999999997,0.2810555555555536,0.5060652087439542,1.0,0.5030000000000003,0.5588888888888884,0.5383215732514421,1.0,1,1.0,0.1111111111111111,1.0,1,1.0,0.3333333333333333,1.0,1,1.0,0.5555555555555556,1.0,1,0.6,0.6666666666666666,0.7637779542442368
TelecomTS,B-Twitch-No-No@19606761696:106-287,calib,High Network Congestion (Gradual Buildup),2,18,10,"['UL_BLER', 'RSRP', 'UL_NPRB', 'RX_Bytes', 'UL_SNR', 'PRB_Utilization_DL', 'PRB_Utilization_UL', 'UL_MCS', 'DL_BLER', 'TX_Bytes']","['DL_BLER', 'DL_NumberOfPackets', 'Estimated_UL_Buffer', 'PRB_Utilization_DL', 'PRB_Utilization_UL', 'RX_Bytes', 'TX_Bytes', 'UL_BLER', 'UL_NPRB', 'UL_NumberOfPackets']",0.7,0.7416976190476186,0.559,0.559,0.055899999999998964,0.559,0.928,0.555333333333332,0.16659999999999878,0.5560810329931254,0.9925,0.5532999999999992,0.2766499999999996,0.5543193255848787,1.0,0.5550000000000028,0.5550000000000028,0.555309633101106,1.0,1,1.0,0.1,1.0,1,0.6666666666666666,0.2,0.7039180890341347,1,0.6,0.3,0.6548086577531307,1,0.7,0.7,0.7065632165480471
TelecomTS,B-File-No-No@20798216608:113-182,calib,High Network Congestion (Gradual Buildup),2,18,10,"['TX_Bytes', 'RX_Bytes', 'RSRP', 'UL_BLER', 'UL_NPRB', 'UL_SNR', 'UL_NumberOfPackets', 'DL_NumberOfPackets', 'PRBs_DL_Current', 'DL_BLER']","['DL_BLER', 'DL_NumberOfPackets', 'Estimated_UL_Buffer', 'PRB_Utilization_DL', 'PRB_Utilization_UL', 'RX_Bytes', 'TX_Bytes', 'UL_BLER', 'UL_NPRB', 'UL_NumberOfPackets']",0.7,0.7416976190476186,0.559,0.559,0.055899999999998964,0.559,0.928,0.555333333333332,0.16659999999999878,0.5560810329931254,0.9925,0.5532999999999992,0.2766499999999996,0.5543193255848787,1.0,0.5550000000000028,0.5550000000000028,0.555309633101106,1.0,1,1.0,0.1,1.0,1,0.6666666666666666,0.2,0.7653606369886217,1,0.8,0.4,0.830419897363192,1,0.7,0.7,0.7453016244178956
TelecomTS,B-File-No-No@20798216608:385-402,calib,Faulty RF Filters (Temporal),2,18,9,"['TX_Bytes', 'RX_Bytes', 'RSRP', 'UL_NumberOfPackets', 'UL_NPRB', 'DL_NumberOfPackets', 'UL_SNR', 'DL_BLER', 'DL_Protocol']","['DL_BLER', 'PRB_Utilization_DL', 'PRB_Utilization_UL', 'RSRP', 'RX_Bytes', 'TX_Bytes', 'UL_BLER', 'UL_NPRB', 'UL_SNR']",0.6666666666666666,0.704430952380952,0.5065,0.5065,0.05627777777777887,0.5065,0.9,0.5054999999999992,0.16850000000000037,0.5059189670068743,0.986,0.5058999999999997,0.2810555555555536,0.5060652087439542,1.0,0.5030000000000003,0.5588888888888884,0.5383215732514421,1.0,1,1.0,0.1111111111111111,1.0,1,1.0,0.3333333333333333,1.0,1,0.8,0.4444444444444444,0.8539316501572937,1,0.7,0.7777777777777778,0.8122341179857165
TelecomTS,B-File-No-No@20798216608:443-540,calib,Co-Channel Interference (Mild),2,18,9,"['TX_Bytes', 'RX_Bytes', 'RSRP', 'UL_NPRB', 'UL_SNR', 'DL_BLER', 'PRBs_DL_Current', 'DL_NumberOfPackets', 'DL_Protocol']","['DL_BLER', 'PRB_Utilization_DL', 'PRB_Utilization_UL', 'RSRP', 'RX_Bytes', 'TX_Bytes', 'UL_BLER', 'UL_NPRB', 'UL_SNR']",0.6666666666666666,0.704430952380952,0.5065,0.5065,0.05627777777777887,0.5065,0.9,0.5054999999999992,0.16850000000000037,0.5059189670068743,0.986,0.5058999999999997,0.2810555555555536,0.5060652087439542,1.0,0.5030000000000003,0.5588888888888884,0.5383215732514421,1.0,1,1.0,0.1111111111111111,1.0,1,1.0,0.3333333333333333,1.0,1,1.0,0.5555555555555556,1.0,1,0.6,0.6666666666666666,0.7767471075223497
TelecomTS,B-Twitch-No-No@19606760640:102-257,calib,High Network Congestion (Sudden Spike),2,18,10,"['UL_NPRB', 'RSRP', 'RX_Bytes', 'UL_SNR', 'UL_BLER', 'UL_MCS', 'Estimated_UL_Buffer', 'PRB_Utilization_DL', 'DL_BLER', 'TX_Bytes']","['DL_BLER', 'DL_NumberOfPackets', 'Estimated_UL_Buffer', 'PRB_Utilization_DL', 'PRB_Utilization_UL', 'RX_Bytes', 'TX_Bytes', 'UL_BLER', 'UL_NPRB', 'UL_NumberOfPackets']",0.7,0.7416976190476186,0.559,0.559,0.055899999999998964,0.559,0.928,0.555333333333332,0.16659999999999878,0.5560810329931254,0.9925,0.5532999999999992,0.2766499999999996,0.5543193255848787,1.0,0.5550000000000028,0.5550000000000028,0.555309633101106,1.0,1,1.0,0.1,1.0,1,0.6666666666666666,0.2,0.7039180890341347,1,0.6,0.3,0.639945385422766,1,0.7,0.7,0.6879509227782195
TelecomTS,B-Twitch-No-No@19606760640:369-447,calib,Co-Channel Interference (Severe),2,18,11,"['UL_NPRB', 'RSRP', 'RX_Bytes', 'PRB_Utilization_DL', 'UL_SNR', 'UL_MCS', 'Estimated_UL_Buffer', 'DL_BLER', 'DL_Protocol', 'UL_NumberOfPackets', 'TX_Bytes']","['DL_BLER', 'DL_NumberOfPackets', 'PRB_Utilization_DL', 'PRB_Utilization_UL', 'RSRP', 'RX_Bytes', 'TX_Bytes', 'UL_BLER', 'UL_NPRB', 'UL_NumberOfPackets', 'UL_SNR']",0.7272727272727273,0.777574999999999,0.6075,0.6075,0.055227272727273784,0.6075,0.959,0.6098333333333327,0.16631818181818192,0.6094189670068746,0.997,0.6110999999999958,0.2777727272727245,0.6103375759366964,1.0,0.6123500000000032,0.5566818181818154,0.6115309207304264,1.0,1,1.0,0.09090909090909091,1.0,1,1.0,0.2727272727272727,1.0,1,1.0,0.45454545454545453,1.0,1,0.7,0.6363636363636364,0.7819835854675755
TelecomTS,C-File-No-No@20501859680:122-235,calib,High Network Congestion (Sudden Spike),2,18,10,"['RSRP', 'RX_Bytes', 'UL_NPRB', 'DL_NumberOfPackets', 'TX_Bytes', 'UL_MCS', 'UL_SNR', 'DL_BLER', 'UL_NumberOfPackets', 'Estimated_UL_Buffer']","['DL_BLER', 'DL_NumberOfPackets', 'Estimated_UL_Buffer', 'PRB_Utilization_DL', 'PRB_Utilization_UL', 'RX_Bytes', 'TX_Bytes', 'UL_BLER', 'UL_NPRB', 'UL_NumberOfPackets']",0.7,0.7416976190476186,0.559,0.559,0.055899999999998964,0.559,0.928,0.555333333333332,0.16659999999999878,0.5560810329931254,0.9925,0.5532999999999992,0.2766499999999996,0.5543193255848787,1.0,0.5550000000000028,0.5550000000000028,0.555309633101106,0.5,0,0.0,0.0,0.0,1,0.6666666666666666,0.2,0.5307212739772434,1,0.8,0.4,0.6608397947263839,1,0.7,0.7,0.6281460426238844
TelecomTS,C-File-No-No@20501859680:424-673,calib,Faulty RF Filters (Temporal),2,18,9,"['RSRP', 'RX_Bytes', 'UL_NPRB', 'TX_Bytes', 'UL_SNR', 'UL_NumberOfPackets', 'UL_MCS', 'Estimated_UL_Buffer', 'DL_BLER']","['DL_BLER', 'PRB_Utilization_DL', 'PRB_Utilization_UL', 'RSRP', 'RX_Bytes', 'TX_Bytes', 'UL_BLER', 'UL_NPRB', 'UL_SNR']",0.6666666666666666,0.704430952380952,0.5065,0.5065,0.05627777777777887,0.5065,0.9,0.5054999999999992,0.16850000000000037,0.5059189670068743,0.986,0.5058999999999997,0.2810555555555536,0.5060652087439542,1.0,0.5030000000000003,0.5588888888888884,0.5383215732514421,1.0,1,1.0,0.1111111111111111,1.0,1,1.0,0.3333333333333333,1.0,1,1.0,0.5555555555555556,1.0,1,0.6,0.6666666666666666,0.7637779542442368
TelecomTS,C-File-No-No@20501859680:798-1139,calib,Buffer Overflow (Gradual Buildup),2,18,10,"['RSRP', 'RX_Bytes', 'TX_Bytes', 'UL_NPRB', 'UL_MCS', 'DL_NumberOfPackets', 'UL_SNR', 'DL_BLER', 'Estimated_UL_Buffer', 'PRB_Utilization_UL']","['DL_BLER', 'DL_NumberOfPackets', 'Estimated_UL_Buffer', 'PRB_Utilization_DL', 'PRB_Utilization_UL', 'RX_Bytes', 'TX_Bytes', 'UL_BLER', 'UL_NPRB', 'UL_NumberOfPackets']",0.7,0.7416976190476186,0.559,0.559,0.055899999999998964,0.559,0.928,0.555333333333332,0.16659999999999878,0.5560810329931254,0.9925,0.5532999999999992,0.2766499999999996,0.5543193255848787,1.0,0.5550000000000028,0.5550000000000028,0.555309633101106,0.5,0,0.0,0.0,0.0,1,0.6666666666666666,0.2,0.5307212739772434,1,0.6,0.3,0.5296347172140421,1,0.7,0.7,0.6214011939609386
TelecomTS,C-Twitch-No-No@21227617344:118-557,calib,Resource Allocation Bugs,2,18,9,"['RSRP', 'RX_Bytes', 'UL_SNR', 'Estimated_UL_Buffer', 'UL_NPRB', 'UL_NumberOfPackets', 'UL_MCS', 'PRBs_DL_Current', 'TX_Bytes']","['DL_BLER', 'PRB_Utilization_DL', 'PRB_Utilization_UL', 'PRBs_DL_Current', 'PRBs_UL_Current', 'RX_Bytes', 'TX_Bytes', 'UL_BLER', 'UL_NPRB']",0.4444444444444444,0.7008749999999992,0.499,0.499,0.05544444444444552,0.499,0.8985,0.5071666666666658,0.16905555555555593,0.5055781387911652,0.9855,0.502799999999999,0.2793333333333318,0.503121747410585,1.0,0.5039500000000002,0.5599444444444452,0.5383156715022126,0.5,0,0.0,0.0,0.0,1,0.3333333333333333,0.1111111111111111,0.2960819109658652,1,0.4,0.2222222222222222,0.34519134224686937,1,0.4,0.4444444444444444,0.38412963719528304
TelecomTS,A-Youtube-No-No@17695587520:112-170,train,Antenna Failure,3,18,13,"['RSRP', 'UL_SNR', 'RX_Bytes', 'UL_NPRB', 'PRBs_UL_Current', 'Estimated_UL_Buffer', 'DL_BLER', 'DL_MCS', 'TX_Bytes', 'DL_NumberOfPackets', 'UL_MCS', 'UL_BLER', 'PRB_Utilization_UL']","['DL_BLER', 'DL_MCS', 'DL_NumberOfPackets', 'Estimated_UL_Buffer', 'PRBs_DL_Current', 'PRBs_UL_Current', 'RSRP', 'RX_Bytes', 'TX_Bytes', 'UL_BLER', 'UL_MCS', 'UL_NumberOfPackets', 'UL_SNR']",0.8461538461538461,0.8565666666666654,0.736,0.736,0.056615384615386295,0.736,0.985,0.7263333333333362,0.16761538461538286,0.7292261797466472,1.0,0.7230999999999861,0.2781153846153846,0.7263351253104188,1.0,0.7215500000000011,0.5550384615384654,0.7240673727278659,1.0,1,1.0,0.07692307692307693,1.0,1,1.0,0.23076923076923078,1.0,1,0.8,0.3076923076923077,0.8539316501572937,1,0.9,0.6923076923076923,0.9052116356304493
TelecomTS,A-Twitch-No-No@17883074560:115-219,train,Antenna Failure,3,18,13,"['UL_BLER', 'Estimated_UL_Buffer', 'RSRP', 'RX_Bytes', 'UL_MCS', 'UL_NPRB', 'DL_Protocol', 'DL_BLER', 'UL_NumberOfPackets', 'TX_Bytes', 'UL_SNR', 'PRBs_DL_Current', 'UL_Protocol']","['DL_BLER', 'DL_MCS', 'DL_NumberOfPackets', 'Estimated_UL_Buffer', 'PRBs_DL_Current', 'PRBs_UL_Current', 'RSRP', 'RX_Bytes', 'TX_Bytes', 'UL_BLER', 'UL_MCS', 'UL_NumberOfPackets', 'UL_SNR']",0.7692307692307693,0.8565666666666654,0.736,0.736,0.056615384615386295,0.736,0.985,0.7263333333333362,0.16761538461538286,0.7292261797466472,1.0,0.7230999999999861,0.2781153846153846,0.7263351253104188,1.0,0.7215500000000011,0.5550384615384654,0.7240673727278659,1.0,1,1.0,0.07692307692307693,1.0,1,1.0,0.23076923076923078,1.0,1,1.0,0.38461538461538464,1.0,1,0.8,0.6153846153846154,0.8482378089219645
TelecomTS,A-Twitch-No-No@17883078368:113-280,train,Antenna Failure,3,18,13,"['RSRP', 'UL_NPRB', 'UL_SNR', 'RX_Bytes', 'DL_Protocol', 'UL_MCS', 'UL_BLER', 'UL_NumberOfPackets', 'TX_Bytes', 'DL_BLER', 'Estimated_UL_Buffer', 'UL_Protocol', 'PRB_Utilization_UL']","['DL_BLER', 'DL_MCS', 'DL_NumberOfPackets', 'Estimated_UL_Buffer', 'PRBs_DL_Current', 'PRBs_UL_Current', 'RSRP', 'RX_Bytes', 'TX_Bytes', 'UL_BLER', 'UL_MCS', 'UL_NumberOfPackets', 'UL_SNR']",0.6923076923076923,0.8565666666666654,0.736,0.736,0.056615384615386295,0.736,0.985,0.7263333333333362,0.16761538461538286,0.7292261797466472,1.0,0.7230999999999861,0.2781153846153846,0.7263351253104188,1.0,0.7215500000000011,0.5550384615384654,0.7240673727278659,1.0,1,1.0,0.07692307692307693,1.0,1,0.6666666666666666,0.15384615384615385,0.7039180890341347,1,0.6,0.23076923076923078,0.6548086577531307,1,0.8,0.6153846153846154,0.7759944384848244
TelecomTS,A-Twitch-No-No@17883080160:123-336,train,Antenna Failure,3,18,13,"['RSRP', 'UL_Protocol', 'UL_NPRB', 'UL_MCS', 'UL_SNR', 'DL_BLER', 'RX_Bytes', 'UL_NumberOfPackets', 'DL_Protocol', 'TX_Bytes', 'DL_NumberOfPackets', 'PRBs_DL_Current', 'UL_BLER']","['DL_BLER', 'DL_MCS', 'DL_NumberOfPackets', 'Estimated_UL_Buffer', 'PRBs_DL_Current', 'PRBs_UL_Current', 'RSRP', 'RX_Bytes', 'TX_Bytes', 'UL_BLER', 'UL_MCS', 'UL_NumberOfPackets', 'UL_SNR']",0.7692307692307693,0.8565666666666654,0.736,0.736,0.056615384615386295,0.736,0.985,0.7263333333333362,0.16761538461538286,0.7292261797466472,1.0,0.7230999999999861,0.2781153846153846,0.7263351253104188,1.0,0.7215500000000011,0.5550384615384654,0.7240673727278659,1.0,1,1.0,0.07692307692307693,1.0,1,0.3333333333333333,0.07692307692307693,0.46927872602275644,1,0.6,0.23076923076923078,0.6164336326286644,1,0.7,0.5384615384615384,0.6848374495230163
TelecomTS,C-File-No-No@20501856960:108-331,train,Antenna Failure,3,18,13,"['RSRP', 'RX_Bytes', 'TX_Bytes', 'UL_NPRB', 'UL_SNR', 'Estimated_UL_Buffer', 'UL_MCS', 'PRBs_DL_Current', 'PRB_Utilization_UL', 'DL_Protocol', 'UL_Protocol', 'UL_NumberOfPackets', 'DL_BLER']","['DL_BLER', 'DL_MCS', 'DL_NumberOfPackets', 'Estimated_UL_Buffer', 'PRBs_DL_Current', 'PRBs_UL_Current', 'RSRP', 'RX_Bytes', 'TX_Bytes', 'UL_BLER', 'UL_MCS', 'UL_NumberOfPackets', 'UL_SNR']",0.6923076923076923,0.8565666666666654,0.736,0.736,0.056615384615386295,0.736,0.985,0.7263333333333362,0.16761538461538286,0.7292261797466472,1.0,0.7230999999999861,0.2781153846153846,0.7263351253104188,1.0,0.7215500000000011,0.5550384615384654,0.7240673727278659,1.0,1,1.0,0.07692307692307693,1.0,1,1.0,0.23076923076923078,1.0,1,0.8,0.3076923076923077,0.8539316501572937,1,0.7,0.5384615384615384,0.7753366239771086
TelecomTS,A-Youtube-No-No@17695588128:107-560,train,Buffer Overflow (Gradual Buildup),3,18,10,"['RX_Bytes', 'UL_NPRB', 'UL_SNR', 'RSRP', 'Estimated_UL_Buffer', 'DL_BLER', 'TX_Bytes', 'UL_BLER', 'UL_NumberOfPackets', 'PRBs_DL_Current']","['DL_BLER', 'DL_NumberOfPackets', 'Estimated_UL_Buffer', 'PRB_Utilization_DL', 'PRB_Utilization_UL', 'RX_Bytes', 'TX_Bytes', 'UL_BLER', 'UL_NPRB', 'UL_NumberOfPackets']",0.7,0.7401345238095229,0.553,0.553,0.055299999999998996,0.553,0.9385,0.5601666666666659,0.16804999999999942,0.5585362866883798,0.995,0.5582999999999974,0.2791499999999987,0.5578058796143377,1.0,0.5594000000000041,0.5594000000000041,0.5588033763661221,1.0,1,1.0,0.1,1.0,1,0.6666666666666666,0.2,0.7653606369886217,1,0.6,0.3,0.6843515475204855,1,0.7,0.7,0.7315449642824575
TelecomTS,A-Youtube-No-No@17695588128:602-644,train,Faulty RF Filters (Temporal),3,18,9,"['UL_NPRB', 'UL_SNR', 'RSRP', 'RX_Bytes', 'Estimated_UL_Buffer', 'UL_BLER', 'DL_NumberOfPackets', 'DL_Protocol', 'PRB_Utilization_UL']","['DL_BLER', 'PRB_Utilization_DL', 'PRB_Utilization_UL', 'RSRP', 'RX_Bytes', 'TX_Bytes', 'UL_BLER', 'UL_NPRB', 'UL_SNR']",0.6666666666666666,0.6912458333333324,0.483,0.483,0.05366666666666769,0.483,0.907,0.507166666666667,0.16905555555555568,0.5018853515309367,0.986,0.501000000000001,0.2783333333333319,0.49914568841807444,1.0,0.4988499999999998,0.5542777777777782,0.5322658239252335,1.0,1,1.0,0.1111111111111111,1.0,1,1.0,0.3333333333333333,1.0,1,0.8,0.4444444444444444,0.8687949224876582,1,0.7,0.7777777777777778,0.8245182385427422
TelecomTS,A-Youtube-No-No@17695589952:121-202,train,Buffer Overflow (Gradual Buildup),3,18,10,"['RSRP', 'UL_NPRB', 'RX_Bytes', 'Estimated_UL_Buffer', 'TX_Bytes', 'DL_BLER', 'DL_NumberOfPackets', 'DL_Protocol', 'UL_BLER', 'PRB_Utilization_UL']","['DL_BLER', 'DL_NumberOfPackets', 'Estimated_UL_Buffer', 'PRB_Utilization_DL', 'PRB_Utilization_UL', 'RX_Bytes', 'TX_Bytes', 'UL_BLER', 'UL_NPRB', 'UL_NumberOfPackets']",0.8,0.7401345238095229,0.553,0.553,0.055299999999998996,0.553,0.9385,0.5601666666666659,0.16804999999999942,0.5585362866883798,0.995,0.5582999999999974,0.2791499999999987,0.5578058796143377,1.0,0.5594000000000041,0.5594000000000041,0.5588033763661221,0.5,0,0.0,0.0,0.0,1,0.6666666666666666,0.2,0.5307212739772434,1,0.8,0.4,0.6608397947263839,1,0.8,0.8,0.7104770117651426
TelecomTS,A-Youtube-No-No@17695589952:297-666,train,Faulty RF Filters (Temporal),3,18,9,"['RSRP', 'UL_NPRB', 'UL_SNR', 'RX_Bytes', 'Estimated_UL_Buffer', 'DL_BLER', 'DL_Protocol', 'UL_BLER', 'PRBs_DL_Current']","['DL_BLER', 'PRB_Utilization_DL', 'PRB_Utilization_UL', 'RSRP', 'RX_Bytes', 'TX_Bytes', 'UL_BLER', 'UL_NPRB', 'UL_SNR']",0.6666666666666666,0.6912458333333324,0.483,0.483,0.05366666666666769,0.483,0.907,0.507166666666667,0.16905555555555568,0.5018853515309367,0.986,0.501000000000001,0.2783333333333319,0.49914568841807444,1.0,0.4988499999999998,0.5542777777777782,0.5322658239252335,1.0,1,1.0,0.1111111111111111,1.0,1,1.0,0.3333333333333333,1.0,1,0.8,0.4444444444444444,0.8687949224876582,1,0.6,0.6666666666666666,0.7599676921884454
TelecomTS,A-Youtube-No-No@17695589952:781-964,train,Resource Allocation Bugs,3,18,9,"['UL_NPRB', 'RX_Bytes', 'Estimated_UL_Buffer', 'DL_BLER', 'UL_SNR', 'RSRP', 'DL_Protocol', 'UL_BLER', 'DL_NumberOfPackets']","['DL_BLER', 'PRB_Utilization_DL', 'PRB_Utilization_UL', 'PRBs_DL_Current', 'PRBs_UL_Current', 'RX_Bytes', 'TX_Bytes', 'UL_BLER', 'UL_NPRB']",0.4444444444444444,0.6958013888888883,0.495,0.495,0.05500000000000106,0.495,0.898,0.505166666666667,0.16838888888888906,0.5028938111473004,0.984,0.4998999999999999,0.27772222222222087,0.4999104049743554,1.0,0.4977999999999997,0.5531111111111113,0.5324853463915006,1.0,1,1.0,0.1111111111111111,1.0,1,0.6666666666666666,0.2222222222222222,0.7653606369886217,1,0.6,0.3333333333333333,0.6992148198508501,1,0.5,0.5555555555555556,0.6266634044002999
TelecomTS,B-Youtube-No-No@18149192640:98-480,train,Buffer Overflow (Gradual Buildup),3,18,10,"['RSRP', 'UL_NPRB', 'UL_SNR', 'DL_MCS', 'RX_Bytes', 'Estimated_UL_Buffer', 'DL_BLER', 'TX_Bytes', 'DL_NumberOfPackets', 'UL_MCS']","['DL_BLER', 'DL_NumberOfPackets', 'Estimated_UL_Buffer', 'PRB_Utilization_DL', 'PRB_Utilization_UL', 'RX_Bytes', 'TX_Bytes', 'UL_BLER', 'UL_NPRB', 'UL_NumberOfPackets']",0.6,0.7401345238095229,0.553,0.553,0.055299999999998996,0.553,0.9385,0.5601666666666659,0.16804999999999942,0.5585362866883798,0.995,0.5582999999999974,0.2791499999999987,0.5578058796143377,1.0,0.5594000000000041,0.5594000000000041,0.5588033763661221,0.5,0,0.0,0.0,0.0,1,0.3333333333333333,0.1,0.2960819109658652,1,0.4,0.2,0.34519134224686937,1,0.6,0.6,0.5114531979843772
TelecomTS,C-Youtube-No-No@19068481728:122-257,train,Buffer Overflow (Gradual Buildup),3,18,10,"['RSRP', 'UL_NPRB', 'UL_SNR', 'RX_Bytes', 'Estimated_UL_Buffer', 'DL_BLER', 'DL_Protocol', 'UL_BLER', 'DL_NumberOfPackets', 'UL_NumberOfPackets']","['DL_BLER', 'DL_NumberOfPackets', 'Estimated_UL_Buffer', 'PRB_Utilization_DL', 'PRB_Utilization_UL', 'RX_Bytes', 'TX_Bytes', 'UL_BLER', 'UL_NPRB', 'UL_NumberOfPackets']",0.7,0.7401345238095229,0.553,0.553,0.055299999999998996,0.553,0.9385,0.5601666666666659,0.16804999999999942,0.5585362866883798,0.995,0.5582999999999974,0.2791499999999987,0.5578058796143377,1.0,0.5594000000000041,0.5594000000000041,0.5588033763661221,0.5,0,0.0,0.0,0.0,1,0.3333333333333333,0.1,0.2960819109658652,1,0.6,0.3,0.4912596920895758,1,0.7,0.7,0.5964984284535195
TelecomTS,C-Youtube-No-No@19068487456:110-314,train,Buffer Overflow (Gradual Buildup),3,18,10,"['DL_MCS', 'RX_Bytes', 'TX_Bytes', 'RSRP', 'DL_BLER', 'UL_NPRB', 'PRBs_UL_Current', 'Estimated_UL_Buffer', 'UL_SNR', 'DL_NumberOfPackets']","['DL_BLER', 'DL_NumberOfPackets', 'Estimated_UL_Buffer', 'PRB_Utilization_DL', 'PRB_Utilization_UL', 'RX_Bytes', 'TX_Bytes', 'UL_BLER', 'UL_NPRB', 'UL_NumberOfPackets']",0.6,0.7401345238095229,0.553,0.553,0.055299999999998996,0.553,0.9385,0.5601666666666659,0.16804999999999942,0.5585362866883798,0.995,0.5582999999999974,0.2791499999999987,0.5578058796143377,1.0,0.5594000000000041,0.5594000000000041,0.5588033763661221,0.5,0,0.0,0.0,0.0,1,0.6666666666666666,0.2,0.5307212739772434,1,0.6,0.3,0.5147714448836774,1,0.6,0.6,0.5455017237786198
TelecomTS,C-Youtube-No-No@19068487456:473-594,train,Antenna Failure,3,18,13,"['RSRP', 'DL_MCS', 'DL_BLER', 'RX_Bytes', 'UL_NPRB', 'TX_Bytes', 'Estimated_UL_Buffer', 'UL_SNR', 'UL_BLER', 'DL_NumberOfPackets', 'PRB_Utilization_DL', 'PRB_Utilization_UL', 'PRBs_DL_Current']","['DL_BLER', 'DL_MCS', 'DL_NumberOfPackets', 'Estimated_UL_Buffer', 'PRBs_DL_Current', 'PRBs_UL_Current', 'RSRP', 'RX_Bytes', 'TX_Bytes', 'UL_BLER', 'UL_MCS', 'UL_NumberOfPackets', 'UL_SNR']",0.7692307692307693,0.8565666666666654,0.736,0.736,0.056615384615386295,0.736,0.985,0.7263333333333362,0.16761538461538286,0.7292261797466472,1.0,0.7230999999999861,0.2781153846153846,0.7263351253104188,1.0,0.7215500000000011,0.5550384615384654,0.7240673727278659,1.0,1,1.0,0.07692307692307693,1.0,1,1.0,0.23076923076923078,1.0,1,0.8,0.3076923076923077,0.8687949224876582,1,0.9,0.6923076923076923,0.914856882358379
TelecomTS,B-Twitch-No-No@19606755008:98-649,train,Buffer Overflow (Gradual Buildup),3,18,10,"['UL_NPRB', 'RSRP', 'RX_Bytes', 'PRB_Utilization_DL', 'UL_BLER', 'UL_SNR', 'UL_MCS', 'DL_BLER', 'TX_Bytes', 'Estimated_UL_Buffer']","['DL_BLER', 'DL_NumberOfPackets', 'Estimated_UL_Buffer', 'PRB_Utilization_DL', 'PRB_Utilization_UL', 'RX_Bytes', 'TX_Bytes', 'UL_BLER', 'UL_NPRB', 'UL_NumberOfPackets']",0.7,0.7401345238095229,0.553,0.553,0.055299999999998996,0.553,0.9385,0.5601666666666659,0.16804999999999942,0.5585362866883798,0.995,0.5582999999999974,0.2791499999999987,0.5578058796143377,1.0,0.5594000000000041,0.5594000000000041,0.5588033763661221,1.0,1,1.0,0.1,1.0,1,0.6666666666666666,0.2,0.7039180890341347,1,0.8,0.4,0.7860137352654724,1,0.7,0.7,0.7093753650484099
TelecomTS,A-Youtube-No-No@17695586816:118-180,train,Co-Channel Interference (Mild),3,18,9,"['UL_NPRB', 'RX_Bytes', 'DL_BLER', 'UL_SNR', 'Estimated_UL_Buffer', 'DL_NumberOfPackets', 'RSRP', 'UL_BLER', 'PRB_Utilization_UL']","['DL_BLER', 'PRB_Utilization_DL', 'PRB_Utilization_UL', 'RSRP', 'RX_Bytes', 'TX_Bytes', 'UL_BLER', 'UL_NPRB', 'UL_SNR']",0.7777777777777778,0.6912458333333324,0.483,0.483,0.05366666666666769,0.483,0.907,0.507166666666667,0.16905555555555568,0.5018853515309367,0.986,0.501000000000001,0.2783333333333319,0.49914568841807444,1.0,0.4988499999999998,0.5542777777777782,0.5322658239252335,1.0,1,1.0,0.1111111111111111,1.0,1,1.0,0.3333333333333333,1.0,1,0.8,0.4444444444444444,0.8687949224876582,1,0.7,0.7777777777777778,0.8253470553818276
TelecomTS,A-Youtube-No-No@17695589472:110-302,train,Co-Channel Interference (Mild),3,18,9,"['UL_NPRB', 'DL_NumberOfPackets', 'TX_Bytes', 'RX_Bytes', 'Estimated_UL_Buffer', 'DL_BLER', 'RSRP', 'UL_BLER', 'UL_SNR']","['DL_BLER', 'PRB_Utilization_DL', 'PRB_Utilization_UL', 'RSRP', 'RX_Bytes', 'TX_Bytes', 'UL_BLER', 'UL_NPRB', 'UL_SNR']",0.7777777777777778,0.6912458333333324,0.483,0.483,0.05366666666666769,0.483,0.907,0.507166666666667,0.16905555555555568,0.5018853515309367,0.986,0.501000000000001,0.2783333333333319,0.49914568841807444,1.0,0.4988499999999998,0.5542777777777782,0.5322658239252335,1.0,1,1.0,0.1111111111111111,1.0,1,0.6666666666666666,0.2222222222222222,0.7039180890341347,1,0.6,0.3333333333333333,0.6548086577531307,1,0.8,0.8888888888888888,0.8287181397291628
TelecomTS,C-Youtube-No-No@19068482144:118-518,train,Co-Channel Interference (Mild),3,18,9,"['RSRP', 'UL_NPRB', 'UL_SNR', 'Estimated_UL_Buffer', 'DL_BLER', 'RX_Bytes', 'DL_Protocol', 'UL_BLER', 'UL_NumberOfPackets']","['DL_BLER', 'PRB_Utilization_DL', 'PRB_Utilization_UL', 'RSRP', 'RX_Bytes', 'TX_Bytes', 'UL_BLER', 'UL_NPRB', 'UL_SNR']",0.6666666666666666,0.6912458333333324,0.483,0.483,0.05366666666666769,0.483,0.907,0.507166666666667,0.16905555555555568,0.5018853515309367,0.986,0.501000000000001,0.2783333333333319,0.49914568841807444,1.0,0.4988499999999998,0.5542777777777782,0.5322658239252335,1.0,1,1.0,0.1111111111111111,1.0,1,1.0,0.3333333333333333,1.0,1,0.8,0.4444444444444444,0.8539316501572937,1,0.7,0.7777777777777778,0.8176105155134149
TelecomTS,C-Youtube-No-No@19068482144:680-716,train,Co-Channel Interference (Mild),3,18,9,"['UL_SNR', 'RSRP', 'UL_NPRB', 'RX_Bytes', 'Estimated_UL_Buffer', 'DL_BLER', 'TX_Bytes', 'UL_BLER', 'PRBs_DL_Current']","['DL_BLER', 'PRB_Utilization_DL', 'PRB_Utilization_UL', 'RSRP', 'RX_Bytes', 'TX_Bytes', 'UL_BLER', 'UL_NPRB', 'UL_SNR']",0.7777777777777778,0.6912458333333324,0.483,0.483,0.05366666666666769,0.483,0.907,0.507166666666667,0.16905555555555568,0.5018853515309367,0.986,0.501000000000001,0.2783333333333319,0.49914568841807444,1.0,0.4988499999999998,0.5542777777777782,0.5322658239252335,1.0,1,1.0,0.1111111111111111,1.0,1,1.0,0.3333333333333333,1.0,1,0.8,0.4444444444444444,0.8687949224876582,1,0.7,0.7777777777777778,0.8383162086599405
TelecomTS,A-Youtube-No-No@17695584000:43-479,train,Co-Channel Interference (Severe),3,18,11,"['RSRP', 'UL_NPRB', 'Estimated_UL_Buffer', 'DL_NumberOfPackets', 'RX_Bytes', 'DL_BLER', 'UL_BLER', 'TX_Bytes', 'UL_SNR', 'DL_Protocol', 'PRBs_DL_Current']","['DL_BLER', 'DL_NumberOfPackets', 'PRB_Utilization_DL', 'PRB_Utilization_UL', 'RSRP', 'RX_Bytes', 'TX_Bytes', 'UL_BLER', 'UL_NPRB', 'UL_NumberOfPackets', 'UL_SNR']",0.7272727272727273,0.770788095238094,0.594,0.594,0.054000000000001026,0.594,0.9605,0.6180000000000009,0.16854545454545453,0.6131674084111358,0.9965,0.6128999999999949,0.27859090909090667,0.6109684056271268,1.0,0.6115000000000035,0.5559090909090907,0.610670015818438,1.0,1,1.0,0.09090909090909091,1.0,1,0.6666666666666666,0.18181818181818182,0.7653606369886217,1,0.8,0.36363636363636365,0.830419897363192,1,0.8,0.7272727272727273,0.8263333286520083
TelecomTS,A-Youtube-No-No@17695585568:115-346,train,Co-Channel Interference (Severe),3,18,11,"['UL_NPRB', 'RX_Bytes', 'RSRP', 'DL_BLER', 'Estimated_UL_Buffer', 'UL_SNR', 'PRB_Utilization_DL', 'DL_Protocol', 'UL_BLER', 'PRB_Utilization_UL', 'DL_NumberOfPackets']","['DL_BLER', 'DL_NumberOfPackets', 'PRB_Utilization_DL', 'PRB_Utilization_UL', 'RSRP', 'RX_Bytes', 'TX_Bytes', 'UL_BLER', 'UL_NPRB', 'UL_NumberOfPackets', 'UL_SNR']",0.8181818181818182,0.770788095238094,0.594,0.594,0.054000000000001026,0.594,0.9605,0.6180000000000009,0.16854545454545453,0.6131674084111358,0.9965,0.6128999999999949,0.27859090909090667,0.6109684056271268,1.0,0.6115000000000035,0.5559090909090907,0.610670015818438,1.0,1,1.0,0.09090909090909091,1.0,1,1.0,0.2727272727272727,1.0,1,0.8,0.36363636363636365,0.8687949224876582,1,0.8,0.7272727272727273,0.8454256604216017
TelecomTS,A-Twitch-No-No@17883077216:99-226,train,Co-Channel Interference (Severe),3,18,11,"['RSRP', 'UL_NPRB', 'RX_Bytes', 'UL_MCS', 'DL_BLER', 'TX_Bytes', 'UL_NumberOfPackets', 'UL_SNR', 'DL_NumberOfPackets', 'UL_BLER', 'DL_Protocol']","['DL_BLER', 'DL_NumberOfPackets', 'PRB_Utilization_DL', 'PRB_Utilization_UL', 'RSRP', 'RX_Bytes', 'TX_Bytes', 'UL_BLER', 'UL_NPRB', 'UL_NumberOfPackets', 'UL_SNR']",0.8181818181818182,0.770788095238094,0.594,0.594,0.054000000000001026,0.594,0.9605,0.6180000000000009,0.16854545454545453,0.6131674084111358,0.9965,0.6128999999999949,0.27859090909090667,0.6109684056271268,1.0,0.6115000000000035,0.5559090909090907,0.610670015818438,1.0,1,1.0,0.09090909090909091,1.0,1,1.0,0.2727272727272727,1.0,1,0.8,0.36363636363636365,0.8539316501572937,1,0.9,0.8181818181818182,0.9052116356304493
TelecomTS,A-Youtube-No-No@17695591904:97-571,train,Doppler Shift (Severe),3,18,7,"['RSRP', 'UL_NPRB', 'UL_SNR', 'RX_Bytes', 'Estimated_UL_Buffer', 'DL_BLER', 'UL_BLER']","['DL_MCS', 'RSRP', 'RX_Bytes', 'TX_Bytes', 'UL_MCS', 'UL_NPRB', 'UL_SNR']",0.5714285714285714,0.6087779761904775,0.3885,0.3885,0.05549999999999963,0.3885,0.7915,0.3903333333333345,0.16728571428571493,0.3909579249076979,0.939,0.3879,0.27707142857143097,0.38901996339836836,1.0,0.3873999999999933,0.553428571428569,0.48475190786991634,1.0,1,1.0,0.14285714285714285,1.0,1,1.0,0.42857142857142855,1.0,1,0.8,0.5714285714285714,0.8687949224876582,1,0.4,0.5714285714285714,0.7041249493150387
TelecomTS,A-Youtube-No-No@17695591904:714-1399,train,Co-Channel Interference (Severe),3,18,11,"['UL_NPRB', 'RX_Bytes', 'RSRP', 'DL_NumberOfPackets', 'Estimated_UL_Buffer', 'UL_SNR', 'DL_BLER', 'UL_BLER', 'DL_Protocol', 'PRB_Utilization_UL', 'PRBs_DL_Current']","['DL_BLER', 'DL_NumberOfPackets', 'PRB_Utilization_DL', 'PRB_Utilization_UL', 'RSRP', 'RX_Bytes', 'TX_Bytes', 'UL_BLER', 'UL_NPRB', 'UL_NumberOfPackets', 'UL_SNR']",0.7272727272727273,0.770788095238094,0.594,0.594,0.054000000000001026,0.594,0.9605,0.6180000000000009,0.16854545454545453,0.6131674084111358,0.9965,0.6128999999999949,0.27859090909090667,0.6109684056271268,1.0,0.6115000000000035,0.5559090909090907,0.610670015818438,1.0,1,1.0,0.09090909090909091,1.0,1,1.0,0.2727272727272727,1.0,1,0.8,0.36363636363636365,0.8687949224876582,1,0.8,0.7272727272727273,0.84860265890399
TelecomTS,A-Youtube-No-No@17695591904:1495-1532,train,Faulty Handover Algorithm (Too Frequent),3,18,9,"['UL_SNR', 'RX_Bytes', 'RSRP', 'UL_NPRB', 'DL_MCS', 'DL_BLER', 'TX_Bytes', 'Estimated_UL_Buffer', 'UL_BLER']","['DL_BLER', 'DL_NumberOfPackets', 'Estimated_UL_Buffer', 'RSRP', 'RX_Bytes', 'TX_Bytes', 'UL_BLER', 'UL_NumberOfPackets', 'UL_SNR']",0.7777777777777778,0.7024589285714281,0.5035,0.5035,0.05594444444444553,0.5035,0.898,0.5058333333333336,0.16861111111111132,0.5057569010206238,0.988,0.5027000000000003,0.27927777777777607,0.5038513624824329,1.0,0.5003999999999995,0.5560000000000003,0.5358925671315588,1.0,1,1.0,0.1111111111111111,1.0,1,1.0,0.3333333333333333,1.0,1,0.6,0.3333333333333333,0.7227265726449519,1,0.8,0.8888888888888888,0.8757867620870117
TelecomTS,B-Twitch-No-No@19606752128:117-340,train,Doppler Shift (Severe),3,18,7,"['UL_NPRB', 'RSRP', 'RX_Bytes', 'PRB_Utilization_DL', 'TX_Bytes', 'UL_SNR', 'Estimated_UL_Buffer']","['DL_MCS', 'RSRP', 'RX_Bytes', 'TX_Bytes', 'UL_MCS', 'UL_NPRB', 'UL_SNR']",0.7142857142857143,0.6087779761904775,0.3885,0.3885,0.05549999999999963,0.3885,0.7915,0.3903333333333345,0.16728571428571493,0.3909579249076979,0.939,0.3879,0.27707142857143097,0.38901996339836836,1.0,0.3873999999999933,0.553428571428569,0.48475190786991634,1.0,1,1.0,0.14285714285714285,1.0,1,1.0,0.42857142857142855,1.0,1,0.8,0.5714285714285714,0.8539316501572937,1,0.5,0.7142857142857143,0.7899917627398735
TelecomTS,B-Twitch-No-No@19606756000:122-266,train,Doppler Shift (Severe),3,18,7,"['UL_NPRB', 'RSRP', 'RX_Bytes', 'UL_SNR', 'TX_Bytes', 'UL_MCS', 'DL_BLER']","['DL_MCS', 'RSRP', 'RX_Bytes', 'TX_Bytes', 'UL_MCS', 'UL_NPRB', 'UL_SNR']",0.8571428571428571,0.6087779761904775,0.3885,0.3885,0.05549999999999963,0.3885,0.7915,0.3903333333333345,0.16728571428571493,0.3909579249076979,0.939,0.3879,0.27707142857143097,0.38901996339836836,1.0,0.3873999999999933,0.553428571428569,0.48475190786991634,1.0,1,1.0,0.14285714285714285,1.0,1,1.0,0.42857142857142855,1.0,1,1.0,0.7142857142857143,1.0,1,0.6,0.8571428571428571,0.9083745556952364
TelecomTS,C-File-No-No@20501857504:118-181,train,Doppler Shift (Severe),3,18,7,"['UL_BLER', 'RSRP', 'PRB_Utilization_UL', 'UL_NumberOfPackets', 'UL_NPRB', 'Estimated_UL_Buffer', 'RX_Bytes']","['DL_MCS', 'RSRP', 'RX_Bytes', 'TX_Bytes', 'UL_MCS', 'UL_NPRB', 'UL_SNR']",0.42857142857142855,0.6087779761904775,0.3885,0.3885,0.05549999999999963,0.3885,0.7915,0.3903333333333345,0.16728571428571493,0.3909579249076979,0.939,0.3879,0.27707142857143097,0.38901996339836836,1.0,0.3873999999999933,0.553428571428569,0.48475190786991634,0.5,0,0.0,0.0,0.0,1,0.3333333333333333,0.14285714285714285,0.2960819109658652,1,0.4,0.2857142857142857,0.34519134224686937,1,0.5,0.7142857142857143,0.5408496321226727
TelecomTS,A-Youtube-No-No@17695591328:125-134,train,Faulty Handover Algorithm (Too Frequent),3,18,9,"['UL_SNR', 'RSRP', 'DL_BLER', 'UL_NPRB', 'PRB_Utilization_DL', 'RX_Bytes', 'Estimated_UL_Buffer', 'UL_BLER', 'TX_Bytes']","['DL_BLER', 'DL_NumberOfPackets', 'Estimated_UL_Buffer', 'RSRP', 'RX_Bytes', 'TX_Bytes', 'UL_BLER', 'UL_NumberOfPackets', 'UL_SNR']",0.7777777777777778,0.7024589285714281,0.5035,0.5035,0.05594444444444553,0.5035,0.898,0.5058333333333336,0.16861111111111132,0.5057569010206238,0.988,0.5027000000000003,0.27927777777777607,0.5038513624824329,1.0,0.5003999999999995,0.5560000000000003,0.5358925671315588,1.0,1,1.0,0.1111111111111111,1.0,1,1.0,0.3333333333333333,1.0,1,0.6,0.3333333333333333,0.7227265726449519,1,0.7,0.7777777777777778,0.807843361168721
TelecomTS,B-Twitch-No-No@19606753888:115-369,train,Faulty Handover Algorithm (Too Frequent),3,18,9,"['UL_NPRB', 'RX_Bytes', 'RSRP', 'UL_SNR', 'DL_BLER', 'Estimated_UL_Buffer', 'UL_MCS', 'TX_Bytes', 'PRBs_DL_Current']","['DL_BLER', 'DL_NumberOfPackets', 'Estimated_UL_Buffer', 'RSRP', 'RX_Bytes', 'TX_Bytes', 'UL_BLER', 'UL_NumberOfPackets', 'UL_SNR']",0.6666666666666666,0.7024589285714281,0.5035,0.5035,0.05594444444444553,0.5035,0.898,0.5058333333333336,0.16861111111111132,0.5057569010206238,0.988,0.5027000000000003,0.27927777777777607,0.5038513624824329,1.0,0.5003999999999995,0.5560000000000003,0.5358925671315588,0.5,0,0.0,0.0,0.0,1,0.6666666666666666,0.2222222222222222,0.5307212739772434,1,0.8,0.4444444444444444,0.6608397947263839,1,0.6,0.6666666666666666,0.6158501733929389
TelecomTS,B-Twitch-No-No@19606753888:388-479,train,Doppler Shift (Severe),3,18,7,"['UL_BLER', 'UL_NPRB', 'RSRP', 'RX_Bytes', 'UL_SNR', 'TX_Bytes', 'DL_BLER']","['DL_MCS', 'RSRP', 'RX_Bytes', 'TX_Bytes', 'UL_MCS', 'UL_NPRB', 'UL_SNR']",0.7142857142857143,0.6087779761904775,0.3885,0.3885,0.05549999999999963,0.3885,0.7915,0.3903333333333345,0.16728571428571493,0.3909579249076979,0.939,0.3879,0.27707142857143097,0.38901996339836836,1.0,0.3873999999999933,0.553428571428569,0.48475190786991634,0.5,0,0.0,0.0,0.0,1,0.6666666666666666,0.2857142857142857,0.5307212739772434,1,0.8,0.5714285714285714,0.6608397947263839,1,0.6,0.8571428571428571,0.712955302213713
TelecomTS,B-Twitch-No-No@19606756896:100-215,train,Faulty Handover Algorithm (Too Frequent),3,18,9,"['RSRP', 'RX_Bytes', 'UL_NPRB', 'UL_MCS', 'UL_SNR', 'DL_BLER', 'PRB_Utilization_DL', 'PRBs_DL_Current', 'DL_Protocol']","['DL_BLER', 'DL_NumberOfPackets', 'Estimated_UL_Buffer', 'RSRP', 'RX_Bytes', 'TX_Bytes', 'UL_BLER', 'UL_NumberOfPackets', 'UL_SNR']",0.4444444444444444,0.7024589285714281,0.5035,0.5035,0.05594444444444553,0.5035,0.898,0.5058333333333336,0.16861111111111132,0.5057569010206238,0.988,0.5027000000000003,0.27927777777777607,0.5038513624824329,1.0,0.5003999999999995,0.5560000000000003,0.5358925671315588,1.0,1,1.0,0.1111111111111111,1.0,1,0.6666666666666666,0.2222222222222222,0.7653606369886217,1,0.6,0.3333333333333333,0.6843515475204855,1,0.5,0.5555555555555556,0.6259391255210977
TelecomTS,A-Twitch-No-No@17883079488:111-272,train,Faulty RF Filters (Temporal),3,18,9,"['RSRP', 'UL_SNR', 'Estimated_UL_Buffer', 'UL_BLER', 'RX_Bytes', 'UL_NPRB', 'UL_MCS', 'DL_BLER', 'TX_Bytes']","['DL_BLER', 'PRB_Utilization_DL', 'PRB_Utilization_UL', 'RSRP', 'RX_Bytes', 'TX_Bytes', 'UL_BLER', 'UL_NPRB', 'UL_SNR']",0.7777777777777778,0.6912458333333324,0.483,0.483,0.05366666666666769,0.483,0.907,0.507166666666667,0.16905555555555568,0.5018853515309367,0.986,0.501000000000001,0.2783333333333319,0.49914568841807444,1.0,0.4988499999999998,0.5542777777777782,0.5322658239252335,1.0,1,1.0,0.1111111111111111,1.0,1,0.6666666666666666,0.2222222222222222,0.7653606369886217,1,0.8,0.4444444444444444,0.830419897363192,1,0.7,0.7777777777777778,0.8041287088212622
TelecomTS,B-Twitch-No-No@19606758688:123-275,train,Faulty RF Filters (Temporal),3,18,9,"['UL_NPRB', 'RSRP', 'RX_Bytes', 'UL_SNR', 'UL_MCS', 'DL_BLER', 'PRB_Utilization_DL', 'TX_Bytes', 'Estimated_UL_Buffer']","['DL_BLER', 'PRB_Utilization_DL', 'PRB_Utilization_UL', 'RSRP', 'RX_Bytes', 'TX_Bytes', 'UL_BLER', 'UL_NPRB', 'UL_SNR']",0.7777777777777778,0.6912458333333324,0.483,0.483,0.05366666666666769,0.483,0.907,0.507166666666667,0.16905555555555568,0.5018853515309367,0.986,0.501000000000001,0.2783333333333319,0.49914568841807444,1.0,0.4988499999999998,0.5542777777777782,0.5322658239252335,1.0,1,1.0,0.1111111111111111,1.0,1,1.0,0.3333333333333333,1.0,1,0.8,0.4444444444444444,0.8687949224876582,1,0.7,0.7777777777777778,0.8383162086599405
TelecomTS,C-File-No-No@20501858816:118-388,train,Faulty RF Filters (Temporal),3,18,9,"['UL_SNR', 'RSRP', 'UL_NPRB', 'UL_BLER', 'RX_Bytes', 'PRB_Utilization_DL', 'PRB_Utilization_UL', 'UL_MCS', 'TX_Bytes']","['DL_BLER', 'PRB_Utilization_DL', 'PRB_Utilization_UL', 'RSRP', 'RX_Bytes', 'TX_Bytes', 'UL_BLER', 'UL_NPRB', 'UL_SNR']",0.8888888888888888,0.6912458333333324,0.483,0.483,0.05366666666666769,0.483,0.907,0.507166666666667,0.16905555555555568,0.5018853515309367,0.986,0.501000000000001,0.2783333333333319,0.49914568841807444,1.0,0.4988499999999998,0.5542777777777782,0.5322658239252335,1.0,1,1.0,0.1111111111111111,1.0,1,1.0,0.3333333333333333,1.0,1,1.0,0.5555555555555556,1.0,1,0.9,1.0,0.9937947856332161
TelecomTS,B-File-No-No@20798208672:106-545,train,Faulty RF Filters (Temporal),3,18,9,"['RX_Bytes', 'TX_Bytes', 'UL_SNR', 'RSRP', 'UL_NPRB', 'DL_BLER', 'DL_NumberOfPackets', 'PRB_Utilization_UL', 'Estimated_UL_Buffer']","['DL_BLER', 'PRB_Utilization_DL', 'PRB_Utilization_UL', 'RSRP', 'RX_Bytes', 'TX_Bytes', 'UL_BLER', 'UL_NPRB', 'UL_SNR']",0.7777777777777778,0.6912458333333324,0.483,0.483,0.05366666666666769,0.483,0.907,0.507166666666667,0.16905555555555568,0.5018853515309367,0.986,0.501000000000001,0.2783333333333319,0.49914568841807444,1.0,0.4988499999999998,0.5542777777777782,0.5322658239252335,1.0,1,1.0,0.1111111111111111,1.0,1,1.0,0.3333333333333333,1.0,1,1.0,0.5555555555555556,1.0,1,0.7,0.7777777777777778,0.8508957228074242
TelecomTS,B-File-No-No@20798208672:641-857,train,Resource Allocation Bugs,3,18,9,"['RX_Bytes', 'RSRP', 'UL_SNR', 'TX_Bytes', 'UL_NPRB', 'DL_NumberOfPackets', 'UL_NumberOfPackets', 'UL_MCS', 'PRB_Utilization_UL']","['DL_BLER', 'PRB_Utilization_DL', 'PRB_Utilization_UL', 'PRBs_DL_Current', 'PRBs_UL_Current', 'RX_Bytes', 'TX_Bytes', 'UL_BLER', 'UL_NPRB']",0.4444444444444444,0.6958013888888883,0.495,0.495,0.05500000000000106,0.495,0.898,0.505166666666667,0.16838888888888906,0.5028938111473004,0.984,0.4998999999999999,0.27772222222222087,0.4999104049743554,1.0,0.4977999999999997,0.5531111111111113,0.5324853463915006,1.0,1,1.0,0.1111111111111111,1.0,1,0.3333333333333333,0.1111111111111111,0.46927872602275644,1,0.6,0.3333333333333333,0.6164336326286644,1,0.4,0.4444444444444444,0.497957948966845
TelecomTS,B-File-No-No@20798208672:967-1498,train,Co-Channel Interference (Severe),3,18,11,"['UL_SNR', 'RX_Bytes', 'TX_Bytes', 'RSRP', 'UL_NPRB', 'UL_BLER', 'DL_NumberOfPackets', 'UL_MCS', 'DL_BLER', 'PRB_Utilization_UL', 'Estimated_UL_Buffer']","['DL_BLER', 'DL_NumberOfPackets', 'PRB_Utilization_DL', 'PRB_Utilization_UL', 'RSRP', 'RX_Bytes', 'TX_Bytes', 'UL_BLER', 'UL_NPRB', 'UL_NumberOfPackets', 'UL_SNR']",0.8181818181818182,0.770788095238094,0.594,0.594,0.054000000000001026,0.594,0.9605,0.6180000000000009,0.16854545454545453,0.6131674084111358,0.9965,0.6128999999999949,0.27859090909090667,0.6109684056271268,1.0,0.6115000000000035,0.5559090909090907,0.610670015818438,1.0,1,1.0,0.09090909090909091,1.0,1,1.0,0.2727272727272727,1.0,1,1.0,0.45454545454545453,1.0,1,0.9,0.8181818181818182,0.9305687780632227
TelecomTS,B-File-No-No@20798208672:1650-1781,train,Resource Allocation Bugs,3,18,9,"['UL_SNR', 'RX_Bytes', 'PRB_Utilization_DL', 'RSRP', 'UL_NPRB', 'TX_Bytes', 'DL_BLER', 'PRB_Utilization_UL', 'Estimated_UL_Buffer']","['DL_BLER', 'PRB_Utilization_DL', 'PRB_Utilization_UL', 'PRBs_DL_Current', 'PRBs_UL_Current', 'RX_Bytes', 'TX_Bytes', 'UL_BLER', 'UL_NPRB']",0.6666666666666666,0.6958013888888883,0.495,0.495,0.05500000000000106,0.495,0.898,0.505166666666667,0.16838888888888906,0.5028938111473004,0.984,0.4998999999999999,0.27772222222222087,0.4999104049743554,1.0,0.4977999999999997,0.5531111111111113,0.5324853463915006,0.5,0,0.0,0.0,0.0,1,0.6666666666666666,0.2222222222222222,0.5307212739772434,1,0.6,0.3333333333333333,0.5147714448836774,1,0.6,0.6666666666666666,0.5929700816521338
TelecomTS,B-File-No-No@20798208672:1912-1987,train,Faulty Handover Algorithm (Too Frequent),3,18,9,"['UL_SNR', 'RX_Bytes', 'RSRP', 'PRB_Utilization_DL', 'UL_NPRB', 'TX_Bytes', 'DL_BLER', 'UL_BLER', 'PRB_Utilization_UL']","['DL_BLER', 'DL_NumberOfPackets', 'Estimated_UL_Buffer', 'RSRP', 'RX_Bytes', 'TX_Bytes', 'UL_BLER', 'UL_NumberOfPackets', 'UL_SNR']",0.6666666666666666,0.7024589285714281,0.5035,0.5035,0.05594444444444553,0.5035,0.898,0.5058333333333336,0.16861111111111132,0.5057569010206238,0.988,0.5027000000000003,0.27927777777777607,0.5038513624824329,1.0,0.5003999999999995,0.5560000000000003,0.5358925671315588,1.0,1,1.0,0.1111111111111111,1.0,1,1.0,0.3333333333333333,1.0,1,0.6,0.3333333333333333,0.7227265726449519,1,0.6,0.6666666666666666,0.7370876004476404
TelecomTS,B-Youtube-No-No@18149184128:116-154,train,High Network Congestion (Gradual Buildup),3,18,10,"['UL_SNR', 'RSRP', 'RX_Bytes', 'UL_NPRB', 'DL_BLER', 'Estimated_UL_Buffer', 'UL_BLER', 'TX_Bytes', 'DL_Protocol', 'UL_Protocol']","['DL_BLER', 'DL_NumberOfPackets', 'Estimated_UL_Buffer', 'PRB_Utilization_DL', 'PRB_Utilization_UL', 'RX_Bytes', 'TX_Bytes', 'UL_BLER', 'UL_NPRB', 'UL_NumberOfPackets']",0.6,0.7401345238095229,0.553,0.553,0.055299999999998996,0.553,0.9385,0.5601666666666659,0.16804999999999942,0.5585362866883798,0.995,0.5582999999999974,0.2791499999999987,0.5578058796143377,1.0,0.5594000000000041,0.5594000000000041,0.5588033763661221,0.3333333333333333,0,0.0,0.0,0.0,1,0.3333333333333333,0.1,0.23463936301137822,1,0.6,0.3,0.4468535299918563,1,0.6,0.6,0.5111707781750245
TelecomTS,B-Youtube-No-No@18149184128:247-343,train,Co-Channel Interference (Mild),3,18,9,"['UL_NPRB', 'RX_Bytes', 'RSRP', 'Estimated_UL_Buffer', 'DL_BLER', 'PRB_Utilization_UL', 'UL_BLER', 'UL_SNR', 'DL_Protocol']","['DL_BLER', 'PRB_Utilization_DL', 'PRB_Utilization_UL', 'RSRP', 'RX_Bytes', 'TX_Bytes', 'UL_BLER', 'UL_NPRB', 'UL_SNR']",0.7777777777777778,0.6912458333333324,0.483,0.483,0.05366666666666769,0.483,0.907,0.507166666666667,0.16905555555555568,0.5018853515309367,0.986,0.501000000000001,0.2783333333333319,0.49914568841807444,1.0,0.4988499999999998,0.5542777777777782,0.5322658239252335,1.0,1,1.0,0.1111111111111111,1.0,1,1.0,0.3333333333333333,1.0,1,0.8,0.4444444444444444,0.8539316501572937,1,0.7,0.7777777777777778,0.8280156310666192
TelecomTS,B-Youtube-No-No@18149184128:417-418,train,Faulty Handover Algorithm (Too Frequent),3,18,9,"['RSRP', 'UL_NPRB', 'UL_SNR', 'RX_Bytes', 'Estimated_UL_Buffer', 'DL_BLER', 'UL_NumberOfPackets', 'UL_BLER', 'TX_Bytes']","['DL_BLER', 'DL_NumberOfPackets', 'Estimated_UL_Buffer', 'RSRP', 'RX_Bytes', 'TX_Bytes', 'UL_BLER', 'UL_NumberOfPackets', 'UL_SNR']",0.8888888888888888,0.7024589285714281,0.5035,0.5035,0.05594444444444553,0.5035,0.898,0.5058333333333336,0.16861111111111132,0.5057569010206238,0.988,0.5027000000000003,0.27927777777777607,0.5038513624824329,1.0,0.5003999999999995,0.5560000000000003,0.5358925671315588,1.0,1,1.0,0.1111111111111111,1.0,1,0.6666666666666666,0.2222222222222222,0.7039180890341347,1,0.8,0.4444444444444444,0.7860137352654724,1,0.8,0.8888888888888888,0.8517027694298509
TelecomTS,B-Youtube-No-No@18149185120:111-174,train,High Network Congestion (Gradual Buildup),3,18,10,"['RSRP', 'UL_SNR', 'UL_NPRB', 'RX_Bytes', 'DL_BLER', 'Estimated_UL_Buffer', 'UL_BLER', 'DL_NumberOfPackets', 'DL_Protocol', 'UL_NumberOfPackets']","['DL_BLER', 'DL_NumberOfPackets', 'Estimated_UL_Buffer', 'PRB_Utilization_DL', 'PRB_Utilization_UL', 'RX_Bytes', 'TX_Bytes', 'UL_BLER', 'UL_NPRB', 'UL_NumberOfPackets']",0.7,0.7401345238095229,0.553,0.553,0.055299999999998996,0.553,0.9385,0.5601666666666659,0.16804999999999942,0.5585362866883798,0.995,0.5582999999999974,0.2791499999999987,0.5578058796143377,1.0,0.5594000000000041,0.5594000000000041,0.5588033763661221,0.3333333333333333,0,0.0,0.0,0.0,1,0.3333333333333333,0.1,0.23463936301137822,1,0.6,0.3,0.4468535299918563,1,0.7,0.7,0.5747915663739762
TelecomTS,B-Youtube-No-No@18149187648:115-767,train,High Network Congestion (Gradual Buildup),3,18,10,"['RSRP', 'UL_NPRB', 'RX_Bytes', 'UL_SNR', 'Estimated_UL_Buffer', 'PRB_Utilization_UL', 'DL_BLER', 'UL_BLER', 'DL_Protocol', 'DL_NumberOfPackets']","['DL_BLER', 'DL_NumberOfPackets', 'Estimated_UL_Buffer', 'PRB_Utilization_DL', 'PRB_Utilization_UL', 'RX_Bytes', 'TX_Bytes', 'UL_BLER', 'UL_NPRB', 'UL_NumberOfPackets']",0.7,0.7401345238095229,0.553,0.553,0.055299999999998996,0.553,0.9385,0.5601666666666659,0.16804999999999942,0.5585362866883798,0.995,0.5582999999999974,0.2791499999999987,0.5578058796143377,1.0,0.5594000000000041,0.5594000000000041,0.5588033763661221,0.5,0,0.0,0.0,0.0,1,0.6666666666666666,0.2,0.5307212739772434,1,0.6,0.3,0.5147714448836774,1,0.7,0.7,0.6188656458779801
TelecomTS,B-Youtube-No-No@18149187648:791-839,train,Antenna Failure,3,18,13,"['RX_Bytes', 'UL_NPRB', 'PRB_Utilization_UL', 'UL_NumberOfPackets', 'RSRP', 'Estimated_UL_Buffer', 'TX_Bytes', 'UL_SNR', 'PRB_Utilization_DL', 'DL_BLER', 'UL_BLER', 'DL_NumberOfPackets', 'UL_Protocol']","['DL_BLER', 'DL_MCS', 'DL_NumberOfPackets', 'Estimated_UL_Buffer', 'PRBs_DL_Current', 'PRBs_UL_Current', 'RSRP', 'RX_Bytes', 'TX_Bytes', 'UL_BLER', 'UL_MCS', 'UL_NumberOfPackets', 'UL_SNR']",0.6923076923076923,0.8565666666666654,0.736,0.736,0.056615384615386295,0.736,0.985,0.7263333333333362,0.16761538461538286,0.7292261797466472,1.0,0.7230999999999861,0.2781153846153846,0.7263351253104188,1.0,0.7215500000000011,0.5550384615384654,0.7240673727278659,1.0,1,1.0,0.07692307692307693,1.0,1,0.3333333333333333,0.07692307692307693,0.46927872602275644,1,0.6,0.23076923076923078,0.6164336326286644,1,0.7,0.5384615384615384,0.6848374495230163
TelecomTS,C-Youtube-No-No@19068480032:106-316,train,High Network Congestion (Gradual Buildup),3,18,10,"['RSRP', 'UL_NPRB', 'UL_SNR', 'Estimated_UL_Buffer', 'RX_Bytes', 'DL_BLER', 'UL_BLER', 'DL_NumberOfPackets', 'UL_NumberOfPackets', 'DL_Protocol']","['DL_BLER', 'DL_NumberOfPackets', 'Estimated_UL_Buffer', 'PRB_Utilization_DL', 'PRB_Utilization_UL', 'RX_Bytes', 'TX_Bytes', 'UL_BLER', 'UL_NPRB', 'UL_NumberOfPackets']",0.7,0.7401345238095229,0.553,0.553,0.055299999999998996,0.553,0.9385,0.5601666666666659,0.16804999999999942,0.5585362866883798,0.995,0.5582999999999974,0.2791499999999987,0.5578058796143377,1.0,0.5594000000000041,0.5594000000000041,0.5588033763661221,0.5,0,0.0,0.0,0.0,1,0.3333333333333333,0.1,0.2960819109658652,1,0.6,0.3,0.4912596920895758,1,0.7,0.7,0.606241562353928
TelecomTS,A-Twitch-No-No@17883072768:121-320,train,High Network Congestion (Sudden Spike),3,18,10,"['RX_Bytes', 'RSRP', 'UL_NPRB', 'UL_MCS', 'UL_BLER', 'PRBs_DL_Current', 'UL_NumberOfPackets', 'UL_SNR', 'DL_BLER', 'TX_Bytes']","['DL_BLER', 'DL_NumberOfPackets', 'Estimated_UL_Buffer', 'PRB_Utilization_DL', 'PRB_Utilization_UL', 'RX_Bytes', 'TX_Bytes', 'UL_BLER', 'UL_NPRB', 'UL_NumberOfPackets']",0.6,0.7401345238095229,0.553,0.553,0.055299999999998996,0.553,0.9385,0.5601666666666659,0.16804999999999942,0.5585362866883798,0.995,0.5582999999999974,0.2791499999999987,0.5578058796143377,1.0,0.5594000000000041,0.5594000000000041,0.5588033763661221,1.0,1,1.0,0.1,1.0,1,0.6666666666666666,0.2,0.7039180890341347,1,0.6,0.3,0.639945385422766,1,0.6,0.6,0.6185197008414421
TelecomTS,A-Twitch-No-No@17883072768:364-1141,train,Co-Channel Interference (Mild),3,18,9,"['RSRP', 'RX_Bytes', 'UL_NPRB', 'UL_SNR', 'UL_MCS', 'UL_NumberOfPackets', 'DL_NumberOfPackets', 'DL_BLER', 'UL_BLER']","['DL_BLER', 'PRB_Utilization_DL', 'PRB_Utilization_UL', 'RSRP', 'RX_Bytes', 'TX_Bytes', 'UL_BLER', 'UL_NPRB', 'UL_SNR']",0.6666666666666666,0.6912458333333324,0.483,0.483,0.05366666666666769,0.483,0.907,0.507166666666667,0.16905555555555568,0.5018853515309367,0.986,0.501000000000001,0.2783333333333319,0.49914568841807444,1.0,0.4988499999999998,0.5542777777777782,0.5322658239252335,1.0,1,1.0,0.1111111111111111,1.0,1,1.0,0.3333333333333333,1.0,1,0.8,0.4444444444444444,0.8687949224876582,1,0.7,0.7777777777777778,0.8149419398286232
TelecomTS,A-Twitch-No-No@17883075744:117-222,train,High Network Congestion (Sudden Spike),3,18,10,"['RSRP', 'DL_Protocol', 'UL_MCS', 'UL_NPRB', 'RX_Bytes', 'UL_SNR', 'UL_NumberOfPackets', 'PRBs_DL_Current', 'TX_Bytes', 'DL_BLER']","['DL_BLER', 'DL_NumberOfPackets', 'Estimated_UL_Buffer', 'PRB_Utilization_DL', 'PRB_Utilization_UL', 'RX_Bytes', 'TX_Bytes', 'UL_BLER', 'UL_NPRB', 'UL_NumberOfPackets']",0.5,0.7401345238095229,0.553,0.553,0.055299999999998996,0.553,0.9385,0.5601666666666659,0.16804999999999942,0.5585362866883798,0.995,0.5582999999999974,0.2791499999999987,0.5578058796143377,1.0,0.5594000000000041,0.5594000000000041,0.5588033763661221,0.25,0,0.0,0.0,0.0,0,0.0,0.0,0.0,1,0.4,0.2,0.27727342735504823,1,0.5,0.5,0.38317041576387256
TelecomTS,A-Twitch-No-No@17883075744:293-333,train,Faulty Handover Algorithm (Too Frequent),3,18,9,"['RSRP', 'UL_SNR', 'UL_NPRB', 'DL_MCS', 'RX_Bytes', 'DL_BLER', 'UL_BLER', 'UL_MCS', 'TX_Bytes']","['DL_BLER', 'DL_NumberOfPackets', 'Estimated_UL_Buffer', 'RSRP', 'RX_Bytes', 'TX_Bytes', 'UL_BLER', 'UL_NumberOfPackets', 'UL_SNR']",0.6666666666666666,0.7024589285714281,0.5035,0.5035,0.05594444444444553,0.5035,0.898,0.5058333333333336,0.16861111111111132,0.5057569010206238,0.988,0.5027000000000003,0.27927777777777607,0.5038513624824329,1.0,0.5003999999999995,0.5560000000000003,0.5358925671315588,1.0,1,1.0,0.1111111111111111,1.0,1,0.6666666666666666,0.2222222222222222,0.7653606369886217,1,0.6,0.3333333333333333,0.6843515475204855,1,0.6,0.6666666666666666,0.7071000017953826
TelecomTS,A-Twitch-No-No@17883075744:450-699,train,High Network Congestion (Gradual Buildup),3,18,10,"['RSRP', 'UL_NPRB', 'UL_MCS', 'UL_BLER', 'RX_Bytes', 'UL_SNR', 'DL_BLER', 'UL_NumberOfPackets', 'Estimated_UL_Buffer', 'DL_Protocol']","['DL_BLER', 'DL_NumberOfPackets', 'Estimated_UL_Buffer', 'PRB_Utilization_DL', 'PRB_Utilization_UL', 'RX_Bytes', 'TX_Bytes', 'UL_BLER', 'UL_NPRB', 'UL_NumberOfPackets']",0.6,0.7401345238095229,0.553,0.553,0.055299999999998996,0.553,0.9385,0.5601666666666659,0.16804999999999942,0.5585362866883798,0.995,0.5582999999999974,0.2791499999999987,0.5578058796143377,1.0,0.5594000000000041,0.5594000000000041,0.5588033763661221,0.5,0,0.0,0.0,0.0,1,0.3333333333333333,0.1,0.2960819109658652,1,0.6,0.3,0.4912596920895758,1,0.6,0.6,0.5278432933752526
TelecomTS,B-Youtube-No-No@18149187296:120-163,train,High Network Congestion (Sudden Spike),3,18,10,"['UL_SNR', 'RSRP', 'UL_NPRB', 'RX_Bytes', 'Estimated_UL_Buffer', 'DL_BLER', 'PRBs_DL_Current', 'DL_Protocol', 'TX_Bytes', 'UL_BLER']","['DL_BLER', 'DL_NumberOfPackets', 'Estimated_UL_Buffer', 'PRB_Utilization_DL', 'PRB_Utilization_UL', 'RX_Bytes', 'TX_Bytes', 'UL_BLER', 'UL_NPRB', 'UL_NumberOfPackets']",0.6,0.7401345238095229,0.553,0.553,0.055299999999998996,0.553,0.9385,0.5601666666666659,0.16804999999999942,0.5585362866883798,0.995,0.5582999999999974,0.2791499999999987,0.5578058796143377,1.0,0.5594000000000041,0.5594000000000041,0.5588033763661221,0.3333333333333333,0,0.0,0.0,0.0,1,0.3333333333333333,0.1,0.23463936301137822,1,0.6,0.3,0.4468535299918563,1,0.6,0.6,0.498250645792228
TelecomTS,B-Youtube-No-No@18149189664:123-158,train,High Network Congestion (Sudden Spike),3,18,10,"['RSRP', 'UL_SNR', 'UL_NPRB', 'DL_BLER', 'Estimated_UL_Buffer', 'RX_Bytes', 'DL_Protocol', 'UL_NumberOfPackets', 'UL_BLER', 'PRBs_DL_Current']","['DL_BLER', 'DL_NumberOfPackets', 'Estimated_UL_Buffer', 'PRB_Utilization_DL', 'PRB_Utilization_UL', 'RX_Bytes', 'TX_Bytes', 'UL_BLER', 'UL_NPRB', 'UL_NumberOfPackets']",0.6,0.7401345238095229,0.553,0.553,0.055299999999998996,0.553,0.9385,0.5601666666666659,0.16804999999999942,0.5585362866883798,0.995,0.5582999999999974,0.2791499999999987,0.5578058796143377,1.0,0.5594000000000041,0.5594000000000041,0.5588033763661221,0.3333333333333333,0,0.0,0.0,0.0,1,0.3333333333333333,0.1,0.23463936301137822,1,0.6,0.3,0.4468535299918563,1,0.6,0.6,0.5040610795300535
TelecomTS,C-File-No-No@20501856064:117-151,train,Resource Allocation Bugs,3,18,9,"['RSRP', 'UL_BLER', 'TX_Bytes', 'UL_NPRB', 'UL_NumberOfPackets', 'RX_Bytes', 'DL_BLER', 'DL_NumberOfPackets', 'Estimated_UL_Buffer']","['DL_BLER', 'PRB_Utilization_DL', 'PRB_Utilization_UL', 'PRBs_DL_Current', 'PRBs_UL_Current', 'RX_Bytes', 'TX_Bytes', 'UL_BLER', 'UL_NPRB']",0.5555555555555556,0.6958013888888883,0.495,0.495,0.05500000000000106,0.495,0.898,0.505166666666667,0.16838888888888906,0.5028938111473004,0.984,0.4998999999999999,0.27772222222222087,0.4999104049743554,1.0,0.4977999999999997,0.5531111111111113,0.5324853463915006,0.5,0,0.0,0.0,0.0,1,0.6666666666666666,0.2222222222222222,0.5307212739772434,1,0.6,0.3333333333333333,0.5296347172140421,1,0.5,0.5555555555555556,0.5291220439603805
TelecomTS,C-File-No-No@20501856064:248-461,train,Antenna Failure,3,18,13,"['RSRP', 'RX_Bytes', 'UL_NPRB', 'UL_NumberOfPackets', 'TX_Bytes', 'UL_SNR', 'DL_NumberOfPackets', 'Estimated_UL_Buffer', 'DL_BLER', 'PRB_Utilization_UL', 'DL_Protocol', 'UL_MCS', 'PRBs_DL_Current']","['DL_BLER', 'DL_MCS', 'DL_NumberOfPackets', 'Estimated_UL_Buffer', 'PRBs_DL_Current', 'PRBs_UL_Current', 'RSRP', 'RX_Bytes', 'TX_Bytes', 'UL_BLER', 'UL_MCS', 'UL_NumberOfPackets', 'UL_SNR']",0.7692307692307693,0.8565666666666654,0.736,0.736,0.056615384615386295,0.736,0.985,0.7263333333333362,0.16761538461538286,0.7292261797466472,1.0,0.7230999999999861,0.2781153846153846,0.7263351253104188,1.0,0.7215500000000011,0.5550384615384654,0.7240673727278659,1.0,1,1.0,0.07692307692307693,1.0,1,0.6666666666666666,0.15384615384615385,0.7653606369886217,1,0.8,0.3076923076923077,0.830419897363192,1,0.8,0.6153846153846154,0.8263333286520083
TelecomTS,A-File-No-No@20858689856:123-164,train,Resource Allocation Bugs,3,18,9,"['RX_Bytes', 'Estimated_UL_Buffer', 'RSRP', 'DL_BLER', 'TX_Bytes', 'UL_NPRB', 'DL_NumberOfPackets', 'UL_NumberOfPackets', 'DL_Protocol']","['DL_BLER', 'PRB_Utilization_DL', 'PRB_Utilization_UL', 'PRBs_DL_Current', 'PRBs_UL_Current', 'RX_Bytes', 'TX_Bytes', 'UL_BLER', 'UL_NPRB']",0.4444444444444444,0.6958013888888883,0.495,0.495,0.05500000000000106,0.495,0.898,0.505166666666667,0.16838888888888906,0.5028938111473004,0.984,0.4998999999999999,0.27772222222222087,0.4999104049743554,1.0,0.4977999999999997,0.5531111111111113,0.5324853463915006,1.0,1,1.0,0.1111111111111111,1.0,1,0.3333333333333333,0.1111111111111111,0.46927872602275644,1,0.6,0.3333333333333333,0.6164336326286644,1,0.4,0.4444444444444444,0.5109271022449579
TelecomTS,A-File-No-No@20858689856:352-808,train,High Network Congestion (Gradual Buildup),3,18,10,"['Estimated_UL_Buffer', 'RX_Bytes', 'RSRP', 'TX_Bytes', 'UL_NumberOfPackets', 'UL_NPRB', 'PRBs_DL_Current', 'DL_NumberOfPackets', 'DL_BLER', 'UL_MCS']","['DL_BLER', 'DL_NumberOfPackets', 'Estimated_UL_Buffer', 'PRB_Utilization_DL', 'PRB_Utilization_UL', 'RX_Bytes', 'TX_Bytes', 'UL_BLER', 'UL_NPRB', 'UL_NumberOfPackets']",0.7,0.7401345238095229,0.553,0.553,0.055299999999998996,0.553,0.9385,0.5601666666666659,0.16804999999999942,0.5585362866883798,0.995,0.5582999999999974,0.2791499999999987,0.5578058796143377,1.0,0.5594000000000041,0.5594000000000041,0.5588033763661221,1.0,1,1.0,0.1,1.0,1,0.6666666666666666,0.2,0.7653606369886217,1,0.8,0.4,0.830419897363192,1,0.7,0.7,0.7529694065526482
TelecomTS,C-File-No-No@20501857952:107-524,eval,Antenna Failure,3,18,13,"['UL_BLER', 'RSRP', 'PRB_Utilization_UL', 'UL_NumberOfPackets', 'DL_BLER', 'UL_NPRB', 'Estimated_UL_Buffer', 'RX_Bytes', 'UL_MCS', 'UL_SNR', 'PRB_Utilization_DL', 'DL_NumberOfPackets', 'PRBs_DL_Current']","['DL_BLER', 'DL_MCS', 'DL_NumberOfPackets', 'Estimated_UL_Buffer', 'PRBs_DL_Current', 'PRBs_UL_Current', 'RSRP', 'RX_Bytes', 'TX_Bytes', 'UL_BLER', 'UL_MCS', 'UL_NumberOfPackets', 'UL_SNR']",0.7692307692307693,0.8565666666666654,0.736,0.736,0.056615384615386295,0.736,0.985,0.7263333333333362,0.16761538461538286,0.7292261797466472,1.0,0.7230999999999861,0.2781153846153846,0.7263351253104188,1.0,0.7215500000000011,0.5550384615384654,0.7240673727278659,1.0,1,1.0,0.07692307692307693,1.0,1,0.6666666666666666,0.15384615384615385,0.7653606369886217,1,0.8,0.3076923076923077,0.830419897363192,1,0.8,0.6153846153846154,0.8115558478722846
TelecomTS,B-File-No-No@20798215936:113-172,eval,Antenna Failure,3,18,13,"['RSRP', 'TX_Bytes', 'RX_Bytes', 'UL_SNR', 'UL_NPRB', 'PRBs_DL_Current', 'PRB_Utilization_DL', 'DL_BLER', 'PRB_Utilization_UL', 'DL_NumberOfPackets', 'UL_BLER', 'DL_MCS', 'UL_MCS']","['DL_BLER', 'DL_MCS', 'DL_NumberOfPackets', 'Estimated_UL_Buffer', 'PRBs_DL_Current', 'PRBs_UL_Current', 'RSRP', 'RX_Bytes', 'TX_Bytes', 'UL_BLER', 'UL_MCS', 'UL_NumberOfPackets', 'UL_SNR']",0.7692307692307693,0.8565666666666654,0.736,0.736,0.056615384615386295,0.736,0.985,0.7263333333333362,0.16761538461538286,0.7292261797466472,1.0,0.7230999999999861,0.2781153846153846,0.7263351253104188,1.0,0.7215500000000011,0.5550384615384654,0.7240673727278659,1.0,1,1.0,0.07692307692307693,1.0,1,1.0,0.23076923076923078,1.0,1,0.8,0.3076923076923077,0.8687949224876582,1,0.7,0.5384615384615384,0.77523873680463
TelecomTS,B-Twitch-No-No@19606758016:103-346,eval,Buffer Overflow (Gradual Buildup),3,18,10,"['UL_NPRB', 'RSRP', 'RX_Bytes', 'PRB_Utilization_DL', 'UL_SNR', 'UL_MCS', 'PRBs_DL_Current', 'TX_Bytes', 'DL_BLER', 'PRB_Utilization_UL']","['DL_BLER', 'DL_NumberOfPackets', 'Estimated_UL_Buffer', 'PRB_Utilization_DL', 'PRB_Utilization_UL', 'RX_Bytes', 'TX_Bytes', 'UL_BLER', 'UL_NPRB', 'UL_NumberOfPackets']",0.6,0.7401345238095229,0.553,0.553,0.055299999999998996,0.553,0.9385,0.5601666666666659,0.16804999999999942,0.5585362866883798,0.995,0.5582999999999974,0.2791499999999987,0.5578058796143377,1.0,0.5594000000000041,0.5594000000000041,0.5588033763661221,1.0,1,1.0,0.1,1.0,1,0.6666666666666666,0.2,0.7039180890341347,1,0.6,0.3,0.6548086577531307,1,0.6,0.6,0.624232247406789
TelecomTS,C-File-No-No@20501863328:109-147,eval,Buffer Overflow (Gradual Buildup),3,18,10,"['RSRP', 'RX_Bytes', 'TX_Bytes', 'UL_NPRB', 'UL_BLER', 'DL_NumberOfPackets', 'UL_SNR', 'UL_MCS', 'PRBs_DL_Current', 'UL_NumberOfPackets']","['DL_BLER', 'DL_NumberOfPackets', 'Estimated_UL_Buffer', 'PRB_Utilization_DL', 'PRB_Utilization_UL', 'RX_Bytes', 'TX_Bytes', 'UL_BLER', 'UL_NPRB', 'UL_NumberOfPackets']",0.6,0.7401345238095229,0.553,0.553,0.055299999999998996,0.553,0.9385,0.5601666666666659,0.16804999999999942,0.5585362866883798,0.995,0.5582999999999974,0.2791499999999987,0.5578058796143377,1.0,0.5594000000000041,0.5594000000000041,0.5588033763661221,0.5,0,0.0,0.0,0.0,1,0.6666666666666666,0.2,0.5307212739772434,1,0.8,0.4,0.6608397947263839,1,0.6,0.6,0.5708588662113935
TelecomTS,C-Youtube-No-No@19068484832:122-711,eval,Co-Channel Interference (Mild),3,18,9,"['DL_BLER', 'RSRP', 'UL_NPRB', 'RX_Bytes', 'Estimated_UL_Buffer', 'PRB_Utilization_DL', 'UL_SNR', 'UL_BLER', 'DL_Protocol']","['DL_BLER', 'PRB_Utilization_DL', 'PRB_Utilization_UL', 'RSRP', 'RX_Bytes', 'TX_Bytes', 'UL_BLER', 'UL_NPRB', 'UL_SNR']",0.7777777777777778,0.6912458333333324,0.483,0.483,0.05366666666666769,0.483,0.907,0.507166666666667,0.16905555555555568,0.5018853515309367,0.986,0.501000000000001,0.2783333333333319,0.49914568841807444,1.0,0.4988499999999998,0.5542777777777782,0.5322658239252335,1.0,1,1.0,0.1111111111111111,1.0,1,1.0,0.3333333333333333,1.0,1,0.8,0.4444444444444444,0.8687949224876582,1,0.8,0.8888888888888888,0.9062596095782313
TelecomTS,B-File-No-No@20798213088:111-395,eval,Co-Channel Interference (Severe),3,18,11,"['UL_BLER', 'RSRP', 'RX_Bytes', 'UL_SNR', 'UL_NumberOfPackets', 'PRB_Utilization_UL', 'DL_NumberOfPackets', 'PRBs_UL_Current', 'PRB_Utilization_DL', 'TX_Bytes', 'DL_BLER']","['DL_BLER', 'DL_NumberOfPackets', 'PRB_Utilization_DL', 'PRB_Utilization_UL', 'RSRP', 'RX_Bytes', 'TX_Bytes', 'UL_BLER', 'UL_NPRB', 'UL_NumberOfPackets', 'UL_SNR']",0.9090909090909091,0.770788095238094,0.594,0.594,0.054000000000001026,0.594,0.9605,0.6180000000000009,0.16854545454545453,0.6131674084111358,0.9965,0.6128999999999949,0.27859090909090667,0.6109684056271268,1.0,0.6115000000000035,0.5559090909090907,0.610670015818438,1.0,1,1.0,0.09090909090909091,1.0,1,1.0,0.2727272727272727,1.0,1,1.0,0.45454545454545453,1.0,1,0.9,0.8181818181818182,0.9305687780632227
TelecomTS,B-File-No-No@20798213088:417-552,eval,Faulty Handover Algorithm (Too Frequent),3,18,9,"['TX_Bytes', 'RSRP', 'DL_BLER', 'UL_SNR', 'RX_Bytes', 'UL_BLER', 'UL_NPRB', 'PRB_Utilization_UL', 'PRB_Utilization_DL']","['DL_BLER', 'DL_NumberOfPackets', 'Estimated_UL_Buffer', 'RSRP', 'RX_Bytes', 'TX_Bytes', 'UL_BLER', 'UL_NumberOfPackets', 'UL_SNR']",0.6666666666666666,0.7024589285714281,0.5035,0.5035,0.05594444444444553,0.5035,0.898,0.5058333333333336,0.16861111111111132,0.5057569010206238,0.988,0.5027000000000003,0.27927777777777607,0.5038513624824329,1.0,0.5003999999999995,0.5560000000000003,0.5358925671315588,1.0,1,1.0,0.1111111111111111,1.0,1,1.0,0.3333333333333333,1.0,1,1.0,0.5555555555555556,1.0,1,0.6,0.6666666666666666,0.7767471075223497
TelecomTS,B-File-No-No@20798213088:623-859,eval,Doppler Shift (Severe),3,18,7,"['TX_Bytes', 'RSRP', 'RX_Bytes', 'UL_SNR', 'UL_NPRB', 'DL_NumberOfPackets', 'UL_NumberOfPackets']","['DL_MCS', 'RSRP', 'RX_Bytes', 'TX_Bytes', 'UL_MCS', 'UL_NPRB', 'UL_SNR']",0.7142857142857143,0.6087779761904775,0.3885,0.3885,0.05549999999999963,0.3885,0.7915,0.3903333333333345,0.16728571428571493,0.3909579249076979,0.939,0.3879,0.27707142857143097,0.38901996339836836,1.0,0.3873999999999933,0.553428571428569,0.48475190786991634,1.0,1,1.0,0.14285714285714285,1.0,1,1.0,0.42857142857142855,1.0,1,1.0,0.7142857142857143,1.0,1,0.5,0.7142857142857143,0.8104616303452685
TelecomTS,C-File-No-No@20501864576:124-290,eval,Doppler Shift (Severe),3,18,7,"['RSRP', 'RX_Bytes', 'UL_NPRB', 'DL_BLER', 'UL_NumberOfPackets', 'DL_NumberOfPackets', 'UL_MCS']","['DL_MCS', 'RSRP', 'RX_Bytes', 'TX_Bytes', 'UL_MCS', 'UL_NPRB', 'UL_SNR']",0.5714285714285714,0.6087779761904775,0.3885,0.3885,0.05549999999999963,0.3885,0.7915,0.3903333333333345,0.16728571428571493,0.3909579249076979,0.939,0.3879,0.27707142857143097,0.38901996339836836,1.0,0.3873999999999933,0.553428571428569,0.48475190786991634,1.0,1,1.0,0.14285714285714285,1.0,1,1.0,0.42857142857142855,1.0,1,0.6,0.42857142857142855,0.7227265726449519,1,0.6,0.8571428571428571,0.8435385085913266
TelecomTS,C-File-No-No@20501862400:102-357,eval,Faulty Handover Algorithm (Too Frequent),3,18,9,"['RSRP', 'DL_BLER', 'RX_Bytes', 'PRB_Utilization_UL', 'UL_SNR', 'UL_NPRB', 'DL_MCS', 'UL_BLER', 'TX_Bytes']","['DL_BLER', 'DL_NumberOfPackets', 'Estimated_UL_Buffer', 'RSRP', 'RX_Bytes', 'TX_Bytes', 'UL_BLER', 'UL_NumberOfPackets', 'UL_SNR']",0.6666666666666666,0.7024589285714281,0.5035,0.5035,0.05594444444444553,0.5035,0.898,0.5058333333333336,0.16861111111111132,0.5057569010206238,0.988,0.5027000000000003,0.27927777777777607,0.5038513624824329,1.0,0.5003999999999995,0.5560000000000003,0.5358925671315588,1.0,1,1.0,0.1111111111111111,1.0,1,1.0,0.3333333333333333,1.0,1,0.8,0.4444444444444444,0.8539316501572937,1,0.6,0.6666666666666666,0.7366979613170112
TelecomTS,B-File-No-No@20798211456:122-156,eval,Faulty RF Filters (Temporal),3,18,9,"['RX_Bytes', 'RSRP', 'UL_SNR', 'TX_Bytes', 'UL_NPRB', 'DL_NumberOfPackets', 'UL_MCS', 'DL_BLER', 'PRB_Utilization_UL']","['DL_BLER', 'PRB_Utilization_DL', 'PRB_Utilization_UL', 'RSRP', 'RX_Bytes', 'TX_Bytes', 'UL_BLER', 'UL_NPRB', 'UL_SNR']",0.7777777777777778,0.6912458333333324,0.483,0.483,0.05366666666666769,0.483,0.907,0.507166666666667,0.16905555555555568,0.5018853515309367,0.986,0.501000000000001,0.2783333333333319,0.49914568841807444,1.0,0.4988499999999998,0.5542777777777782,0.5322658239252335,1.0,1,1.0,0.1111111111111111,1.0,1,1.0,0.3333333333333333,1.0,1,1.0,0.5555555555555556,1.0,1,0.7,0.7777777777777778,0.8379265695293113
TelecomTS,B-File-No-No@20798211456:281-337,eval,Faulty Handover Algorithm (Too Frequent),3,18,9,"['RSRP', 'RX_Bytes', 'UL_SNR', 'TX_Bytes', 'UL_NPRB', 'DL_BLER', 'UL_MCS', 'PRB_Utilization_UL', 'DL_NumberOfPackets']","['DL_BLER', 'DL_NumberOfPackets', 'Estimated_UL_Buffer', 'RSRP', 'RX_Bytes', 'TX_Bytes', 'UL_BLER', 'UL_NumberOfPackets', 'UL_SNR']",0.6666666666666666,0.7024589285714281,0.5035,0.5035,0.05594444444444553,0.5035,0.898,0.5058333333333336,0.16861111111111132,0.5057569010206238,0.988,0.5027000000000003,0.27927777777777607,0.5038513624824329,1.0,0.5003999999999995,0.5560000000000003,0.5358925671315588,1.0,1,1.0,0.1111111111111111,1.0,1,1.0,0.3333333333333333,1.0,1,0.8,0.4444444444444444,0.8687949224876582,1,0.7,0.7777777777777778,0.8245182385427422
TelecomTS,B-File-No-No@20798211456:516-737,eval,Co-Channel Interference (Mild),3,18,9,"['RX_Bytes', 'RSRP', 'UL_SNR', 'TX_Bytes', 'UL_NPRB', 'DL_NumberOfPackets', 'UL_NumberOfPackets', 'UL_MCS', 'DL_BLER']","['DL_BLER', 'PRB_Utilization_DL', 'PRB_Utilization_UL', 'RSRP', 'RX_Bytes', 'TX_Bytes', 'UL_BLER', 'UL_NPRB', 'UL_SNR']",0.6666666666666666,0.6912458333333324,0.483,0.483,0.05366666666666769,0.483,0.907,0.507166666666667,0.16905555555555568,0.5018853515309367,0.986,0.501000000000001,0.2783333333333319,0.49914568841807444,1.0,0.4988499999999998,0.5542777777777782,0.5322658239252335,1.0,1,1.0,0.1111111111111111,1.0,1,1.0,0.3333333333333333,1.0,1,1.0,0.5555555555555556,1.0,1,0.7,0.7777777777777778,0.8317213551625274
TelecomTS,C-Youtube-No-No@19068480640:97-324,eval,High Network Congestion (Gradual Buildup),3,18,10,"['UL_SNR', 'RX_Bytes', 'RSRP', 'DL_MCS', 'UL_NPRB', 'DL_BLER', 'TX_Bytes', 'Estimated_UL_Buffer', 'UL_BLER', 'PRB_Utilization_UL']","['DL_BLER', 'DL_NumberOfPackets', 'Estimated_UL_Buffer', 'PRB_Utilization_DL', 'PRB_Utilization_UL', 'RX_Bytes', 'TX_Bytes', 'UL_BLER', 'UL_NPRB', 'UL_NumberOfPackets']",0.7,0.7401345238095229,0.553,0.553,0.055299999999998996,0.553,0.9385,0.5601666666666659,0.16804999999999942,0.5585362866883798,0.995,0.5582999999999974,0.2791499999999987,0.5578058796143377,1.0,0.5594000000000041,0.5594000000000041,0.5588033763661221,0.5,0,0.0,0.0,0.0,1,0.3333333333333333,0.1,0.2960819109658652,1,0.4,0.2,0.34519134224686937,1,0.7,0.7,0.5750739861833288
TelecomTS,C-Youtube-No-No@19068483424:109-176,eval,High Network Congestion (Sudden Spike),3,18,10,"['RX_Bytes', 'UL_SNR', 'RSRP', 'DL_BLER', 'UL_NPRB', 'PRB_Utilization_DL', 'UL_MCS', 'TX_Bytes', 'UL_BLER', 'Estimated_UL_Buffer']","['DL_BLER', 'DL_NumberOfPackets', 'Estimated_UL_Buffer', 'PRB_Utilization_DL', 'PRB_Utilization_UL', 'RX_Bytes', 'TX_Bytes', 'UL_BLER', 'UL_NPRB', 'UL_NumberOfPackets']",0.7,0.7401345238095229,0.553,0.553,0.055299999999998996,0.553,0.9385,0.5601666666666659,0.16804999999999942,0.5585362866883798,0.995,0.5582999999999974,0.2791499999999987,0.5578058796143377,1.0,0.5594000000000041,0.5594000000000041,0.5588033763661221,1.0,1,1.0,0.1,1.0,1,0.3333333333333333,0.1,0.46927872602275644,1,0.6,0.3,0.6164336326286644,1,0.7,0.7,0.6777277508780454
TelecomTS,C-Youtube-No-No@19068483424:194-628,eval,Co-Channel Interference (Mild),3,18,9,"['RX_Bytes', 'RSRP', 'DL_BLER', 'DL_MCS', 'UL_NPRB', 'Estimated_UL_Buffer', 'TX_Bytes', 'UL_BLER', 'PRB_Utilization_UL']","['DL_BLER', 'PRB_Utilization_DL', 'PRB_Utilization_UL', 'RSRP', 'RX_Bytes', 'TX_Bytes', 'UL_BLER', 'UL_NPRB', 'UL_SNR']",0.7777777777777778,0.6912458333333324,0.483,0.483,0.05366666666666769,0.483,0.907,0.507166666666667,0.16905555555555568,0.5018853515309367,0.986,0.501000000000001,0.2783333333333319,0.49914568841807444,1.0,0.4988499999999998,0.5542777777777782,0.5322658239252335,1.0,1,1.0,0.1111111111111111,1.0,1,1.0,0.3333333333333333,1.0,1,0.8,0.4444444444444444,0.8539316501572937,1,0.7,0.7777777777777778,0.8150464777885064
TelecomTS,C-Youtube-No-No@19068483424:786-832,eval,Co-Channel Interference (Severe),3,18,11,"['RSRP', 'UL_NPRB', 'PRB_Utilization_DL', 'UL_SNR', 'Estimated_UL_Buffer', 'RX_Bytes', 'DL_BLER', 'UL_BLER', 'DL_NumberOfPackets', 'DL_Protocol', 'UL_NumberOfPackets']","['DL_BLER', 'DL_NumberOfPackets', 'PRB_Utilization_DL', 'PRB_Utilization_UL', 'RSRP', 'RX_Bytes', 'TX_Bytes', 'UL_BLER', 'UL_NPRB', 'UL_NumberOfPackets', 'UL_SNR']",0.8181818181818182,0.770788095238094,0.594,0.594,0.054000000000001026,0.594,0.9605,0.6180000000000009,0.16854545454545453,0.6131674084111358,0.9965,0.6128999999999949,0.27859090909090667,0.6109684056271268,1.0,0.6115000000000035,0.5559090909090907,0.610670015818438,1.0,1,1.0,0.09090909090909091,1.0,1,1.0,0.2727272727272727,1.0,1,0.8,0.36363636363636365,0.8687949224876582,1,0.8,0.7272727272727273,0.8512360941594274
TelecomTS,C-Youtube-No-No@19068483424:1046-1205,eval,Antenna Failure,3,18,13,"['RSRP', 'UL_NPRB', 'UL_SNR', 'Estimated_UL_Buffer', 'DL_BLER', 'PRB_Utilization_UL', 'RX_Bytes', 'TX_Bytes', 'UL_BLER', 'DL_NumberOfPackets', 'DL_Protocol', 'UL_MCS', 'PRBs_DL_Current']","['DL_BLER', 'DL_MCS', 'DL_NumberOfPackets', 'Estimated_UL_Buffer', 'PRBs_DL_Current', 'PRBs_UL_Current', 'RSRP', 'RX_Bytes', 'TX_Bytes', 'UL_BLER', 'UL_MCS', 'UL_NumberOfPackets', 'UL_SNR']",0.7692307692307693,0.8565666666666654,0.736,0.736,0.056615384615386295,0.736,0.985,0.7263333333333362,0.16761538461538286,0.7292261797466472,1.0,0.7230999999999861,0.2781153846153846,0.7263351253104188,1.0,0.7215500000000011,0.5550384615384654,0.7240673727278659,1.0,1,1.0,0.07692307692307693,1.0,1,0.6666666666666666,0.15384615384615385,0.7039180890341347,1,0.8,0.3076923076923077,0.7860137352654724,1,0.8,0.6153846153846154,0.7827392871477702
TelecomTS,A-File-No-No@20858691072:109-133,eval,Resource Allocation Bugs,3,18,9,"['UL_BLER', 'RX_Bytes', 'RSRP', 'UL_NPRB', 'TX_Bytes', 'PRB_Utilization_DL', 'UL_SNR', 'UL_NumberOfPackets', 'PRBs_DL_Current']","['DL_BLER', 'PRB_Utilization_DL', 'PRB_Utilization_UL', 'PRBs_DL_Current', 'PRBs_UL_Current', 'RX_Bytes', 'TX_Bytes', 'UL_BLER', 'UL_NPRB']",0.6666666666666666,0.6958013888888883,0.495,0.495,0.05500000000000106,0.495,0.898,0.505166666666667,0.16838888888888906,0.5028938111473004,0.984,0.4998999999999999,0.27772222222222087,0.4999104049743554,1.0,0.4977999999999997,0.5531111111111113,0.5324853463915006,1.0,1,1.0,0.1111111111111111,1.0,1,0.6666666666666666,0.2222222222222222,0.7653606369886217,1,0.8,0.4444444444444444,0.830419897363192,1,0.7,0.7777777777777778,0.7979234944544784
TelecomTS,A-File-No-No@20858688000:46-98,calib,Antenna Failure,3,18,13,"['RSRP', 'RX_Bytes', 'UL_NPRB', 'TX_Bytes', 'UL_SNR', 'DL_NumberOfPackets', 'DL_BLER', 'UL_NumberOfPackets', 'PRBs_DL_Current', 'PRB_Utilization_UL', 'DL_Protocol', 'PRB_Utilization_DL', 'UL_BLER']","['DL_BLER', 'DL_MCS', 'DL_NumberOfPackets', 'Estimated_UL_Buffer', 'PRBs_DL_Current', 'PRBs_UL_Current', 'RSRP', 'RX_Bytes', 'TX_Bytes', 'UL_BLER', 'UL_MCS', 'UL_NumberOfPackets', 'UL_SNR']",0.6923076923076923,0.8565666666666654,0.736,0.736,0.056615384615386295,0.736,0.985,0.7263333333333362,0.16761538461538286,0.7292261797466472,1.0,0.7230999999999861,0.2781153846153846,0.7263351253104188,1.0,0.7215500000000011,0.5550384615384654,0.7240673727278659,1.0,1,1.0,0.07692307692307693,1.0,1,0.6666666666666666,0.15384615384615385,0.7653606369886217,1,0.8,0.3076923076923077,0.830419897363192,1,0.8,0.6153846153846154,0.8263333286520083
TelecomTS,C-Twitch-No-No@21227619232:105-170,calib,Antenna Failure,3,18,13,"['RSRP', 'RX_Bytes', 'UL_SNR', 'Estimated_UL_Buffer', 'UL_NPRB', 'UL_NumberOfPackets', 'PRBs_DL_Current', 'UL_MCS', 'DL_NumberOfPackets', 'UL_Protocol', 'DL_BLER', 'DL_Protocol', 'UL_BLER']","['DL_BLER', 'DL_MCS', 'DL_NumberOfPackets', 'Estimated_UL_Buffer', 'PRBs_DL_Current', 'PRBs_UL_Current', 'RSRP', 'RX_Bytes', 'TX_Bytes', 'UL_BLER', 'UL_MCS', 'UL_NumberOfPackets', 'UL_SNR']",0.7692307692307693,0.8565666666666654,0.736,0.736,0.056615384615386295,0.736,0.985,0.7263333333333362,0.16761538461538286,0.7292261797466472,1.0,0.7230999999999861,0.2781153846153846,0.7263351253104188,1.0,0.7215500000000011,0.5550384615384654,0.7240673727278659,1.0,1,1.0,0.07692307692307693,1.0,1,1.0,0.23076923076923078,1.0,1,0.8,0.3076923076923077,0.8687949224876582,1,0.8,0.6153846153846154,0.8512360941594274
TelecomTS,B-File-No-No@20798217504:110-145,calib,Buffer Overflow (Gradual Buildup),3,18,10,"['TX_Bytes', 'RX_Bytes', 'RSRP', 'UL_NPRB', 'UL_NumberOfPackets', 'UL_SNR', 'PRBs_DL_Current', 'DL_BLER', 'DL_NumberOfPackets', 'DL_Protocol']","['DL_BLER', 'DL_NumberOfPackets', 'Estimated_UL_Buffer', 'PRB_Utilization_DL', 'PRB_Utilization_UL', 'RX_Bytes', 'TX_Bytes', 'UL_BLER', 'UL_NPRB', 'UL_NumberOfPackets']",0.6,0.7401345238095229,0.553,0.553,0.055299999999998996,0.553,0.9385,0.5601666666666659,0.16804999999999942,0.5585362866883798,0.995,0.5582999999999974,0.2791499999999987,0.5578058796143377,1.0,0.5594000000000041,0.5594000000000041,0.5588033763661221,1.0,1,1.0,0.1,1.0,1,0.6666666666666666,0.2,0.7653606369886217,1,0.8,0.4,0.830419897363192,1,0.6,0.6,0.6745711375739728
TelecomTS,C-Twitch-No-No@21227620640:123-503,calib,Buffer Overflow (Gradual Buildup),3,18,10,"['RSRP', 'RX_Bytes', 'UL_SNR', 'UL_NPRB', 'PRBs_DL_Current', 'UL_NumberOfPackets', 'DL_NumberOfPackets', 'PRB_Utilization_UL', 'PRB_Utilization_DL', 'PRBs_UL_Current']","['DL_BLER', 'DL_NumberOfPackets', 'Estimated_UL_Buffer', 'PRB_Utilization_DL', 'PRB_Utilization_UL', 'RX_Bytes', 'TX_Bytes', 'UL_BLER', 'UL_NPRB', 'UL_NumberOfPackets']",0.6,0.7401345238095229,0.553,0.553,0.055299999999998996,0.553,0.9385,0.5601666666666659,0.16804999999999942,0.5585362866883798,0.995,0.5582999999999974,0.2791499999999987,0.5578058796143377,1.0,0.5594000000000041,0.5594000000000041,0.5588033763661221,0.5,0,0.0,0.0,0.0,1,0.3333333333333333,0.1,0.2960819109658652,1,0.4,0.2,0.36005461457723403,1,0.6,0.6,0.521098444712307
TelecomTS,C-Twitch-No-No@21227622720:126-311,calib,Buffer Overflow (Gradual Buildup),3,18,10,"['UL_SNR', 'RSRP', 'DL_MCS', 'RX_Bytes', 'DL_BLER', 'UL_NPRB', 'UL_BLER', 'UL_MCS', 'TX_Bytes', 'PRBs_DL_Current']","['DL_BLER', 'DL_NumberOfPackets', 'Estimated_UL_Buffer', 'PRB_Utilization_DL', 'PRB_Utilization_UL', 'RX_Bytes', 'TX_Bytes', 'UL_BLER', 'UL_NPRB', 'UL_NumberOfPackets']",0.5,0.7401345238095229,0.553,0.553,0.055299999999998996,0.553,0.9385,0.5601666666666659,0.16804999999999942,0.5585362866883798,0.995,0.5582999999999974,0.2791499999999987,0.5578058796143377,1.0,0.5594000000000041,0.5594000000000041,0.5588033763661221,0.25,0,0.0,0.0,0.0,0,0.0,0.0,0.0,1,0.4,0.2,0.27727342735504823,1,0.5,0.5,0.3979478965435962
TelecomTS,C-File-No-No@20501865024:104-341,calib,Co-Channel Interference (Mild),3,18,9,"['RSRP', 'RX_Bytes', 'UL_NPRB', 'TX_Bytes', 'UL_SNR', 'UL_MCS', 'PRBs_DL_Current', 'UL_NumberOfPackets', 'DL_Protocol']","['DL_BLER', 'PRB_Utilization_DL', 'PRB_Utilization_UL', 'RSRP', 'RX_Bytes', 'TX_Bytes', 'UL_BLER', 'UL_NPRB', 'UL_SNR']",0.5555555555555556,0.6912458333333324,0.483,0.483,0.05366666666666769,0.483,0.907,0.507166666666667,0.16905555555555568,0.5018853515309367,0.986,0.501000000000001,0.2783333333333319,0.49914568841807444,1.0,0.4988499999999998,0.5542777777777782,0.5322658239252335,1.0,1,1.0,0.1111111111111111,1.0,1,1.0,0.3333333333333333,1.0,1,1.0,0.5555555555555556,1.0,1,0.6,0.6666666666666666,0.7609655944414468
TelecomTS,C-Twitch-No-No@21227619712:125-479,calib,Co-Channel Interference (Mild),3,18,9,"['RSRP', 'RX_Bytes', 'UL_SNR', 'Estimated_UL_Buffer', 'UL_NPRB', 'UL_MCS', 'UL_NumberOfPackets', 'PRBs_DL_Current', 'DL_NumberOfPackets']","['DL_BLER', 'PRB_Utilization_DL', 'PRB_Utilization_UL', 'RSRP', 'RX_Bytes', 'TX_Bytes', 'UL_BLER', 'UL_NPRB', 'UL_SNR']",0.4444444444444444,0.6912458333333324,0.483,0.483,0.05366666666666769,0.483,0.907,0.507166666666667,0.16905555555555568,0.5018853515309367,0.986,0.501000000000001,0.2783333333333319,0.49914568841807444,1.0,0.4988499999999998,0.5542777777777782,0.5322658239252335,1.0,1,1.0,0.1111111111111111,1.0,1,1.0,0.3333333333333333,1.0,1,0.8,0.4444444444444444,0.8539316501572937,1,0.5,0.5555555555555556,0.6597369862291467
TelecomTS,A-File-No-No@20858697664:115-319,calib,Co-Channel Interference (Severe),3,18,11,"['RSRP', 'RX_Bytes', 'TX_Bytes', 'UL_NPRB', 'UL_SNR', 'DL_BLER', 'DL_NumberOfPackets', 'UL_MCS', 'DL_Protocol', 'UL_NumberOfPackets', 'UL_BLER']","['DL_BLER', 'DL_NumberOfPackets', 'PRB_Utilization_DL', 'PRB_Utilization_UL', 'RSRP', 'RX_Bytes', 'TX_Bytes', 'UL_BLER', 'UL_NPRB', 'UL_NumberOfPackets', 'UL_SNR']",0.8181818181818182,0.770788095238094,0.594,0.594,0.054000000000001026,0.594,0.9605,0.6180000000000009,0.16854545454545453,0.6131674084111358,0.9965,0.6128999999999949,0.27859090909090667,0.6109684056271268,1.0,0.6115000000000035,0.5559090909090907,0.610670015818438,1.0,1,1.0,0.09090909090909091,1.0,1,1.0,0.2727272727272727,1.0,1,1.0,0.45454545454545453,1.0,1,0.8,0.7272727272727273,0.8643145546088337
TelecomTS,C-Twitch-No-No@21227621280:105-240,calib,Co-Channel Interference (Severe),3,18,11,"['RSRP', 'RX_Bytes', 'UL_SNR', 'UL_NPRB', 'PRBs_DL_Current', 'UL_NumberOfPackets', 'UL_MCS', 'DL_BLER', 'PRB_Utilization_UL', 'Estimated_UL_Buffer', 'DL_NumberOfPackets']","['DL_BLER', 'DL_NumberOfPackets', 'PRB_Utilization_DL', 'PRB_Utilization_UL', 'RSRP', 'RX_Bytes', 'TX_Bytes', 'UL_BLER', 'UL_NPRB', 'UL_NumberOfPackets', 'UL_SNR']",0.7272727272727273,0.770788095238094,0.594,0.594,0.054000000000001026,0.594,0.9605,0.6180000000000009,0.16854545454545453,0.6131674084111358,0.9965,0.6128999999999949,0.27859090909090667,0.6109684056271268,1.0,0.6115000000000035,0.5559090909090907,0.610670015818438,1.0,1,1.0,0.09090909090909091,1.0,1,1.0,0.2727272727272727,1.0,1,0.8,0.36363636363636365,0.8687949224876582,1,0.7,0.6363636363636364,0.7778721720600673
TelecomTS,A-File-No-No@20858692928:114-548,calib,Doppler Shift (Severe),3,18,7,"['RSRP', 'TX_Bytes', 'RX_Bytes', 'UL_NPRB', 'UL_NumberOfPackets', 'DL_BLER', 'UL_SNR']","['DL_MCS', 'RSRP', 'RX_Bytes', 'TX_Bytes', 'UL_MCS', 'UL_NPRB', 'UL_SNR']",0.7142857142857143,0.6087779761904775,0.3885,0.3885,0.05549999999999963,0.3885,0.7915,0.3903333333333345,0.16728571428571493,0.3909579249076979,0.939,0.3879,0.27707142857143097,0.38901996339836836,1.0,0.3873999999999933,0.553428571428569,0.48475190786991634,1.0,1,1.0,0.14285714285714285,1.0,1,1.0,0.42857142857142855,1.0,1,0.8,0.5714285714285714,0.8687949224876582,1,0.6,0.8571428571428571,0.8784964149251223
TelecomTS,C-Twitch-No-No@21227618080:99-143,calib,Doppler Shift (Severe),3,18,7,"['UL_SNR', 'RSRP', 'Estimated_UL_Buffer', 'UL_NPRB', 'UL_BLER', 'RX_Bytes', 'TX_Bytes']","['DL_MCS', 'RSRP', 'RX_Bytes', 'TX_Bytes', 'UL_MCS', 'UL_NPRB', 'UL_SNR']",0.7142857142857143,0.6087779761904775,0.3885,0.3885,0.05549999999999963,0.3885,0.7915,0.3903333333333345,0.16728571428571493,0.3909579249076979,0.939,0.3879,0.27707142857143097,0.38901996339836836,1.0,0.3873999999999933,0.553428571428569,0.48475190786991634,1.0,1,1.0,0.14285714285714285,1.0,1,0.6666666666666666,0.2857142857142857,0.7653606369886217,1,0.6,0.42857142857142855,0.6992148198508501,1,0.6,0.8571428571428571,0.8389711738179447
TelecomTS,C-Twitch-No-No@21227618080:180-262,calib,High Network Congestion (Sudden Spike),3,18,10,"['UL_SNR', 'RSRP', 'Estimated_UL_Buffer', 'UL_NPRB', 'RX_Bytes', 'DL_BLER', 'UL_BLER', 'PRB_Utilization_DL', 'UL_MCS', 'TX_Bytes']","['DL_BLER', 'DL_NumberOfPackets', 'Estimated_UL_Buffer', 'PRB_Utilization_DL', 'PRB_Utilization_UL', 'RX_Bytes', 'TX_Bytes', 'UL_BLER', 'UL_NPRB', 'UL_NumberOfPackets']",0.7,0.7401345238095229,0.553,0.553,0.055299999999998996,0.553,0.9385,0.5601666666666659,0.16804999999999942,0.5585362866883798,0.995,0.5582999999999974,0.2791499999999987,0.5578058796143377,1.0,0.5594000000000041,0.5594000000000041,0.5588033763661221,0.3333333333333333,0,0.0,0.0,0.0,1,0.3333333333333333,0.1,0.23463936301137822,1,0.6,0.3,0.4468535299918563,1,0.7,0.7,0.5747915663739762
TelecomTS,C-File-No-No@20501864096:96-100,calib,Faulty Handover Algorithm (Too Frequent),3,18,9,"['RSRP', 'TX_Bytes', 'UL_SNR', 'UL_NPRB', 'RX_Bytes', 'PRB_Utilization_UL', 'UL_MCS', 'UL_BLER', 'Estimated_UL_Buffer']","['DL_BLER', 'DL_NumberOfPackets', 'Estimated_UL_Buffer', 'RSRP', 'RX_Bytes', 'TX_Bytes', 'UL_BLER', 'UL_NumberOfPackets', 'UL_SNR']",0.6666666666666666,0.7024589285714281,0.5035,0.5035,0.05594444444444553,0.5035,0.898,0.5058333333333336,0.16861111111111132,0.5057569010206238,0.988,0.5027000000000003,0.27927777777777607,0.5038513624824329,1.0,0.5003999999999995,0.5560000000000003,0.5358925671315588,1.0,1,1.0,0.1111111111111111,1.0,1,1.0,0.3333333333333333,1.0,1,0.8,0.4444444444444444,0.8539316501572937,1,0.7,0.7777777777777778,0.8046413622353019
TelecomTS,B-File-No-No@20798215040:115-289,calib,Faulty RF Filters (Temporal),3,18,9,"['TX_Bytes', 'RX_Bytes', 'RSRP', 'UL_NPRB', 'DL_NumberOfPackets', 'UL_SNR', 'PRBs_DL_Current', 'UL_NumberOfPackets', 'DL_BLER']","['DL_BLER', 'PRB_Utilization_DL', 'PRB_Utilization_UL', 'RSRP', 'RX_Bytes', 'TX_Bytes', 'UL_BLER', 'UL_NPRB', 'UL_SNR']",0.6666666666666666,0.6912458333333324,0.483,0.483,0.05366666666666769,0.483,0.907,0.507166666666667,0.16905555555555568,0.5018853515309367,0.986,0.501000000000001,0.2783333333333319,0.49914568841807444,1.0,0.4988499999999998,0.5542777777777782,0.5322658239252335,1.0,1,1.0,0.1111111111111111,1.0,1,1.0,0.3333333333333333,1.0,1,0.8,0.4444444444444444,0.8687949224876582,1,0.7,0.7777777777777778,0.8245182385427422
TelecomTS,A-File-No-No@20858688576:108-247,calib,Faulty RF Filters (Temporal),3,18,9,"['RSRP', 'RX_Bytes', 'UL_NumberOfPackets', 'UL_NPRB', 'TX_Bytes', 'UL_MCS', 'UL_SNR', 'PRBs_DL_Current', 'UL_BLER']","['DL_BLER', 'PRB_Utilization_DL', 'PRB_Utilization_UL', 'RSRP', 'RX_Bytes', 'TX_Bytes', 'UL_BLER', 'UL_NPRB', 'UL_SNR']",0.6666666666666666,0.6912458333333324,0.483,0.483,0.05366666666666769,0.483,0.907,0.507166666666667,0.16905555555555568,0.5018853515309367,0.986,0.501000000000001,0.2783333333333319,0.49914568841807444,1.0,0.4988499999999998,0.5542777777777782,0.5322658239252335,1.0,1,1.0,0.1111111111111111,1.0,1,0.6666666666666666,0.2222222222222222,0.7653606369886217,1,0.8,0.4444444444444444,0.830419897363192,1,0.7,0.7777777777777778,0.79254709692678
TelecomTS,B-Twitch-No-No@19606761696:106-287,calib,High Network Congestion (Gradual Buildup),3,18,10,"['UL_BLER', 'RSRP', 'UL_NPRB', 'RX_Bytes', 'UL_SNR', 'PRB_Utilization_DL', 'UL_MCS', 'TX_Bytes', 'PRB_Utilization_UL', 'DL_BLER']","['DL_BLER', 'DL_NumberOfPackets', 'Estimated_UL_Buffer', 'PRB_Utilization_DL', 'PRB_Utilization_UL', 'RX_Bytes', 'TX_Bytes', 'UL_BLER', 'UL_NPRB', 'UL_NumberOfPackets']",0.7,0.7401345238095229,0.553,0.553,0.055299999999998996,0.553,0.9385,0.5601666666666659,0.16804999999999942,0.5585362866883798,0.995,0.5582999999999974,0.2791499999999987,0.5578058796143377,1.0,0.5594000000000041,0.5594000000000041,0.5588033763661221,1.0,1,1.0,0.1,1.0,1,0.6666666666666666,0.2,0.7039180890341347,1,0.6,0.3,0.6548086577531307,1,0.7,0.7,0.7026305163854645
TelecomTS,B-File-No-No@20798216608:113-182,calib,High Network Congestion (Gradual Buildup),3,18,10,"['TX_Bytes', 'RSRP', 'RX_Bytes', 'UL_NPRB', 'UL_BLER', 'UL_SNR', 'PRBs_DL_Current', 'DL_NumberOfPackets', 'UL_NumberOfPackets', 'DL_BLER']","['DL_BLER', 'DL_NumberOfPackets', 'Estimated_UL_Buffer', 'PRB_Utilization_DL', 'PRB_Utilization_UL', 'RX_Bytes', 'TX_Bytes', 'UL_BLER', 'UL_NPRB', 'UL_NumberOfPackets']",0.7,0.7401345238095229,0.553,0.553,0.055299999999998996,0.553,0.9385,0.5601666666666659,0.16804999999999942,0.5585362866883798,0.995,0.5582999999999974,0.2791499999999987,0.5578058796143377,1.0,0.5594000000000041,0.5594000000000041,0.5588033763661221,1.0,1,1.0,0.1,1.0,1,0.6666666666666666,0.2,0.7039180890341347,1,0.8,0.4,0.7860137352654724,1,0.7,0.7,0.7093753650484099
TelecomTS,B-File-No-No@20798216608:385-402,calib,Faulty RF Filters (Temporal),3,18,9,"['TX_Bytes', 'RSRP', 'RX_Bytes', 'UL_NumberOfPackets', 'UL_NPRB', 'UL_SNR', 'DL_BLER', 'DL_Protocol', 'DL_NumberOfPackets']","['DL_BLER', 'PRB_Utilization_DL', 'PRB_Utilization_UL', 'RSRP', 'RX_Bytes', 'TX_Bytes', 'UL_BLER', 'UL_NPRB', 'UL_SNR']",0.6666666666666666,0.6912458333333324,0.483,0.483,0.05366666666666769,0.483,0.907,0.507166666666667,0.16905555555555568,0.5018853515309367,0.986,0.501000000000001,0.2783333333333319,0.49914568841807444,1.0,0.4988499999999998,0.5542777777777782,0.5322658239252335,1.0,1,1.0,0.1111111111111111,1.0,1,1.0,0.3333333333333333,1.0,1,0.8,0.4444444444444444,0.8539316501572937,1,0.6,0.6666666666666666,0.7538670157815447
TelecomTS,B-File-No-No@20798216608:443-540,calib,Co-Channel Interference (Mild),3,18,9,"['TX_Bytes', 'RX_Bytes', 'RSRP', 'UL_NPRB', 'UL_SNR', 'DL_BLER', 'PRBs_DL_Current', 'DL_NumberOfPackets', 'UL_BLER']","['DL_BLER', 'PRB_Utilization_DL', 'PRB_Utilization_UL', 'RSRP', 'RX_Bytes', 'TX_Bytes', 'UL_BLER', 'UL_NPRB', 'UL_SNR']",0.7777777777777778,0.6912458333333324,0.483,0.483,0.05366666666666769,0.483,0.907,0.507166666666667,0.16905555555555568,0.5018853515309367,0.986,0.501000000000001,0.2783333333333319,0.49914568841807444,1.0,0.4988499999999998,0.5542777777777782,0.5322658239252335,1.0,1,1.0,0.1111111111111111,1.0,1,1.0,0.3333333333333333,1.0,1,1.0,0.5555555555555556,1.0,1,0.7,0.7777777777777778,0.8475028682434302
TelecomTS,B-Twitch-No-No@19606760640:102-257,calib,High Network Congestion (Sudden Spike),3,18,10,"['UL_NPRB', 'RSRP', 'RX_Bytes', 'UL_SNR', 'UL_MCS', 'UL_BLER', 'DL_BLER', 'Estimated_UL_Buffer', 'TX_Bytes', 'DL_Protocol']","['DL_BLER', 'DL_NumberOfPackets', 'Estimated_UL_Buffer', 'PRB_Utilization_DL', 'PRB_Utilization_UL', 'RX_Bytes', 'TX_Bytes', 'UL_BLER', 'UL_NPRB', 'UL_NumberOfPackets']",0.6,0.7401345238095229,0.553,0.553,0.055299999999998996,0.553,0.9385,0.5601666666666659,0.16804999999999942,0.5585362866883798,0.995,0.5582999999999974,0.2791499999999987,0.5578058796143377,1.0,0.5594000000000041,0.5594000000000041,0.5588033763661221,1.0,1,1.0,0.1,1.0,1,0.6666666666666666,0.2,0.7039180890341347,1,0.4,0.2,0.5087403079104241,1,0.6,0.6,0.6175852859163219
TelecomTS,B-Twitch-No-No@19606760640:369-447,calib,Co-Channel Interference (Severe),3,18,11,"['UL_NPRB', 'RSRP', 'RX_Bytes', 'UL_SNR', 'UL_MCS', 'PRB_Utilization_DL', 'DL_BLER', 'PRBs_DL_Current', 'TX_Bytes', 'Estimated_UL_Buffer', 'DL_Protocol']","['DL_BLER', 'DL_NumberOfPackets', 'PRB_Utilization_DL', 'PRB_Utilization_UL', 'RSRP', 'RX_Bytes', 'TX_Bytes', 'UL_BLER', 'UL_NPRB', 'UL_NumberOfPackets', 'UL_SNR']",0.6363636363636364,0.770788095238094,0.594,0.594,0.054000000000001026,0.594,0.9605,0.6180000000000009,0.16854545454545453,0.6131674084111358,0.9965,0.6128999999999949,0.27859090909090667,0.6109684056271268,1.0,0.6115000000000035,0.5559090909090907,0.610670015818438,1.0,1,1.0,0.09090909090909091,1.0,1,1.0,0.2727272727272727,1.0,1,0.8,0.36363636363636365,0.8687949224876582,1,0.7,0.6363636363636364,0.78180487222265
TelecomTS,C-File-No-No@20501859680:122-235,calib,High Network Congestion (Sudden Spike),3,18,10,"['RSRP', 'RX_Bytes', 'UL_NPRB', 'TX_Bytes', 'DL_NumberOfPackets', 'UL_MCS', 'UL_SNR', 'UL_NumberOfPackets', 'DL_BLER', 'PRB_Utilization_UL']","['DL_BLER', 'DL_NumberOfPackets', 'Estimated_UL_Buffer', 'PRB_Utilization_DL', 'PRB_Utilization_UL', 'RX_Bytes', 'TX_Bytes', 'UL_BLER', 'UL_NPRB', 'UL_NumberOfPackets']",0.7,0.7401345238095229,0.553,0.553,0.055299999999998996,0.553,0.9385,0.5601666666666659,0.16804999999999942,0.5585362866883798,0.995,0.5582999999999974,0.2791499999999987,0.5578058796143377,1.0,0.5594000000000041,0.5594000000000041,0.5588033763661221,0.5,0,0.0,0.0,0.0,1,0.6666666666666666,0.2,0.5307212739772434,1,0.8,0.4,0.6608397947263839,1,0.7,0.7,0.6281460426238844
TelecomTS,C-File-No-No@20501859680:424-673,calib,Faulty RF Filters (Temporal),3,18,9,"['RSRP', 'RX_Bytes', 'TX_Bytes', 'UL_NPRB', 'UL_NumberOfPackets', 'UL_SNR', 'Estimated_UL_Buffer', 'UL_MCS', 'DL_BLER']","['DL_BLER', 'PRB_Utilization_DL', 'PRB_Utilization_UL', 'RSRP', 'RX_Bytes', 'TX_Bytes', 'UL_BLER', 'UL_NPRB', 'UL_SNR']",0.6666666666666666,0.6912458333333324,0.483,0.483,0.05366666666666769,0.483,0.907,0.507166666666667,0.16905555555555568,0.5018853515309367,0.986,0.501000000000001,0.2783333333333319,0.49914568841807444,1.0,0.4988499999999998,0.5542777777777782,0.5322658239252335,1.0,1,1.0,0.1111111111111111,1.0,1,1.0,0.3333333333333333,1.0,1,0.8,0.4444444444444444,0.8687949224876582,1,0.6,0.6666666666666666,0.7565748376244514
TelecomTS,C-File-No-No@20501859680:798-1139,calib,Buffer Overflow (Gradual Buildup),3,18,10,"['RSRP', 'RX_Bytes', 'TX_Bytes', 'UL_NPRB', 'UL_MCS', 'UL_SNR', 'DL_NumberOfPackets', 'UL_BLER', 'PRB_Utilization_UL', 'DL_BLER']","['DL_BLER', 'DL_NumberOfPackets', 'Estimated_UL_Buffer', 'PRB_Utilization_DL', 'PRB_Utilization_UL', 'RX_Bytes', 'TX_Bytes', 'UL_BLER', 'UL_NPRB', 'UL_NumberOfPackets']",0.7,0.7401345238095229,0.553,0.553,0.055299999999998996,0.553,0.9385,0.5601666666666659,0.16804999999999942,0.5585362866883798,0.995,0.5582999999999974,0.2791499999999987,0.5578058796143377,1.0,0.5594000000000041,0.5594000000000041,0.5588033763661221,0.5,0,0.0,0.0,0.0,1,0.6666666666666666,0.2,0.5307212739772434,1,0.6,0.3,0.5296347172140421,1,0.7,0.7,0.6163668470816234
TelecomTS,C-Twitch-No-No@21227617344:118-557,calib,Resource Allocation Bugs,3,18,9,"['RSRP', 'RX_Bytes', 'UL_SNR', 'Estimated_UL_Buffer', 'UL_NPRB', 'UL_MCS', 'PRBs_DL_Current', 'UL_NumberOfPackets', 'DL_BLER']","['DL_BLER', 'PRB_Utilization_DL', 'PRB_Utilization_UL', 'PRBs_DL_Current', 'PRBs_UL_Current', 'RX_Bytes', 'TX_Bytes', 'UL_BLER', 'UL_NPRB']",0.4444444444444444,0.6958013888888883,0.495,0.495,0.05500000000000106,0.495,0.898,0.505166666666667,0.16838888888888906,0.5028938111473004,0.984,0.4998999999999999,0.27772222222222087,0.4999104049743554,1.0,0.4977999999999997,0.5531111111111113,0.5324853463915006,0.5,0,0.0,0.0,0.0,1,0.3333333333333333,0.1111111111111111,0.2960819109658652,1,0.4,0.2222222222222222,0.34519134224686937,1,0.4,0.4444444444444444,0.38832953838170364
TelecomTS,A-Youtube-No-No@17695587520:112-170,train,Antenna Failure,4,18,13,"['UL_SNR', 'RSRP', 'UL_NPRB', 'RX_Bytes', 'PRBs_UL_Current', 'Estimated_UL_Buffer', 'DL_BLER', 'TX_Bytes', 'DL_NumberOfPackets', 'DL_MCS', 'PRB_Utilization_DL', 'UL_NumberOfPackets', 'UL_MCS']","['DL_BLER', 'DL_MCS', 'DL_NumberOfPackets', 'Estimated_UL_Buffer', 'PRBs_DL_Current', 'PRBs_UL_Current', 'RSRP', 'RX_Bytes', 'TX_Bytes', 'UL_BLER', 'UL_MCS', 'UL_NumberOfPackets', 'UL_SNR']",0.8461538461538461,0.8450083333333318,0.714,0.714,0.05492307692307853,0.714,0.988,0.7216666666666707,0.1665384615384597,0.7205333924864188,1.0,0.7201999999999841,0.2770000000000012,0.7199944460645112,1.0,0.7188000000000007,0.5529230769230804,0.719172461882303,1.0,1,1.0,0.07692307692307693,1.0,1,0.6666666666666666,0.15384615384615385,0.7653606369886217,1,0.8,0.3076923076923077,0.830419897363192,1,0.9,0.6923076923076923,0.8899541168509599
TelecomTS,A-Twitch-No-No@17883074560:115-219,train,Antenna Failure,4,18,13,"['UL_BLER', 'Estimated_UL_Buffer', 'RSRP', 'UL_NPRB', 'UL_MCS', 'DL_Protocol', 'RX_Bytes', 'UL_NumberOfPackets', 'DL_BLER', 'UL_SNR', 'TX_Bytes', 'PRB_Utilization_UL', 'UL_Protocol']","['DL_BLER', 'DL_MCS', 'DL_NumberOfPackets', 'Estimated_UL_Buffer', 'PRBs_DL_Current', 'PRBs_UL_Current', 'RSRP', 'RX_Bytes', 'TX_Bytes', 'UL_BLER', 'UL_MCS', 'UL_NumberOfPackets', 'UL_SNR']",0.6923076923076923,0.8450083333333318,0.714,0.714,0.05492307692307853,0.714,0.988,0.7216666666666707,0.1665384615384597,0.7205333924864188,1.0,0.7201999999999841,0.2770000000000012,0.7199944460645112,1.0,0.7188000000000007,0.5529230769230804,0.719172461882303,1.0,1,1.0,0.07692307692307693,1.0,1,1.0,0.23076923076923078,1.0,1,0.8,0.3076923076923077,0.8539316501572937,1,0.8,0.6153846153846154,0.826813366651774
TelecomTS,A-Twitch-No-No@17883078368:113-280,train,Antenna Failure,4,18,13,"['RSRP', 'UL_SNR', 'UL_NPRB', 'RX_Bytes', 'UL_BLER', 'UL_MCS', 'DL_Protocol', 'PRBs_UL_Current', 'TX_Bytes', 'UL_NumberOfPackets', 'DL_NumberOfPackets', 'Estimated_UL_Buffer', 'DL_BLER']","['DL_BLER', 'DL_MCS', 'DL_NumberOfPackets', 'Estimated_UL_Buffer', 'PRBs_DL_Current', 'PRBs_UL_Current', 'RSRP', 'RX_Bytes', 'TX_Bytes', 'UL_BLER', 'UL_MCS', 'UL_NumberOfPackets', 'UL_SNR']",0.8461538461538461,0.8450083333333318,0.714,0.714,0.05492307692307853,0.714,0.988,0.7216666666666707,0.1665384615384597,0.7205333924864188,1.0,0.7201999999999841,0.2770000000000012,0.7199944460645112,1.0,0.7188000000000007,0.5529230769230804,0.719172461882303,1.0,1,1.0,0.07692307692307693,1.0,1,0.6666666666666666,0.15384615384615385,0.7653606369886217,1,0.8,0.3076923076923077,0.830419897363192,1,0.8,0.6153846153846154,0.8165901947515999
TelecomTS,A-Twitch-No-No@17883080160:123-336,train,Antenna Failure,4,18,13,"['RSRP', 'UL_NPRB', 'UL_SNR', 'UL_MCS', 'UL_Protocol', 'DL_BLER', 'RX_Bytes', 'DL_Protocol', 'UL_NumberOfPackets', 'TX_Bytes', 'UL_BLER', 'PRBs_DL_Current', 'DL_NumberOfPackets']","['DL_BLER', 'DL_MCS', 'DL_NumberOfPackets', 'Estimated_UL_Buffer', 'PRBs_DL_Current', 'PRBs_UL_Current', 'RSRP', 'RX_Bytes', 'TX_Bytes', 'UL_BLER', 'UL_MCS', 'UL_NumberOfPackets', 'UL_SNR']",0.7692307692307693,0.8450083333333318,0.714,0.714,0.05492307692307853,0.714,0.988,0.7216666666666707,0.1665384615384597,0.7205333924864188,1.0,0.7201999999999841,0.2770000000000012,0.7199944460645112,1.0,0.7188000000000007,0.5529230769230804,0.719172461882303,1.0,1,1.0,0.07692307692307693,1.0,1,0.6666666666666666,0.15384615384615385,0.7039180890341347,1,0.6,0.23076923076923078,0.6548086577531307,1,0.7,0.5384615384615384,0.7065632165480471
TelecomTS,C-File-No-No@20501856960:108-331,train,Antenna Failure,4,18,13,"['RSRP', 'RX_Bytes', 'UL_NPRB', 'TX_Bytes', 'UL_SNR', 'Estimated_UL_Buffer', 'PRB_Utilization_UL', 'UL_MCS', 'UL_NumberOfPackets', 'DL_NumberOfPackets', 'DL_Protocol', 'DL_BLER', 'PRBs_DL_Current']","['DL_BLER', 'DL_MCS', 'DL_NumberOfPackets', 'Estimated_UL_Buffer', 'PRBs_DL_Current', 'PRBs_UL_Current', 'RSRP', 'RX_Bytes', 'TX_Bytes', 'UL_BLER', 'UL_MCS', 'UL_NumberOfPackets', 'UL_SNR']",0.7692307692307693,0.8450083333333318,0.714,0.714,0.05492307692307853,0.714,0.988,0.7216666666666707,0.1665384615384597,0.7205333924864188,1.0,0.7201999999999841,0.2770000000000012,0.7199944460645112,1.0,0.7188000000000007,0.5529230769230804,0.719172461882303,1.0,1,1.0,0.07692307692307693,1.0,1,0.6666666666666666,0.15384615384615385,0.7653606369886217,1,0.8,0.3076923076923077,0.830419897363192,1,0.8,0.6153846153846154,0.8165901947515999
TelecomTS,A-Youtube-No-No@17695588128:107-560,train,Buffer Overflow (Gradual Buildup),4,18,10,"['RX_Bytes', 'UL_NPRB', 'UL_SNR', 'RSRP', 'DL_BLER', 'Estimated_UL_Buffer', 'TX_Bytes', 'PRBs_UL_Current', 'UL_BLER', 'DL_Protocol']","['DL_BLER', 'DL_NumberOfPackets', 'Estimated_UL_Buffer', 'PRB_Utilization_DL', 'PRB_Utilization_UL', 'RX_Bytes', 'TX_Bytes', 'UL_BLER', 'UL_NPRB', 'UL_NumberOfPackets']",0.6,0.7371434523809518,0.551,0.551,0.055099999999999004,0.551,0.931,0.5520000000000004,0.1655999999999991,0.5523797861165335,0.995,0.5538999999999975,0.27694999999999875,0.5534391817568889,1.0,0.5545000000000035,0.5545000000000035,0.554077653419929,1.0,1,1.0,0.1,1.0,1,0.6666666666666666,0.2,0.7653606369886217,1,0.6,0.3,0.6843515475204855,1,0.6,0.6,0.6621137423456802
TelecomTS,A-Youtube-No-No@17695588128:602-644,train,Faulty RF Filters (Temporal),4,18,9,"['UL_SNR', 'UL_NPRB', 'RSRP', 'RX_Bytes', 'Estimated_UL_Buffer', 'DL_NumberOfPackets', 'UL_BLER', 'DL_Protocol', 'DL_BLER']","['DL_BLER', 'PRB_Utilization_DL', 'PRB_Utilization_UL', 'RSRP', 'RX_Bytes', 'TX_Bytes', 'UL_BLER', 'UL_NPRB', 'UL_SNR']",0.6666666666666666,0.6975345238095227,0.4985,0.4985,0.05538888888888996,0.4985,0.89,0.5023333333333333,0.16744444444444487,0.5018434994281541,0.983,0.5035,0.27972222222222093,0.5027991789712432,1.0,0.5028499999999998,0.5587222222222222,0.5367345633448264,1.0,1,1.0,0.1111111111111111,1.0,1,1.0,0.3333333333333333,1.0,1,0.8,0.4444444444444444,0.8687949224876582,1,0.6,0.6666666666666666,0.7511984400967531
TelecomTS,A-Youtube-No-No@17695589952:121-202,train,Buffer Overflow (Gradual Buildup),4,18,10,"['RSRP', 'UL_NPRB', 'RX_Bytes', 'Estimated_UL_Buffer', 'DL_BLER', 'UL_SNR', 'TX_Bytes', 'UL_BLER', 'DL_NumberOfPackets', 'DL_Protocol']","['DL_BLER', 'DL_NumberOfPackets', 'Estimated_UL_Buffer', 'PRB_Utilization_DL', 'PRB_Utilization_UL', 'RX_Bytes', 'TX_Bytes', 'UL_BLER', 'UL_NPRB', 'UL_NumberOfPackets']",0.7,0.7371434523809518,0.551,0.551,0.055099999999999004,0.551,0.931,0.5520000000000004,0.1655999999999991,0.5523797861165335,0.995,0.5538999999999975,0.27694999999999875,0.5534391817568889,1.0,0.5545000000000035,0.5545000000000035,0.554077653419929,0.5,0,0.0,0.0,0.0,1,0.6666666666666666,0.2,0.5307212739772434,1,0.8,0.4,0.6608397947263839,1,0.7,0.7,0.6378891765242928
TelecomTS,A-Youtube-No-No@17695589952:297-666,train,Faulty RF Filters (Temporal),4,18,9,"['RSRP', 'UL_NPRB', 'RX_Bytes', 'UL_SNR', 'Estimated_UL_Buffer', 'DL_BLER', 'DL_Protocol', 'UL_BLER', 'DL_NumberOfPackets']","['DL_BLER', 'PRB_Utilization_DL', 'PRB_Utilization_UL', 'RSRP', 'RX_Bytes', 'TX_Bytes', 'UL_BLER', 'UL_NPRB', 'UL_SNR']",0.6666666666666666,0.6975345238095227,0.4985,0.4985,0.05538888888888996,0.4985,0.89,0.5023333333333333,0.16744444444444487,0.5018434994281541,0.983,0.5035,0.27972222222222093,0.5027991789712432,1.0,0.5028499999999998,0.5587222222222222,0.5367345633448264,1.0,1,1.0,0.1111111111111111,1.0,1,1.0,0.3333333333333333,1.0,1,0.8,0.4444444444444444,0.8687949224876582,1,0.6,0.6666666666666666,0.7599676921884454
TelecomTS,A-Youtube-No-No@17695589952:781-964,train,Resource Allocation Bugs,4,18,9,"['UL_NPRB', 'RX_Bytes', 'UL_SNR', 'DL_BLER', 'Estimated_UL_Buffer', 'RSRP', 'PRB_Utilization_UL', 'DL_Protocol', 'UL_BLER']","['DL_BLER', 'PRB_Utilization_DL', 'PRB_Utilization_UL', 'PRBs_DL_Current', 'PRBs_UL_Current', 'RX_Bytes', 'TX_Bytes', 'UL_BLER', 'UL_NPRB']",0.5555555555555556,0.6991071428571424,0.5025,0.5025,0.055833333333334415,0.5025,0.8905,0.4921666666666664,0.1640555555555563,0.4943967053492613,0.985,0.5016000000000004,0.2786666666666652,0.5001650580010075,1.0,0.5022,0.5579999999999997,0.5350928534149747,1.0,1,1.0,0.1111111111111111,1.0,1,0.6666666666666666,0.2222222222222222,0.7653606369886217,1,0.6,0.3333333333333333,0.6992148198508501,1,0.5,0.5555555555555556,0.6336756653895104
TelecomTS,B-Youtube-No-No@18149192640:98-480,train,Buffer Overflow (Gradual Buildup),4,18,10,"['RSRP', 'UL_SNR', 'UL_NPRB', 'RX_Bytes', 'DL_MCS', 'Estimated_UL_Buffer', 'DL_BLER', 'TX_Bytes', 'UL_BLER', 'UL_NumberOfPackets']","['DL_BLER', 'DL_NumberOfPackets', 'Estimated_UL_Buffer', 'PRB_Utilization_DL', 'PRB_Utilization_UL', 'RX_Bytes', 'TX_Bytes', 'UL_BLER', 'UL_NPRB', 'UL_NumberOfPackets']",0.7,0.7371434523809518,0.551,0.551,0.055099999999999004,0.551,0.931,0.5520000000000004,0.1655999999999991,0.5523797861165335,0.995,0.5538999999999975,0.27694999999999875,0.5534391817568889,1.0,0.5545000000000035,0.5545000000000035,0.554077653419929,0.3333333333333333,0,0.0,0.0,0.0,1,0.3333333333333333,0.1,0.23463936301137822,1,0.4,0.2,0.3156484524795145,1,0.7,0.7,0.5559026721867443
TelecomTS,C-Youtube-No-No@19068481728:122-257,train,Buffer Overflow (Gradual Buildup),4,18,10,"['RSRP', 'UL_SNR', 'UL_NPRB', 'RX_Bytes', 'Estimated_UL_Buffer', 'UL_BLER', 'DL_BLER', 'DL_Protocol', 'UL_NumberOfPackets', 'DL_NumberOfPackets']","['DL_BLER', 'DL_NumberOfPackets', 'Estimated_UL_Buffer', 'PRB_Utilization_DL', 'PRB_Utilization_UL', 'RX_Bytes', 'TX_Bytes', 'UL_BLER', 'UL_NPRB', 'UL_NumberOfPackets']",0.7,0.7371434523809518,0.551,0.551,0.055099999999999004,0.551,0.931,0.5520000000000004,0.1655999999999991,0.5523797861165335,0.995,0.5538999999999975,0.27694999999999875,0.5534391817568889,1.0,0.5545000000000035,0.5545000000000035,0.554077653419929,0.3333333333333333,0,0.0,0.0,0.0,1,0.3333333333333333,0.1,0.23463936301137822,1,0.6,0.3,0.4468535299918563,1,0.7,0.7,0.5716145678915879
TelecomTS,C-Youtube-No-No@19068487456:110-314,train,Buffer Overflow (Gradual Buildup),4,18,10,"['RSRP', 'DL_BLER', 'RX_Bytes', 'DL_MCS', 'TX_Bytes', 'PRBs_UL_Current', 'UL_NPRB', 'UL_SNR', 'Estimated_UL_Buffer', 'UL_BLER']","['DL_BLER', 'DL_NumberOfPackets', 'Estimated_UL_Buffer', 'PRB_Utilization_DL', 'PRB_Utilization_UL', 'RX_Bytes', 'TX_Bytes', 'UL_BLER', 'UL_NPRB', 'UL_NumberOfPackets']",0.6,0.7371434523809518,0.551,0.551,0.055099999999999004,0.551,0.931,0.5520000000000004,0.1655999999999991,0.5523797861165335,0.995,0.5538999999999975,0.27694999999999875,0.5534391817568889,1.0,0.5545000000000035,0.5545000000000035,0.554077653419929,0.5,0,0.0,0.0,0.0,1,0.6666666666666666,0.2,0.5307212739772434,1,0.6,0.3,0.5147714448836774,1,0.6,0.6,0.5372903784169164
TelecomTS,C-Youtube-No-No@19068487456:473-594,train,Antenna Failure,4,18,13,"['RSRP', 'DL_BLER', 'DL_MCS', 'UL_NPRB', 'RX_Bytes', 'TX_Bytes', 'Estimated_UL_Buffer', 'UL_BLER', 'PRB_Utilization_UL', 'PRBs_UL_Current', 'PRB_Utilization_DL', 'DL_NumberOfPackets', 'UL_NumberOfPackets']","['DL_BLER', 'DL_MCS', 'DL_NumberOfPackets', 'Estimated_UL_Buffer', 'PRBs_DL_Current', 'PRBs_UL_Current', 'RSRP', 'RX_Bytes', 'TX_Bytes', 'UL_BLER', 'UL_MCS', 'UL_NumberOfPackets', 'UL_SNR']",0.7692307692307693,0.8450083333333318,0.714,0.714,0.05492307692307853,0.714,0.988,0.7216666666666707,0.1665384615384597,0.7205333924864188,1.0,0.7201999999999841,0.2770000000000012,0.7199944460645112,1.0,0.7188000000000007,0.5529230769230804,0.719172461882303,1.0,1,1.0,0.07692307692307693,1.0,1,1.0,0.23076923076923078,1.0,1,0.8,0.3076923076923077,0.8539316501572937,1,0.8,0.6153846153846154,0.8389574121760602
TelecomTS,B-Twitch-No-No@19606755008:98-649,train,Buffer Overflow (Gradual Buildup),4,18,10,"['UL_NPRB', 'RSRP', 'RX_Bytes', 'UL_BLER', 'UL_MCS', 'PRB_Utilization_DL', 'TX_Bytes', 'DL_BLER', 'UL_SNR', 'Estimated_UL_Buffer']","['DL_BLER', 'DL_NumberOfPackets', 'Estimated_UL_Buffer', 'PRB_Utilization_DL', 'PRB_Utilization_UL', 'RX_Bytes', 'TX_Bytes', 'UL_BLER', 'UL_NPRB', 'UL_NumberOfPackets']",0.7,0.7371434523809518,0.551,0.551,0.055099999999999004,0.551,0.931,0.5520000000000004,0.1655999999999991,0.5523797861165335,0.995,0.5538999999999975,0.27694999999999875,0.5534391817568889,1.0,0.5545000000000035,0.5545000000000035,0.554077653419929,1.0,1,1.0,0.1,1.0,1,0.6666666666666666,0.2,0.7039180890341347,1,0.6,0.3,0.6548086577531307,1,0.7,0.7,0.7097402150304354
TelecomTS,A-Youtube-No-No@17695586816:118-180,train,Co-Channel Interference (Mild),4,18,9,"['UL_NPRB', 'RSRP', 'RX_Bytes', 'DL_NumberOfPackets', 'DL_BLER', 'UL_SNR', 'Estimated_UL_Buffer', 'DL_Protocol', 'UL_BLER']","['DL_BLER', 'PRB_Utilization_DL', 'PRB_Utilization_UL', 'RSRP', 'RX_Bytes', 'TX_Bytes', 'UL_BLER', 'UL_NPRB', 'UL_SNR']",0.6666666666666666,0.6975345238095227,0.4985,0.4985,0.05538888888888996,0.4985,0.89,0.5023333333333333,0.16744444444444487,0.5018434994281541,0.983,0.5035,0.27972222222222093,0.5027991789712432,1.0,0.5028499999999998,0.5587222222222222,0.5367345633448264,1.0,1,1.0,0.1111111111111111,1.0,1,1.0,0.3333333333333333,1.0,1,0.8,0.4444444444444444,0.8539316501572937,1,0.7,0.7777777777777778,0.8142176609494209
TelecomTS,A-Youtube-No-No@17695589472:110-302,train,Co-Channel Interference (Mild),4,18,9,"['DL_NumberOfPackets', 'UL_NPRB', 'RX_Bytes', 'TX_Bytes', 'RSRP', 'Estimated_UL_Buffer', 'PRBs_UL_Current', 'DL_BLER', 'UL_BLER']","['DL_BLER', 'PRB_Utilization_DL', 'PRB_Utilization_UL', 'RSRP', 'RX_Bytes', 'TX_Bytes', 'UL_BLER', 'UL_NPRB', 'UL_SNR']",0.6666666666666666,0.6975345238095227,0.4985,0.4985,0.05538888888888996,0.4985,0.89,0.5023333333333333,0.16744444444444487,0.5018434994281541,0.983,0.5035,0.27972222222222093,0.5027991789712432,1.0,0.5028499999999998,0.5587222222222222,0.5367345633448264,0.5,0,0.0,0.0,0.0,1,0.6666666666666666,0.2222222222222222,0.5307212739772434,1,0.8,0.4444444444444444,0.6608397947263839,1,0.6,0.6666666666666666,0.602881020114826
TelecomTS,C-Youtube-No-No@19068482144:118-518,train,Co-Channel Interference (Mild),4,18,9,"['RSRP', 'UL_NPRB', 'UL_SNR', 'RX_Bytes', 'DL_BLER', 'Estimated_UL_Buffer', 'UL_BLER', 'PRBs_UL_Current', 'PRB_Utilization_UL']","['DL_BLER', 'PRB_Utilization_DL', 'PRB_Utilization_UL', 'RSRP', 'RX_Bytes', 'TX_Bytes', 'UL_BLER', 'UL_NPRB', 'UL_SNR']",0.7777777777777778,0.6975345238095227,0.4985,0.4985,0.05538888888888996,0.4985,0.89,0.5023333333333333,0.16744444444444487,0.5018434994281541,0.983,0.5035,0.27972222222222093,0.5027991789712432,1.0,0.5028499999999998,0.5587222222222222,0.5367345633448264,1.0,1,1.0,0.1111111111111111,1.0,1,1.0,0.3333333333333333,1.0,1,1.0,0.5555555555555556,1.0,1,0.7,0.7777777777777778,0.8421264707157319
TelecomTS,C-Youtube-No-No@19068482144:680-716,train,Co-Channel Interference (Mild),4,18,9,"['UL_SNR', 'RSRP', 'UL_NPRB', 'RX_Bytes', 'DL_BLER', 'Estimated_UL_Buffer', 'TX_Bytes', 'UL_BLER', 'UL_NumberOfPackets']","['DL_BLER', 'PRB_Utilization_DL', 'PRB_Utilization_UL', 'RSRP', 'RX_Bytes', 'TX_Bytes', 'UL_BLER', 'UL_NPRB', 'UL_SNR']",0.7777777777777778,0.6975345238095227,0.4985,0.4985,0.05538888888888996,0.4985,0.89,0.5023333333333333,0.16744444444444487,0.5018434994281541,0.983,0.5035,0.27972222222222093,0.5027991789712432,1.0,0.5028499999999998,0.5587222222222222,0.5367345633448264,1.0,1,1.0,0.1111111111111111,1.0,1,1.0,0.3333333333333333,1.0,1,1.0,0.5555555555555556,1.0,1,0.7,0.7777777777777778,0.8455193252797258
TelecomTS,A-Youtube-No-No@17695584000:43-479,train,Co-Channel Interference (Severe),4,18,11,"['UL_NPRB', 'RSRP', 'Estimated_UL_Buffer', 'RX_Bytes', 'DL_BLER', 'UL_SNR', 'DL_NumberOfPackets', 'TX_Bytes', 'UL_BLER', 'DL_Protocol', 'UL_NumberOfPackets']","['DL_BLER', 'DL_NumberOfPackets', 'PRB_Utilization_DL', 'PRB_Utilization_UL', 'RSRP', 'RX_Bytes', 'TX_Bytes', 'UL_BLER', 'UL_NPRB', 'UL_NumberOfPackets', 'UL_SNR']",0.8181818181818182,0.7744184523809514,0.6045,0.6045,0.054954545454546505,0.6045,0.954,0.6103333333333343,0.1664545454545456,0.609988646181676,0.996,0.6110999999999946,0.2777727272727248,0.6106119436872607,1.0,0.6126000000000039,0.5569090909090899,0.611822780547099,1.0,1,1.0,0.09090909090909091,1.0,1,0.6666666666666666,0.18181818181818182,0.7653606369886217,1,0.8,0.36363636363636365,0.830419897363192,1,0.8,0.7272727272727273,0.8263333286520083
TelecomTS,A-Youtube-No-No@17695585568:115-346,train,Co-Channel Interference (Severe),4,18,11,"['UL_NPRB', 'RSRP', 'RX_Bytes', 'UL_SNR', 'DL_BLER', 'PRB_Utilization_DL', 'Estimated_UL_Buffer', 'DL_Protocol', 'DL_NumberOfPackets', 'UL_BLER', 'UL_NumberOfPackets']","['DL_BLER', 'DL_NumberOfPackets', 'PRB_Utilization_DL', 'PRB_Utilization_UL', 'RSRP', 'RX_Bytes', 'TX_Bytes', 'UL_BLER', 'UL_NPRB', 'UL_NumberOfPackets', 'UL_SNR']",0.8181818181818182,0.7744184523809514,0.6045,0.6045,0.054954545454546505,0.6045,0.954,0.6103333333333343,0.1664545454545456,0.609988646181676,0.996,0.6110999999999946,0.2777727272727248,0.6106119436872607,1.0,0.6126000000000039,0.5569090909090899,0.611822780547099,1.0,1,1.0,0.09090909090909091,1.0,1,1.0,0.2727272727272727,1.0,1,1.0,0.45454545454545453,1.0,1,0.8,0.7272727272727273,0.8572048559638628
TelecomTS,A-Twitch-No-No@17883077216:99-226,train,Co-Channel Interference (Severe),4,18,11,"['RSRP', 'UL_NPRB', 'DL_BLER', 'RX_Bytes', 'UL_MCS', 'UL_NumberOfPackets', 'UL_SNR', 'TX_Bytes', 'DL_NumberOfPackets', 'DL_Protocol', 'UL_BLER']","['DL_BLER', 'DL_NumberOfPackets', 'PRB_Utilization_DL', 'PRB_Utilization_UL', 'RSRP', 'RX_Bytes', 'TX_Bytes', 'UL_BLER', 'UL_NPRB', 'UL_NumberOfPackets', 'UL_SNR']",0.8181818181818182,0.7744184523809514,0.6045,0.6045,0.054954545454546505,0.6045,0.954,0.6103333333333343,0.1664545454545456,0.609988646181676,0.996,0.6110999999999946,0.2777727272727248,0.6106119436872607,1.0,0.6126000000000039,0.5569090909090899,0.611822780547099,1.0,1,1.0,0.09090909090909091,1.0,1,1.0,0.2727272727272727,1.0,1,0.8,0.36363636363636365,0.8687949224876582,1,0.8,0.7272727272727273,0.8512360941594274
TelecomTS,A-Youtube-No-No@17695591904:97-571,train,Doppler Shift (Severe),4,18,7,"['RSRP', 'UL_NPRB', 'UL_SNR', 'RX_Bytes', 'Estimated_UL_Buffer', 'DL_BLER', 'DL_Protocol']","['DL_MCS', 'RSRP', 'RX_Bytes', 'TX_Bytes', 'UL_MCS', 'UL_NPRB', 'UL_SNR']",0.5714285714285714,0.6184625180375185,0.4,0.4,0.057142857142856725,0.4,0.807,0.4025000000000016,0.17250000000000065,0.40191340159247285,0.9495,0.39709999999999984,0.28364285714286064,0.3984591962889263,0.9995,0.39134999999999487,0.5590714285714266,0.4921559961131963,1.0,1,1.0,0.14285714285714285,1.0,1,1.0,0.42857142857142855,1.0,1,0.8,0.5714285714285714,0.8687949224876582,1,0.4,0.5714285714285714,0.7041249493150387
TelecomTS,A-Youtube-No-No@17695591904:714-1399,train,Co-Channel Interference (Severe),4,18,11,"['UL_NPRB', 'RSRP', 'DL_NumberOfPackets', 'RX_Bytes', 'UL_SNR', 'Estimated_UL_Buffer', 'DL_BLER', 'UL_BLER', 'DL_Protocol', 'UL_NumberOfPackets', 'PRBs_DL_Current']","['DL_BLER', 'DL_NumberOfPackets', 'PRB_Utilization_DL', 'PRB_Utilization_UL', 'RSRP', 'RX_Bytes', 'TX_Bytes', 'UL_BLER', 'UL_NPRB', 'UL_NumberOfPackets', 'UL_SNR']",0.7272727272727273,0.7744184523809514,0.6045,0.6045,0.054954545454546505,0.6045,0.954,0.6103333333333343,0.1664545454545456,0.609988646181676,0.996,0.6110999999999946,0.2777727272727248,0.6106119436872607,1.0,0.6126000000000039,0.5569090909090899,0.611822780547099,1.0,1,1.0,0.09090909090909091,1.0,1,1.0,0.2727272727272727,1.0,1,1.0,0.45454545454545453,1.0,1,0.8,0.7272727272727273,0.8553475075669357
TelecomTS,A-Youtube-No-No@17695591904:1495-1532,train,Faulty Handover Algorithm (Too Frequent),4,18,9,"['UL_SNR', 'RX_Bytes', 'RSRP', 'UL_NPRB', 'DL_MCS', 'DL_BLER', 'Estimated_UL_Buffer', 'UL_BLER', 'PRBs_UL_Current']","['DL_BLER', 'DL_NumberOfPackets', 'Estimated_UL_Buffer', 'RSRP', 'RX_Bytes', 'TX_Bytes', 'UL_BLER', 'UL_NumberOfPackets', 'UL_SNR']",0.6666666666666666,0.692497817460317,0.487,0.487,0.054111111111112144,0.487,0.8985,0.5011666666666668,0.16705555555555612,0.4987540068186642,0.9865,0.4957000000000003,0.2753888888888873,0.49579706577221117,1.0,0.49674999999999947,0.5519444444444433,0.5303684597568398,1.0,1,1.0,0.1111111111111111,1.0,1,1.0,0.3333333333333333,1.0,1,0.6,0.3333333333333333,0.7227265726449519,1,0.7,0.7777777777777778,0.8050310013659311
TelecomTS,B-Twitch-No-No@19606752128:117-340,train,Doppler Shift (Severe),4,18,7,"['UL_NPRB', 'RSRP', 'RX_Bytes', 'PRB_Utilization_DL', 'UL_NumberOfPackets', 'TX_Bytes', 'DL_Protocol']","['DL_MCS', 'RSRP', 'RX_Bytes', 'TX_Bytes', 'UL_MCS', 'UL_NPRB', 'UL_SNR']",0.5714285714285714,0.6184625180375185,0.4,0.4,0.057142857142856725,0.4,0.807,0.4025000000000016,0.17250000000000065,0.40191340159247285,0.9495,0.39709999999999984,0.28364285714286064,0.3984591962889263,0.9995,0.39134999999999487,0.5590714285714266,0.4921559961131963,1.0,1,1.0,0.14285714285714285,1.0,1,1.0,0.42857142857142855,1.0,1,0.6,0.42857142857142855,0.7227265726449519,1,0.5,0.7142857142857143,0.7631121611424111
TelecomTS,B-Twitch-No-No@19606756000:122-266,train,Doppler Shift (Severe),4,18,7,"['UL_NPRB', 'RSRP', 'RX_Bytes', 'UL_SNR', 'UL_MCS', 'TX_Bytes', 'DL_BLER']","['DL_MCS', 'RSRP', 'RX_Bytes', 'TX_Bytes', 'UL_MCS', 'UL_NPRB', 'UL_SNR']",0.8571428571428571,0.6184625180375185,0.4,0.4,0.057142857142856725,0.4,0.807,0.4025000000000016,0.17250000000000065,0.40191340159247285,0.9495,0.39709999999999984,0.28364285714286064,0.3984591962889263,0.9995,0.39134999999999487,0.5590714285714266,0.4921559961131963,1.0,1,1.0,0.14285714285714285,1.0,1,1.0,0.42857142857142855,1.0,1,1.0,0.7142857142857143,1.0,1,0.6,0.8571428571428571,0.9083745556952364
TelecomTS,C-File-No-No@20501857504:118-181,train,Doppler Shift (Severe),4,18,7,"['UL_BLER', 'RSRP', 'PRB_Utilization_UL', 'UL_NumberOfPackets', 'UL_NPRB', 'RX_Bytes', 'UL_SNR']","['DL_MCS', 'RSRP', 'RX_Bytes', 'TX_Bytes', 'UL_MCS', 'UL_NPRB', 'UL_SNR']",0.5714285714285714,0.6184625180375185,0.4,0.4,0.057142857142856725,0.4,0.807,0.4025000000000016,0.17250000000000065,0.40191340159247285,0.9495,0.39709999999999984,0.28364285714286064,0.3984591962889263,0.9995,0.39134999999999487,0.5590714285714266,0.4921559961131963,0.5,0,0.0,0.0,0.0,1,0.3333333333333333,0.14285714285714285,0.2960819109658652,1,0.4,0.2857142857142857,0.34519134224686937,1,0.5,0.7142857142857143,0.5487597871059681
TelecomTS,A-Youtube-No-No@17695591328:125-134,train,Faulty Handover Algorithm (Too Frequent),4,18,9,"['UL_SNR', 'RSRP', 'DL_BLER', 'UL_NPRB', 'RX_Bytes', 'Estimated_UL_Buffer', 'PRB_Utilization_DL', 'UL_BLER', 'TX_Bytes']","['DL_BLER', 'DL_NumberOfPackets', 'Estimated_UL_Buffer', 'RSRP', 'RX_Bytes', 'TX_Bytes', 'UL_BLER', 'UL_NumberOfPackets', 'UL_SNR']",0.7777777777777778,0.692497817460317,0.487,0.487,0.054111111111112144,0.487,0.8985,0.5011666666666668,0.16705555555555612,0.4987540068186642,0.9865,0.4957000000000003,0.2753888888888873,0.49579706577221117,1.0,0.49674999999999947,0.5519444444444433,0.5303684597568398,1.0,1,1.0,0.1111111111111111,1.0,1,1.0,0.3333333333333333,1.0,1,0.8,0.4444444444444444,0.8539316501572937,1,0.7,0.7777777777777778,0.8204228753162047
TelecomTS,B-Twitch-No-No@19606753888:115-369,train,Faulty Handover Algorithm (Too Frequent),4,18,9,"['UL_NPRB', 'RX_Bytes', 'RSRP', 'UL_SNR', 'DL_BLER', 'PRB_Utilization_DL', 'TX_Bytes', 'Estimated_UL_Buffer', 'UL_NumberOfPackets']","['DL_BLER', 'DL_NumberOfPackets', 'Estimated_UL_Buffer', 'RSRP', 'RX_Bytes', 'TX_Bytes', 'UL_BLER', 'UL_NumberOfPackets', 'UL_SNR']",0.7777777777777778,0.692497817460317,0.487,0.487,0.054111111111112144,0.487,0.8985,0.5011666666666668,0.16705555555555612,0.4987540068186642,0.9865,0.4957000000000003,0.2753888888888873,0.49579706577221117,1.0,0.49674999999999947,0.5519444444444433,0.5303684597568398,0.5,0,0.0,0.0,0.0,1,0.6666666666666666,0.2222222222222222,0.5307212739772434,1,0.8,0.4444444444444444,0.6608397947263839,1,0.7,0.7777777777777778,0.6812295365863211
TelecomTS,B-Twitch-No-No@19606753888:388-479,train,Doppler Shift (Severe),4,18,7,"['UL_BLER', 'UL_NPRB', 'RSRP', 'RX_Bytes', 'UL_SNR', 'TX_Bytes', 'Estimated_UL_Buffer']","['DL_MCS', 'RSRP', 'RX_Bytes', 'TX_Bytes', 'UL_MCS', 'UL_NPRB', 'UL_SNR']",0.7142857142857143,0.6184625180375185,0.4,0.4,0.057142857142856725,0.4,0.807,0.4025000000000016,0.17250000000000065,0.40191340159247285,0.9495,0.39709999999999984,0.28364285714286064,0.3984591962889263,0.9995,0.39134999999999487,0.5590714285714266,0.4921559961131963,0.5,0,0.0,0.0,0.0,1,0.6666666666666666,0.2857142857142857,0.5307212739772434,1,0.8,0.5714285714285714,0.6608397947263839,1,0.6,0.8571428571428571,0.712955302213713
TelecomTS,B-Twitch-No-No@19606756896:100-215,train,Faulty Handover Algorithm (Too Frequent),4,18,9,"['RSRP', 'RX_Bytes', 'UL_NPRB', 'UL_MCS', 'UL_SNR', 'UL_NumberOfPackets', 'DL_BLER', 'UL_BLER', 'PRB_Utilization_DL']","['DL_BLER', 'DL_NumberOfPackets', 'Estimated_UL_Buffer', 'RSRP', 'RX_Bytes', 'TX_Bytes', 'UL_BLER', 'UL_NumberOfPackets', 'UL_SNR']",0.6666666666666666,0.692497817460317,0.487,0.487,0.054111111111112144,0.487,0.8985,0.5011666666666668,0.16705555555555612,0.4987540068186642,0.9865,0.4957000000000003,0.2753888888888873,0.49579706577221117,1.0,0.49674999999999947,0.5519444444444433,0.5303684597568398,1.0,1,1.0,0.1111111111111111,1.0,1,0.6666666666666666,0.2222222222222222,0.7653606369886217,1,0.6,0.3333333333333333,0.6843515475204855,1,0.6,0.6666666666666666,0.7104928563593765
TelecomTS,A-Twitch-No-No@17883079488:111-272,train,Faulty RF Filters (Temporal),4,18,9,"['RSRP', 'UL_SNR', 'Estimated_UL_Buffer', 'RX_Bytes', 'UL_NPRB', 'UL_BLER', 'UL_MCS', 'DL_BLER', 'UL_NumberOfPackets']","['DL_BLER', 'PRB_Utilization_DL', 'PRB_Utilization_UL', 'RSRP', 'RX_Bytes', 'TX_Bytes', 'UL_BLER', 'UL_NPRB', 'UL_SNR']",0.6666666666666666,0.6975345238095227,0.4985,0.4985,0.05538888888888996,0.4985,0.89,0.5023333333333333,0.16744444444444487,0.5018434994281541,0.983,0.5035,0.27972222222222093,0.5027991789712432,1.0,0.5028499999999998,0.5587222222222222,0.5367345633448264,1.0,1,1.0,0.1111111111111111,1.0,1,0.6666666666666666,0.2222222222222222,0.7653606369886217,1,0.8,0.4444444444444444,0.830419897363192,1,0.7,0.7777777777777778,0.8013163490184724
TelecomTS,B-Twitch-No-No@19606758688:123-275,train,Faulty RF Filters (Temporal),4,18,9,"['UL_NPRB', 'RSRP', 'RX_Bytes', 'UL_SNR', 'UL_MCS', 'DL_BLER', 'TX_Bytes', 'PRB_Utilization_DL', 'DL_Protocol']","['DL_BLER', 'PRB_Utilization_DL', 'PRB_Utilization_UL', 'RSRP', 'RX_Bytes', 'TX_Bytes', 'UL_BLER', 'UL_NPRB', 'UL_SNR']",0.7777777777777778,0.6975345238095227,0.4985,0.4985,0.05538888888888996,0.4985,0.89,0.5023333333333333,0.16744444444444487,0.5018434994281541,0.983,0.5035,0.27972222222222093,0.5027991789712432,1.0,0.5028499999999998,0.5587222222222222,0.5367345633448264,1.0,1,1.0,0.1111111111111111,1.0,1,1.0,0.3333333333333333,1.0,1,0.8,0.4444444444444444,0.8687949224876582,1,0.7,0.7777777777777778,0.8383162086599405
TelecomTS,C-File-No-No@20501858816:118-388,train,Faulty RF Filters (Temporal),4,18,9,"['UL_SNR', 'RSRP', 'UL_NPRB', 'RX_Bytes', 'UL_BLER', 'PRB_Utilization_UL', 'DL_BLER', 'PRB_Utilization_DL', 'TX_Bytes']","['DL_BLER', 'PRB_Utilization_DL', 'PRB_Utilization_UL', 'RSRP', 'RX_Bytes', 'TX_Bytes', 'UL_BLER', 'UL_NPRB', 'UL_SNR']",1.0,0.6975345238095227,0.4985,0.4985,0.05538888888888996,0.4985,0.89,0.5023333333333333,0.16744444444444487,0.5018434994281541,0.983,0.5035,0.27972222222222093,0.5027991789712432,1.0,0.5028499999999998,0.5587222222222222,0.5367345633448264,1.0,1,1.0,0.1111111111111111,1.0,1,1.0,0.3333333333333333,1.0,1,1.0,0.5555555555555556,1.0,1,0.9,1.0,1.0
TelecomTS,B-File-No-No@20798208672:106-545,train,Faulty RF Filters (Temporal),4,18,9,"['RX_Bytes', 'TX_Bytes', 'UL_SNR', 'RSRP', 'UL_NPRB', 'DL_NumberOfPackets', 'DL_BLER', 'UL_NumberOfPackets', 'Estimated_UL_Buffer']","['DL_BLER', 'PRB_Utilization_DL', 'PRB_Utilization_UL', 'RSRP', 'RX_Bytes', 'TX_Bytes', 'UL_BLER', 'UL_NPRB', 'UL_SNR']",0.6666666666666666,0.6975345238095227,0.4985,0.4985,0.05538888888888996,0.4985,0.89,0.5023333333333333,0.16744444444444487,0.5018434994281541,0.983,0.5035,0.27972222222222093,0.5027991789712432,1.0,0.5028499999999998,0.5587222222222222,0.5367345633448264,1.0,1,1.0,0.1111111111111111,1.0,1,1.0,0.3333333333333333,1.0,1,1.0,0.5555555555555556,1.0,1,0.6,0.6666666666666666,0.7713707099946513
TelecomTS,B-File-No-No@20798208672:641-857,train,Resource Allocation Bugs,4,18,9,"['RX_Bytes', 'RSRP', 'UL_SNR', 'TX_Bytes', 'UL_NPRB', 'DL_NumberOfPackets', 'UL_NumberOfPackets', 'UL_MCS', 'PRB_Utilization_UL']","['DL_BLER', 'PRB_Utilization_DL', 'PRB_Utilization_UL', 'PRBs_DL_Current', 'PRBs_UL_Current', 'RX_Bytes', 'TX_Bytes', 'UL_BLER', 'UL_NPRB']",0.4444444444444444,0.6991071428571424,0.5025,0.5025,0.055833333333334415,0.5025,0.8905,0.4921666666666664,0.1640555555555563,0.4943967053492613,0.985,0.5016000000000004,0.2786666666666652,0.5001650580010075,1.0,0.5022,0.5579999999999997,0.5350928534149747,1.0,1,1.0,0.1111111111111111,1.0,1,0.3333333333333333,0.1111111111111111,0.46927872602275644,1,0.6,0.3333333333333333,0.6164336326286644,1,0.4,0.4444444444444444,0.497957948966845
TelecomTS,B-File-No-No@20798208672:967-1498,train,Co-Channel Interference (Severe),4,18,11,"['RX_Bytes', 'UL_SNR', 'TX_Bytes', 'RSRP', 'UL_NPRB', 'DL_NumberOfPackets', 'UL_BLER', 'UL_MCS', 'DL_BLER', 'Estimated_UL_Buffer', 'PRB_Utilization_UL']","['DL_BLER', 'DL_NumberOfPackets', 'PRB_Utilization_DL', 'PRB_Utilization_UL', 'RSRP', 'RX_Bytes', 'TX_Bytes', 'UL_BLER', 'UL_NPRB', 'UL_NumberOfPackets', 'UL_SNR']",0.8181818181818182,0.7744184523809514,0.6045,0.6045,0.054954545454546505,0.6045,0.954,0.6103333333333343,0.1664545454545456,0.609988646181676,0.996,0.6110999999999946,0.2777727272727248,0.6106119436872607,1.0,0.6126000000000039,0.5569090909090899,0.611822780547099,1.0,1,1.0,0.09090909090909091,1.0,1,1.0,0.2727272727272727,1.0,1,1.0,0.45454545454545453,1.0,1,0.8,0.7272727272727273,0.866947989864271
TelecomTS,B-File-No-No@20798208672:1650-1781,train,Resource Allocation Bugs,4,18,9,"['UL_SNR', 'RSRP', 'RX_Bytes', 'PRB_Utilization_DL', 'UL_NPRB', 'TX_Bytes', 'DL_BLER', 'Estimated_UL_Buffer', 'PRB_Utilization_UL']","['DL_BLER', 'PRB_Utilization_DL', 'PRB_Utilization_UL', 'PRBs_DL_Current', 'PRBs_UL_Current', 'RX_Bytes', 'TX_Bytes', 'UL_BLER', 'UL_NPRB']",0.6666666666666666,0.6991071428571424,0.5025,0.5025,0.055833333333334415,0.5025,0.8905,0.4921666666666664,0.1640555555555563,0.4943967053492613,0.985,0.5016000000000004,0.2786666666666652,0.5001650580010075,1.0,0.5022,0.5579999999999997,0.5350928534149747,0.3333333333333333,0,0.0,0.0,0.0,1,0.3333333333333333,0.1111111111111111,0.23463936301137822,1,0.6,0.3333333333333333,0.4468535299918563,1,0.6,0.6666666666666666,0.5425086047302909
TelecomTS,B-File-No-No@20798208672:1912-1987,train,Faulty Handover Algorithm (Too Frequent),4,18,9,"['UL_SNR', 'RSRP', 'RX_Bytes', 'PRB_Utilization_DL', 'UL_NPRB', 'TX_Bytes', 'UL_BLER', 'DL_BLER', 'Estimated_UL_Buffer']","['DL_BLER', 'DL_NumberOfPackets', 'Estimated_UL_Buffer', 'RSRP', 'RX_Bytes', 'TX_Bytes', 'UL_BLER', 'UL_NumberOfPackets', 'UL_SNR']",0.7777777777777778,0.692497817460317,0.487,0.487,0.054111111111112144,0.487,0.8985,0.5011666666666668,0.16705555555555612,0.4987540068186642,0.9865,0.4957000000000003,0.2753888888888873,0.49579706577221117,1.0,0.49674999999999947,0.5519444444444433,0.5303684597568398,1.0,1,1.0,0.1111111111111111,1.0,1,1.0,0.3333333333333333,1.0,1,0.6,0.3333333333333333,0.7227265726449519,1,0.7,0.7777777777777778,0.807843361168721
TelecomTS,B-Youtube-No-No@18149184128:116-154,train,High Network Congestion (Gradual Buildup),4,18,10,"['UL_SNR', 'RSRP', 'UL_NPRB', 'RX_Bytes', 'DL_BLER', 'Estimated_UL_Buffer', 'UL_BLER', 'UL_NumberOfPackets', 'DL_Protocol', 'DL_NumberOfPackets']","['DL_BLER', 'DL_NumberOfPackets', 'Estimated_UL_Buffer', 'PRB_Utilization_DL', 'PRB_Utilization_UL', 'RX_Bytes', 'TX_Bytes', 'UL_BLER', 'UL_NPRB', 'UL_NumberOfPackets']",0.7,0.7371434523809518,0.551,0.551,0.055099999999999004,0.551,0.931,0.5520000000000004,0.1655999999999991,0.5523797861165335,0.995,0.5538999999999975,0.27694999999999875,0.5534391817568889,1.0,0.5545000000000035,0.5545000000000035,0.554077653419929,0.3333333333333333,0,0.0,0.0,0.0,1,0.3333333333333333,0.1,0.23463936301137822,1,0.6,0.3,0.4468535299918563,1,0.7,0.7,0.5747915663739762
TelecomTS,B-Youtube-No-No@18149184128:247-343,train,Co-Channel Interference (Mild),4,18,9,"['RX_Bytes', 'UL_NPRB', 'RSRP', 'Estimated_UL_Buffer', 'DL_BLER', 'UL_BLER', 'PRB_Utilization_UL', 'TX_Bytes', 'UL_SNR']","['DL_BLER', 'PRB_Utilization_DL', 'PRB_Utilization_UL', 'RSRP', 'RX_Bytes', 'TX_Bytes', 'UL_BLER', 'UL_NPRB', 'UL_SNR']",0.8888888888888888,0.6975345238095227,0.4985,0.4985,0.05538888888888996,0.4985,0.89,0.5023333333333333,0.16744444444444487,0.5018434994281541,0.983,0.5035,0.27972222222222093,0.5027991789712432,1.0,0.5028499999999998,0.5587222222222222,0.5367345633448264,1.0,1,1.0,0.1111111111111111,1.0,1,1.0,0.3333333333333333,1.0,1,0.8,0.4444444444444444,0.8539316501572937,1,0.8,0.8888888888888888,0.8987713917876998
TelecomTS,B-Youtube-No-No@18149184128:417-418,train,Faulty Handover Algorithm (Too Frequent),4,18,9,"['RSRP', 'UL_NPRB', 'UL_SNR', 'RX_Bytes', 'UL_NumberOfPackets', 'Estimated_UL_Buffer', 'DL_BLER', 'UL_BLER', 'TX_Bytes']","['DL_BLER', 'DL_NumberOfPackets', 'Estimated_UL_Buffer', 'RSRP', 'RX_Bytes', 'TX_Bytes', 'UL_BLER', 'UL_NumberOfPackets', 'UL_SNR']",0.8888888888888888,0.692497817460317,0.487,0.487,0.054111111111112144,0.487,0.8985,0.5011666666666668,0.16705555555555612,0.4987540068186642,0.9865,0.4957000000000003,0.2753888888888873,0.49579706577221117,1.0,0.49674999999999947,0.5519444444444433,0.5303684597568398,1.0,1,1.0,0.1111111111111111,1.0,1,0.6666666666666666,0.2222222222222222,0.7039180890341347,1,0.8,0.4444444444444444,0.7860137352654724,1,0.9,1.0,0.9196461703481416
TelecomTS,B-Youtube-No-No@18149185120:111-174,train,High Network Congestion (Gradual Buildup),4,18,10,"['RSRP', 'UL_SNR', 'UL_NPRB', 'RX_Bytes', 'DL_BLER', 'Estimated_UL_Buffer', 'UL_BLER', 'UL_NumberOfPackets', 'DL_Protocol', 'DL_NumberOfPackets']","['DL_BLER', 'DL_NumberOfPackets', 'Estimated_UL_Buffer', 'PRB_Utilization_DL', 'PRB_Utilization_UL', 'RX_Bytes', 'TX_Bytes', 'UL_BLER', 'UL_NPRB', 'UL_NumberOfPackets']",0.7,0.7371434523809518,0.551,0.551,0.055099999999999004,0.551,0.931,0.5520000000000004,0.1655999999999991,0.5523797861165335,0.995,0.5538999999999975,0.27694999999999875,0.5534391817568889,1.0,0.5545000000000035,0.5545000000000035,0.554077653419929,0.3333333333333333,0,0.0,0.0,0.0,1,0.3333333333333333,0.1,0.23463936301137822,1,0.6,0.3,0.4468535299918563,1,0.7,0.7,0.5747915663739762
TelecomTS,B-Youtube-No-No@18149187648:115-767,train,High Network Congestion (Gradual Buildup),4,18,10,"['RSRP', 'UL_NPRB', 'RX_Bytes', 'UL_SNR', 'PRB_Utilization_UL', 'Estimated_UL_Buffer', 'DL_BLER', 'UL_BLER', 'DL_Protocol', 'UL_NumberOfPackets']","['DL_BLER', 'DL_NumberOfPackets', 'Estimated_UL_Buffer', 'PRB_Utilization_DL', 'PRB_Utilization_UL', 'RX_Bytes', 'TX_Bytes', 'UL_BLER', 'UL_NPRB', 'UL_NumberOfPackets']",0.7,0.7371434523809518,0.551,0.551,0.055099999999999004,0.551,0.931,0.5520000000000004,0.1655999999999991,0.5523797861165335,0.995,0.5538999999999975,0.27694999999999875,0.5534391817568889,1.0,0.5545000000000035,0.5545000000000035,0.554077653419929,0.5,0,0.0,0.0,0.0,1,0.6666666666666666,0.2,0.5307212739772434,1,0.6,0.3,0.5147714448836774,1,0.7,0.7,0.6188656458779801
TelecomTS,B-Youtube-No-No@18149187648:791-839,train,Antenna Failure,4,18,13,"['RX_Bytes', 'UL_NPRB', 'PRB_Utilization_UL', 'RSRP', 'UL_NumberOfPackets', 'DL_BLER', 'TX_Bytes', 'Estimated_UL_Buffer', 'UL_SNR', 'UL_BLER', 'DL_NumberOfPackets', 'PRB_Utilization_DL', 'UL_Protocol']","['DL_BLER', 'DL_MCS', 'DL_NumberOfPackets', 'Estimated_UL_Buffer', 'PRBs_DL_Current', 'PRBs_UL_Current', 'RSRP', 'RX_Bytes', 'TX_Bytes', 'UL_BLER', 'UL_MCS', 'UL_NumberOfPackets', 'UL_SNR']",0.6923076923076923,0.8450083333333318,0.714,0.714,0.05492307692307853,0.714,0.988,0.7216666666666707,0.1665384615384597,0.7205333924864188,1.0,0.7201999999999841,0.2770000000000012,0.7199944460645112,1.0,0.7188000000000007,0.5529230769230804,0.719172461882303,1.0,1,1.0,0.07692307692307693,1.0,1,0.3333333333333333,0.07692307692307693,0.46927872602275644,1,0.6,0.23076923076923078,0.6164336326286644,1,0.8,0.6153846153846154,0.7510916729774053
TelecomTS,C-Youtube-No-No@19068480032:106-316,train,High Network Congestion (Gradual Buildup),4,18,10,"['RSRP', 'UL_NPRB', 'UL_SNR', 'Estimated_UL_Buffer', 'RX_Bytes', 'DL_BLER', 'UL_BLER', 'DL_Protocol', 'UL_NumberOfPackets', 'DL_NumberOfPackets']","['DL_BLER', 'DL_NumberOfPackets', 'Estimated_UL_Buffer', 'PRB_Utilization_DL', 'PRB_Utilization_UL', 'RX_Bytes', 'TX_Bytes', 'UL_BLER', 'UL_NPRB', 'UL_NumberOfPackets']",0.7,0.7371434523809518,0.551,0.551,0.055099999999999004,0.551,0.931,0.5520000000000004,0.1655999999999991,0.5523797861165335,0.995,0.5538999999999975,0.27694999999999875,0.5534391817568889,1.0,0.5545000000000035,0.5545000000000035,0.554077653419929,0.5,0,0.0,0.0,0.0,1,0.3333333333333333,0.1,0.2960819109658652,1,0.6,0.3,0.4912596920895758,1,0.7,0.7,0.6004311286161025
TelecomTS,A-Twitch-No-No@17883072768:121-320,train,High Network Congestion (Sudden Spike),4,18,10,"['RX_Bytes', 'UL_NPRB', 'RSRP', 'UL_MCS', 'UL_NumberOfPackets', 'UL_BLER', 'PRBs_DL_Current', 'DL_BLER', 'TX_Bytes', 'DL_NumberOfPackets']","['DL_BLER', 'DL_NumberOfPackets', 'Estimated_UL_Buffer', 'PRB_Utilization_DL', 'PRB_Utilization_UL', 'RX_Bytes', 'TX_Bytes', 'UL_BLER', 'UL_NPRB', 'UL_NumberOfPackets']",0.7,0.7371434523809518,0.551,0.551,0.055099999999999004,0.551,0.931,0.5520000000000004,0.1655999999999991,0.5523797861165335,0.995,0.5538999999999975,0.27694999999999875,0.5534391817568889,1.0,0.5545000000000035,0.5545000000000035,0.554077653419929,1.0,1,1.0,0.1,1.0,1,0.6666666666666666,0.2,0.7653606369886217,1,0.6,0.3,0.6843515475204855,1,0.7,0.7,0.7218018303820491
TelecomTS,A-Twitch-No-No@17883072768:364-1141,train,Co-Channel Interference (Mild),4,18,9,"['RSRP', 'RX_Bytes', 'UL_NPRB', 'UL_SNR', 'UL_MCS', 'UL_NumberOfPackets', 'DL_NumberOfPackets', 'TX_Bytes', 'DL_BLER']","['DL_BLER', 'PRB_Utilization_DL', 'PRB_Utilization_UL', 'RSRP', 'RX_Bytes', 'TX_Bytes', 'UL_BLER', 'UL_NPRB', 'UL_SNR']",0.6666666666666666,0.6975345238095227,0.4985,0.4985,0.05538888888888996,0.4985,0.89,0.5023333333333333,0.16744444444444487,0.5018434994281541,0.983,0.5035,0.27972222222222093,0.5027991789712432,1.0,0.5028499999999998,0.5587222222222222,0.5367345633448264,1.0,1,1.0,0.1111111111111111,1.0,1,1.0,0.3333333333333333,1.0,1,0.8,0.4444444444444444,0.8687949224876582,1,0.6,0.6666666666666666,0.7469985389103325
TelecomTS,A-Twitch-No-No@17883075744:117-222,train,High Network Congestion (Sudden Spike),4,18,10,"['RSRP', 'UL_NPRB', 'UL_MCS', 'DL_Protocol', 'UL_SNR', 'RX_Bytes', 'UL_NumberOfPackets', 'UL_BLER', 'TX_Bytes', 'PRBs_UL_Current']","['DL_BLER', 'DL_NumberOfPackets', 'Estimated_UL_Buffer', 'PRB_Utilization_DL', 'PRB_Utilization_UL', 'RX_Bytes', 'TX_Bytes', 'UL_BLER', 'UL_NPRB', 'UL_NumberOfPackets']",0.5,0.7371434523809518,0.551,0.551,0.055099999999999004,0.551,0.931,0.5520000000000004,0.1655999999999991,0.5523797861165335,0.995,0.5538999999999975,0.27694999999999875,0.5534391817568889,1.0,0.5545000000000035,0.5545000000000035,0.554077653419929,0.5,0,0.0,0.0,0.0,1,0.3333333333333333,0.1,0.2960819109658652,1,0.2,0.1,0.21398626473452756,1,0.5,0.5,0.4263100803427562
TelecomTS,A-Twitch-No-No@17883075744:293-333,train,Faulty Handover Algorithm (Too Frequent),4,18,9,"['RSRP', 'UL_SNR', 'UL_NPRB', 'DL_MCS', 'RX_Bytes', 'UL_BLER', 'DL_BLER', 'Estimated_UL_Buffer', 'UL_MCS']","['DL_BLER', 'DL_NumberOfPackets', 'Estimated_UL_Buffer', 'RSRP', 'RX_Bytes', 'TX_Bytes', 'UL_BLER', 'UL_NumberOfPackets', 'UL_SNR']",0.6666666666666666,0.692497817460317,0.487,0.487,0.054111111111112144,0.487,0.8985,0.5011666666666668,0.16705555555555612,0.4987540068186642,0.9865,0.4957000000000003,0.2753888888888873,0.49579706577221117,1.0,0.49674999999999947,0.5519444444444433,0.5303684597568398,1.0,1,1.0,0.1111111111111111,1.0,1,0.6666666666666666,0.2222222222222222,0.7653606369886217,1,0.6,0.3333333333333333,0.6843515475204855,1,0.7,0.7777777777777778,0.7784362572776673
TelecomTS,A-Twitch-No-No@17883075744:450-699,train,High Network Congestion (Gradual Buildup),4,18,10,"['RSRP', 'UL_MCS', 'UL_NPRB', 'RX_Bytes', 'UL_SNR', 'UL_BLER', 'UL_NumberOfPackets', 'DL_BLER', 'Estimated_UL_Buffer', 'DL_Protocol']","['DL_BLER', 'DL_NumberOfPackets', 'Estimated_UL_Buffer', 'PRB_Utilization_DL', 'PRB_Utilization_UL', 'RX_Bytes', 'TX_Bytes', 'UL_BLER', 'UL_NPRB', 'UL_NumberOfPackets']",0.6,0.7371434523809518,0.551,0.551,0.055099999999999004,0.551,0.931,0.5520000000000004,0.1655999999999991,0.5523797861165335,0.995,0.5538999999999975,0.27694999999999875,0.5534391817568889,1.0,0.5545000000000035,0.5545000000000035,0.554077653419929,0.3333333333333333,0,0.0,0.0,0.0,1,0.3333333333333333,0.1,0.23463936301137822,1,0.4,0.2,0.3156484524795145,1,0.6,0.6,0.4922818839877925
TelecomTS,B-Youtube-No-No@18149187296:120-163,train,High Network Congestion (Sudden Spike),4,18,10,"['UL_SNR', 'RSRP', 'UL_NPRB', 'RX_Bytes', 'DL_BLER', 'Estimated_UL_Buffer', 'UL_BLER', 'UL_NumberOfPackets', 'DL_Protocol', 'TX_Bytes']","['DL_BLER', 'DL_NumberOfPackets', 'Estimated_UL_Buffer', 'PRB_Utilization_DL', 'PRB_Utilization_UL', 'RX_Bytes', 'TX_Bytes', 'UL_BLER', 'UL_NPRB', 'UL_NumberOfPackets']",0.7,0.7371434523809518,0.551,0.551,0.055099999999999004,0.551,0.931,0.5520000000000004,0.1655999999999991,0.5523797861165335,0.995,0.5538999999999975,0.27694999999999875,0.5534391817568889,1.0,0.5545000000000035,0.5545000000000035,0.554077653419929,0.3333333333333333,0,0.0,0.0,0.0,1,0.3333333333333333,0.1,0.23463936301137822,1,0.6,0.3,0.4468535299918563,1,0.7,0.7,0.5747915663739762
TelecomTS,B-Youtube-No-No@18149189664:123-158,train,High Network Congestion (Sudden Spike),4,18,10,"['RSRP', 'UL_NPRB', 'UL_SNR', 'DL_BLER', 'RX_Bytes', 'Estimated_UL_Buffer', 'UL_NumberOfPackets', 'UL_BLER', 'DL_Protocol', 'PRBs_DL_Current']","['DL_BLER', 'DL_NumberOfPackets', 'Estimated_UL_Buffer', 'PRB_Utilization_DL', 'PRB_Utilization_UL', 'RX_Bytes', 'TX_Bytes', 'UL_BLER', 'UL_NPRB', 'UL_NumberOfPackets']",0.6,0.7371434523809518,0.551,0.551,0.055099999999999004,0.551,0.931,0.5520000000000004,0.1655999999999991,0.5523797861165335,0.995,0.5538999999999975,0.27694999999999875,0.5534391817568889,1.0,0.5545000000000035,0.5545000000000035,0.554077653419929,0.5,0,0.0,0.0,0.0,1,0.3333333333333333,0.1,0.2960819109658652,1,0.6,0.3,0.4912596920895758,1,0.6,0.6,0.539987338899539
TelecomTS,C-File-No-No@20501856064:117-151,train,Resource Allocation Bugs,4,18,9,"['RSRP', 'UL_BLER', 'RX_Bytes', 'TX_Bytes', 'UL_NPRB', 'UL_NumberOfPackets', 'DL_NumberOfPackets', 'DL_BLER', 'UL_SNR']","['DL_BLER', 'PRB_Utilization_DL', 'PRB_Utilization_UL', 'PRBs_DL_Current', 'PRBs_UL_Current', 'RX_Bytes', 'TX_Bytes', 'UL_BLER', 'UL_NPRB']",0.5555555555555556,0.6991071428571424,0.5025,0.5025,0.055833333333334415,0.5025,0.8905,0.4921666666666664,0.1640555555555563,0.4943967053492613,0.985,0.5016000000000004,0.2786666666666652,0.5001650580010075,1.0,0.5022,0.5579999999999997,0.5350928534149747,0.5,0,0.0,0.0,0.0,1,0.6666666666666666,0.2222222222222222,0.5307212739772434,1,0.8,0.4444444444444444,0.6608397947263839,1,0.5,0.5555555555555556,0.5321252593937453
TelecomTS,C-File-No-No@20501856064:248-461,train,Antenna Failure,4,18,13,"['RSRP', 'RX_Bytes', 'UL_NPRB', 'UL_NumberOfPackets', 'UL_SNR', 'DL_NumberOfPackets', 'TX_Bytes', 'PRB_Utilization_UL', 'Estimated_UL_Buffer', 'DL_BLER', 'UL_MCS', 'DL_Protocol', 'PRB_Utilization_DL']","['DL_BLER', 'DL_MCS', 'DL_NumberOfPackets', 'Estimated_UL_Buffer', 'PRBs_DL_Current', 'PRBs_UL_Current', 'RSRP', 'RX_Bytes', 'TX_Bytes', 'UL_BLER', 'UL_MCS', 'UL_NumberOfPackets', 'UL_SNR']",0.6923076923076923,0.8450083333333318,0.714,0.714,0.05492307692307853,0.714,0.988,0.7216666666666707,0.1665384615384597,0.7205333924864188,1.0,0.7201999999999841,0.2770000000000012,0.7199944460645112,1.0,0.7188000000000007,0.5529230769230804,0.719172461882303,1.0,1,1.0,0.07692307692307693,1.0,1,0.6666666666666666,0.15384615384615385,0.7653606369886217,1,0.8,0.3076923076923077,0.830419897363192,1,0.8,0.6153846153846154,0.8205228949141826
TelecomTS,A-File-No-No@20858689856:123-164,train,Resource Allocation Bugs,4,18,9,"['RX_Bytes', 'RSRP', 'Estimated_UL_Buffer', 'TX_Bytes', 'DL_BLER', 'UL_NPRB', 'UL_NumberOfPackets', 'DL_NumberOfPackets', 'UL_SNR']","['DL_BLER', 'PRB_Utilization_DL', 'PRB_Utilization_UL', 'PRBs_DL_Current', 'PRBs_UL_Current', 'RX_Bytes', 'TX_Bytes', 'UL_BLER', 'UL_NPRB']",0.4444444444444444,0.6991071428571424,0.5025,0.5025,0.055833333333334415,0.5025,0.8905,0.4921666666666664,0.1640555555555563,0.4943967053492613,0.985,0.5016000000000004,0.2786666666666652,0.5001650580010075,1.0,0.5022,0.5579999999999997,0.5350928534149747,1.0,1,1.0,0.1111111111111111,1.0,1,0.3333333333333333,0.1111111111111111,0.46927872602275644,1,0.6,0.3333333333333333,0.6164336326286644,1,0.4,0.4444444444444444,0.5109271022449579
TelecomTS,A-File-No-No@20858689856:352-808,train,High Network Congestion (Gradual Buildup),4,18,10,"['RX_Bytes', 'RSRP', 'Estimated_UL_Buffer', 'UL_NumberOfPackets', 'TX_Bytes', 'UL_NPRB', 'DL_BLER', 'DL_NumberOfPackets', 'UL_MCS', 'UL_BLER']","['DL_BLER', 'DL_NumberOfPackets', 'Estimated_UL_Buffer', 'PRB_Utilization_DL', 'PRB_Utilization_UL', 'RX_Bytes', 'TX_Bytes', 'UL_BLER', 'UL_NPRB', 'UL_NumberOfPackets']",0.8,0.7371434523809518,0.551,0.551,0.055099999999999004,0.551,0.931,0.5520000000000004,0.1655999999999991,0.5523797861165335,0.995,0.5538999999999975,0.27694999999999875,0.5534391817568889,1.0,0.5545000000000035,0.5545000000000035,0.554077653419929,1.0,1,1.0,0.1,1.0,1,0.6666666666666666,0.2,0.7039180890341347,1,0.8,0.4,0.7860137352654724,1,0.8,0.8,0.7948833326720564
TelecomTS,C-File-No-No@20501857952:107-524,eval,Antenna Failure,4,18,13,"['UL_BLER', 'RSRP', 'PRB_Utilization_UL', 'UL_NumberOfPackets', 'DL_BLER', 'UL_NPRB', 'RX_Bytes', 'Estimated_UL_Buffer', 'UL_SNR', 'PRB_Utilization_DL', 'TX_Bytes', 'UL_MCS', 'DL_NumberOfPackets']","['DL_BLER', 'DL_MCS', 'DL_NumberOfPackets', 'Estimated_UL_Buffer', 'PRBs_DL_Current', 'PRBs_UL_Current', 'RSRP', 'RX_Bytes', 'TX_Bytes', 'UL_BLER', 'UL_MCS', 'UL_NumberOfPackets', 'UL_SNR']",0.7692307692307693,0.8450083333333318,0.714,0.714,0.05492307692307853,0.714,0.988,0.7216666666666707,0.1665384615384597,0.7205333924864188,1.0,0.7201999999999841,0.2770000000000012,0.7199944460645112,1.0,0.7188000000000007,0.5529230769230804,0.719172461882303,1.0,1,1.0,0.07692307692307693,1.0,1,0.6666666666666666,0.15384615384615385,0.7653606369886217,1,0.8,0.3076923076923077,0.830419897363192,1,0.7,0.5384615384615384,0.7479350596733328
TelecomTS,B-File-No-No@20798215936:113-172,eval,Antenna Failure,4,18,13,"['RSRP', 'RX_Bytes', 'TX_Bytes', 'UL_SNR', 'UL_NPRB', 'PRB_Utilization_DL', 'PRBs_UL_Current', 'PRBs_DL_Current', 'UL_NumberOfPackets', 'UL_MCS', 'UL_BLER', 'Estimated_UL_Buffer', 'DL_BLER']","['DL_BLER', 'DL_MCS', 'DL_NumberOfPackets', 'Estimated_UL_Buffer', 'PRBs_DL_Current', 'PRBs_UL_Current', 'RSRP', 'RX_Bytes', 'TX_Bytes', 'UL_BLER', 'UL_MCS', 'UL_NumberOfPackets', 'UL_SNR']",0.8461538461538461,0.8450083333333318,0.714,0.714,0.05492307692307853,0.714,0.988,0.7216666666666707,0.1665384615384597,0.7205333924864188,1.0,0.7201999999999841,0.2770000000000012,0.7199944460645112,1.0,0.7188000000000007,0.5529230769230804,0.719172461882303,1.0,1,1.0,0.07692307692307693,1.0,1,1.0,0.23076923076923078,1.0,1,0.8,0.3076923076923077,0.8687949224876582,1,0.8,0.6153846153846154,0.8364586133797037
TelecomTS,B-Twitch-No-No@19606758016:103-346,eval,Buffer Overflow (Gradual Buildup),4,18,10,"['RSRP', 'UL_NPRB', 'RX_Bytes', 'UL_MCS', 'UL_SNR', 'PRB_Utilization_DL', 'TX_Bytes', 'DL_BLER', 'PRB_Utilization_UL', 'UL_NumberOfPackets']","['DL_BLER', 'DL_NumberOfPackets', 'Estimated_UL_Buffer', 'PRB_Utilization_DL', 'PRB_Utilization_UL', 'RX_Bytes', 'TX_Bytes', 'UL_BLER', 'UL_NPRB', 'UL_NumberOfPackets']",0.7,0.7371434523809518,0.551,0.551,0.055099999999999004,0.551,0.931,0.5520000000000004,0.1655999999999991,0.5523797861165335,0.995,0.5538999999999975,0.27694999999999875,0.5534391817568889,1.0,0.5545000000000035,0.5545000000000035,0.554077653419929,0.5,0,0.0,0.0,0.0,1,0.6666666666666666,0.2,0.5307212739772434,1,0.4,0.2,0.38356636737133565,1,0.7,0.7,0.5999767516907479
TelecomTS,C-File-No-No@20501863328:109-147,eval,Buffer Overflow (Gradual Buildup),4,18,10,"['RSRP', 'RX_Bytes', 'UL_NPRB', 'TX_Bytes', 'UL_BLER', 'DL_NumberOfPackets', 'UL_MCS', 'UL_SNR', 'UL_NumberOfPackets', 'DL_BLER']","['DL_BLER', 'DL_NumberOfPackets', 'Estimated_UL_Buffer', 'PRB_Utilization_DL', 'PRB_Utilization_UL', 'RX_Bytes', 'TX_Bytes', 'UL_BLER', 'UL_NPRB', 'UL_NumberOfPackets']",0.7,0.7371434523809518,0.551,0.551,0.055099999999999004,0.551,0.931,0.5520000000000004,0.1655999999999991,0.5523797861165335,0.995,0.5538999999999975,0.27694999999999875,0.5534391817568889,1.0,0.5545000000000035,0.5545000000000035,0.554077653419929,0.5,0,0.0,0.0,0.0,1,0.6666666666666666,0.2,0.5307212739772434,1,0.8,0.4,0.6608397947263839,1,0.7,0.7,0.6371130896657825
TelecomTS,C-Youtube-No-No@19068484832:122-711,eval,Co-Channel Interference (Mild),4,18,9,"['RSRP', 'DL_BLER', 'UL_NPRB', 'RX_Bytes', 'UL_SNR', 'Estimated_UL_Buffer', 'PRB_Utilization_DL', 'UL_BLER', 'UL_NumberOfPackets']","['DL_BLER', 'PRB_Utilization_DL', 'PRB_Utilization_UL', 'RSRP', 'RX_Bytes', 'TX_Bytes', 'UL_BLER', 'UL_NPRB', 'UL_SNR']",0.7777777777777778,0.6975345238095227,0.4985,0.4985,0.05538888888888996,0.4985,0.89,0.5023333333333333,0.16744444444444487,0.5018434994281541,0.983,0.5035,0.27972222222222093,0.5027991789712432,1.0,0.5028499999999998,0.5587222222222222,0.5367345633448264,1.0,1,1.0,0.1111111111111111,1.0,1,1.0,0.3333333333333333,1.0,1,1.0,0.5555555555555556,1.0,1,0.7,0.7777777777777778,0.8455193252797258
TelecomTS,B-File-No-No@20798213088:111-395,eval,Co-Channel Interference (Severe),4,18,11,"['UL_BLER', 'RSRP', 'RX_Bytes', 'UL_SNR', 'UL_NumberOfPackets', 'PRB_Utilization_UL', 'PRBs_UL_Current', 'UL_NPRB', 'DL_NumberOfPackets', 'TX_Bytes', 'PRB_Utilization_DL']","['DL_BLER', 'DL_NumberOfPackets', 'PRB_Utilization_DL', 'PRB_Utilization_UL', 'RSRP', 'RX_Bytes', 'TX_Bytes', 'UL_BLER', 'UL_NPRB', 'UL_NumberOfPackets', 'UL_SNR']",0.9090909090909091,0.7744184523809514,0.6045,0.6045,0.054954545454546505,0.6045,0.954,0.6103333333333343,0.1664545454545456,0.609988646181676,0.996,0.6110999999999946,0.2777727272727248,0.6106119436872607,1.0,0.6126000000000039,0.5569090909090899,0.611822780547099,1.0,1,1.0,0.09090909090909091,1.0,1,1.0,0.2727272727272727,1.0,1,1.0,0.45454545454545453,1.0,1,0.9,0.8181818181818182,0.9266360779006401
TelecomTS,B-File-No-No@20798213088:417-552,eval,Faulty Handover Algorithm (Too Frequent),4,18,9,"['RSRP', 'TX_Bytes', 'DL_BLER', 'RX_Bytes', 'UL_SNR', 'UL_BLER', 'UL_NPRB', 'PRB_Utilization_DL', 'PRBs_UL_Current']","['DL_BLER', 'DL_NumberOfPackets', 'Estimated_UL_Buffer', 'RSRP', 'RX_Bytes', 'TX_Bytes', 'UL_BLER', 'UL_NumberOfPackets', 'UL_SNR']",0.6666666666666666,0.692497817460317,0.487,0.487,0.054111111111112144,0.487,0.8985,0.5011666666666668,0.16705555555555612,0.4987540068186642,0.9865,0.4957000000000003,0.2753888888888873,0.49579706577221117,1.0,0.49674999999999947,0.5519444444444433,0.5303684597568398,1.0,1,1.0,0.1111111111111111,1.0,1,1.0,0.3333333333333333,1.0,1,1.0,0.5555555555555556,1.0,1,0.7,0.7777777777777778,0.8446905084406404
TelecomTS,B-File-No-No@20798213088:623-859,eval,Doppler Shift (Severe),4,18,7,"['TX_Bytes', 'RSRP', 'RX_Bytes', 'UL_NPRB', 'UL_SNR', 'DL_NumberOfPackets', 'UL_NumberOfPackets']","['DL_MCS', 'RSRP', 'RX_Bytes', 'TX_Bytes', 'UL_MCS', 'UL_NPRB', 'UL_SNR']",0.7142857142857143,0.6184625180375185,0.4,0.4,0.057142857142856725,0.4,0.807,0.4025000000000016,0.17250000000000065,0.40191340159247285,0.9495,0.39709999999999984,0.28364285714286064,0.3984591962889263,0.9995,0.39134999999999487,0.5590714285714266,0.4921559961131963,1.0,1,1.0,0.14285714285714285,1.0,1,1.0,0.42857142857142855,1.0,1,1.0,0.7142857142857143,1.0,1,0.5,0.7142857142857143,0.8104616303452685
TelecomTS,C-File-No-No@20501864576:124-290,eval,Doppler Shift (Severe),4,18,7,"['RSRP', 'RX_Bytes', 'UL_NPRB', 'DL_NumberOfPackets', 'DL_BLER', 'UL_NumberOfPackets', 'UL_MCS']","['DL_MCS', 'RSRP', 'RX_Bytes', 'TX_Bytes', 'UL_MCS', 'UL_NPRB', 'UL_SNR']",0.5714285714285714,0.6184625180375185,0.4,0.4,0.057142857142856725,0.4,0.807,0.4025000000000016,0.17250000000000065,0.40191340159247285,0.9495,0.39709999999999984,0.28364285714286064,0.3984591962889263,0.9995,0.39134999999999487,0.5590714285714266,0.4921559961131963,1.0,1,1.0,0.14285714285714285,1.0,1,1.0,0.42857142857142855,1.0,1,0.6,0.42857142857142855,0.7227265726449519,1,0.6,0.8571428571428571,0.8468274504638792
TelecomTS,C-File-No-No@20501862400:102-357,eval,Faulty Handover Algorithm (Too Frequent),4,18,9,"['RSRP', 'DL_BLER', 'RX_Bytes', 'PRB_Utilization_UL', 'UL_SNR', 'UL_NPRB', 'PRBs_UL_Current', 'UL_NumberOfPackets', 'TX_Bytes']","['DL_BLER', 'DL_NumberOfPackets', 'Estimated_UL_Buffer', 'RSRP', 'RX_Bytes', 'TX_Bytes', 'UL_BLER', 'UL_NumberOfPackets', 'UL_SNR']",0.6666666666666666,0.692497817460317,0.487,0.487,0.054111111111112144,0.487,0.8985,0.5011666666666668,0.16705555555555612,0.4987540068186642,0.9865,0.4957000000000003,0.2753888888888873,0.49579706577221117,1.0,0.49674999999999947,0.5519444444444433,0.5303684597568398,1.0,1,1.0,0.1111111111111111,1.0,1,1.0,0.3333333333333333,1.0,1,0.8,0.4444444444444444,0.8539316501572937,1,0.7,0.7777777777777778,0.8046413622353019
TelecomTS,B-File-No-No@20798211456:122-156,eval,Faulty RF Filters (Temporal),4,18,9,"['RX_Bytes', 'RSRP', 'TX_Bytes', 'UL_SNR', 'UL_NPRB', 'UL_NumberOfPackets', 'UL_MCS', 'Estimated_UL_Buffer', 'DL_NumberOfPackets']","['DL_BLER', 'PRB_Utilization_DL', 'PRB_Utilization_UL', 'RSRP', 'RX_Bytes', 'TX_Bytes', 'UL_BLER', 'UL_NPRB', 'UL_SNR']",0.5555555555555556,0.6975345238095227,0.4985,0.4985,0.05538888888888996,0.4985,0.89,0.5023333333333333,0.16744444444444487,0.5018434994281541,0.983,0.5035,0.27972222222222093,0.5027991789712432,1.0,0.5028499999999998,0.5587222222222222,0.5367345633448264,1.0,1,1.0,0.1111111111111111,1.0,1,1.0,0.3333333333333333,1.0,1,1.0,0.5555555555555556,1.0,1,0.5,0.5555555555555556,0.6930221935231562
TelecomTS,B-File-No-No@20798211456:281-337,eval,Faulty Handover Algorithm (Too Frequent),4,18,9,"['RX_Bytes', 'RSRP', 'UL_SNR', 'TX_Bytes', 'UL_NPRB', 'UL_MCS', 'DL_BLER', 'DL_NumberOfPackets', 'UL_BLER']","['DL_BLER', 'DL_NumberOfPackets', 'Estimated_UL_Buffer', 'RSRP', 'RX_Bytes', 'TX_Bytes', 'UL_BLER', 'UL_NumberOfPackets', 'UL_SNR']",0.7777777777777778,0.692497817460317,0.487,0.487,0.054111111111112144,0.487,0.8985,0.5011666666666668,0.16705555555555612,0.4987540068186642,0.9865,0.4957000000000003,0.2753888888888873,0.49579706577221117,1.0,0.49674999999999947,0.5519444444444433,0.5303684597568398,1.0,1,1.0,0.1111111111111111,1.0,1,1.0,0.3333333333333333,1.0,1,0.8,0.4444444444444444,0.8687949224876582,1,0.8,0.8888888888888888,0.8932904563001185
TelecomTS,B-File-No-No@20798211456:516-737,eval,Co-Channel Interference (Mild),4,18,9,"['RX_Bytes', 'RSRP', 'TX_Bytes', 'UL_SNR', 'UL_NPRB', 'DL_NumberOfPackets', 'UL_NumberOfPackets', 'UL_MCS', 'UL_BLER']","['DL_BLER', 'PRB_Utilization_DL', 'PRB_Utilization_UL', 'RSRP', 'RX_Bytes', 'TX_Bytes', 'UL_BLER', 'UL_NPRB', 'UL_SNR']",0.6666666666666666,0.6975345238095227,0.4985,0.4985,0.05538888888888996,0.4985,0.89,0.5023333333333333,0.16744444444444487,0.5018434994281541,0.983,0.5035,0.27972222222222093,0.5027991789712432,1.0,0.5028499999999998,0.5587222222222222,0.5367345633448264,1.0,1,1.0,0.1111111111111111,1.0,1,1.0,0.3333333333333333,1.0,1,1.0,0.5555555555555556,1.0,1,0.7,0.7777777777777778,0.8317213551625274
TelecomTS,C-Youtube-No-No@19068480640:97-324,eval,High Network Congestion (Gradual Buildup),4,18,10,"['UL_SNR', 'RX_Bytes', 'RSRP', 'DL_MCS', 'DL_BLER', 'UL_NPRB', 'Estimated_UL_Buffer', 'PRB_Utilization_UL', 'TX_Bytes', 'UL_BLER']","['DL_BLER', 'DL_NumberOfPackets', 'Estimated_UL_Buffer', 'PRB_Utilization_DL', 'PRB_Utilization_UL', 'RX_Bytes', 'TX_Bytes', 'UL_BLER', 'UL_NPRB', 'UL_NumberOfPackets']",0.7,0.7371434523809518,0.551,0.551,0.055099999999999004,0.551,0.931,0.5520000000000004,0.1655999999999991,0.5523797861165335,0.995,0.5538999999999975,0.27694999999999875,0.5534391817568889,1.0,0.5545000000000035,0.5545000000000035,0.554077653419929,0.5,0,0.0,0.0,0.0,1,0.3333333333333333,0.1,0.2960819109658652,1,0.4,0.2,0.34519134224686937,1,0.7,0.7,0.5750739861833288
TelecomTS,C-Youtube-No-No@19068483424:109-176,eval,High Network Congestion (Sudden Spike),4,18,10,"['RX_Bytes', 'UL_SNR', 'RSRP', 'DL_BLER', 'UL_NPRB', 'PRB_Utilization_DL', 'UL_MCS', 'UL_BLER', 'DL_NumberOfPackets', 'TX_Bytes']","['DL_BLER', 'DL_NumberOfPackets', 'Estimated_UL_Buffer', 'PRB_Utilization_DL', 'PRB_Utilization_UL', 'RX_Bytes', 'TX_Bytes', 'UL_BLER', 'UL_NPRB', 'UL_NumberOfPackets']",0.7,0.7371434523809518,0.551,0.551,0.055099999999999004,0.551,0.931,0.5520000000000004,0.1655999999999991,0.5523797861165335,0.995,0.5538999999999975,0.27694999999999875,0.5534391817568889,1.0,0.5545000000000035,0.5545000000000035,0.554077653419929,1.0,1,1.0,0.1,1.0,1,0.3333333333333333,0.1,0.46927872602275644,1,0.6,0.3,0.6164336326286644,1,0.7,0.7,0.6777277508780454
TelecomTS,C-Youtube-No-No@19068483424:194-628,eval,Co-Channel Interference (Mild),4,18,9,"['RSRP', 'RX_Bytes', 'DL_BLER', 'UL_NPRB', 'Estimated_UL_Buffer', 'DL_MCS', 'UL_BLER', 'UL_SNR', 'DL_NumberOfPackets']","['DL_BLER', 'PRB_Utilization_DL', 'PRB_Utilization_UL', 'RSRP', 'RX_Bytes', 'TX_Bytes', 'UL_BLER', 'UL_NPRB', 'UL_SNR']",0.6666666666666666,0.6975345238095227,0.4985,0.4985,0.05538888888888996,0.4985,0.89,0.5023333333333333,0.16744444444444487,0.5018434994281541,0.983,0.5035,0.27972222222222093,0.5027991789712432,1.0,0.5028499999999998,0.5587222222222222,0.5367345633448264,1.0,1,1.0,0.1111111111111111,1.0,1,1.0,0.3333333333333333,1.0,1,0.8,0.4444444444444444,0.8687949224876582,1,0.7,0.7777777777777778,0.8225346955790378
TelecomTS,C-Youtube-No-No@19068483424:786-832,eval,Co-Channel Interference (Severe),4,18,11,"['RSRP', 'UL_NPRB', 'PRB_Utilization_DL', 'UL_SNR', 'Estimated_UL_Buffer', 'RX_Bytes', 'UL_BLER', 'DL_BLER', 'DL_Protocol', 'DL_NumberOfPackets', 'UL_NumberOfPackets']","['DL_BLER', 'DL_NumberOfPackets', 'PRB_Utilization_DL', 'PRB_Utilization_UL', 'RSRP', 'RX_Bytes', 'TX_Bytes', 'UL_BLER', 'UL_NPRB', 'UL_NumberOfPackets', 'UL_SNR']",0.8181818181818182,0.7744184523809514,0.6045,0.6045,0.054954545454546505,0.6045,0.954,0.6103333333333343,0.1664545454545456,0.609988646181676,0.996,0.6110999999999946,0.2777727272727248,0.6106119436872607,1.0,0.6126000000000039,0.5569090909090899,0.611822780547099,1.0,1,1.0,0.09090909090909091,1.0,1,1.0,0.2727272727272727,1.0,1,0.8,0.36363636363636365,0.8687949224876582,1,0.8,0.7272727272727273,0.84860265890399
TelecomTS,C-Youtube-No-No@19068483424:1046-1205,eval,Antenna Failure,4,18,13,"['RSRP', 'UL_NPRB', 'UL_SNR', 'DL_BLER', 'RX_Bytes', 'Estimated_UL_Buffer', 'UL_BLER', 'PRB_Utilization_UL', 'DL_Protocol', 'DL_NumberOfPackets', 'TX_Bytes', 'UL_NumberOfPackets', 'PRBs_UL_Current']","['DL_BLER', 'DL_MCS', 'DL_NumberOfPackets', 'Estimated_UL_Buffer', 'PRBs_DL_Current', 'PRBs_UL_Current', 'RSRP', 'RX_Bytes', 'TX_Bytes', 'UL_BLER', 'UL_MCS', 'UL_NumberOfPackets', 'UL_SNR']",0.7692307692307693,0.8450083333333318,0.714,0.714,0.05492307692307853,0.714,0.988,0.7216666666666707,0.1665384615384597,0.7205333924864188,1.0,0.7201999999999841,0.2770000000000012,0.7199944460645112,1.0,0.7188000000000007,0.5529230769230804,0.719172461882303,1.0,1,1.0,0.07692307692307693,1.0,1,0.6666666666666666,0.15384615384615385,0.7039180890341347,1,0.8,0.3076923076923077,0.7860137352654724,1,0.7,0.5384615384615384,0.725452110735279
TelecomTS,A-File-No-No@20858691072:109-133,eval,Resource Allocation Bugs,4,18,9,"['UL_BLER', 'RSRP', 'RX_Bytes', 'UL_NPRB', 'TX_Bytes', 'PRB_Utilization_DL', 'UL_SNR', 'DL_BLER', 'UL_NumberOfPackets']","['DL_BLER', 'PRB_Utilization_DL', 'PRB_Utilization_UL', 'PRBs_DL_Current', 'PRBs_UL_Current', 'RX_Bytes', 'TX_Bytes', 'UL_BLER', 'UL_NPRB']",0.6666666666666666,0.6991071428571424,0.5025,0.5025,0.055833333333334415,0.5025,0.8905,0.4921666666666664,0.1640555555555563,0.4943967053492613,0.985,0.5016000000000004,0.2786666666666652,0.5001650580010075,1.0,0.5022,0.5579999999999997,0.5350928534149747,1.0,1,1.0,0.1111111111111111,1.0,1,0.6666666666666666,0.2222222222222222,0.7039180890341347,1,0.8,0.4444444444444444,0.7860137352654724,1,0.6,0.6666666666666666,0.7025984922372751
TelecomTS,A-File-No-No@20858688000:46-98,calib,Antenna Failure,4,18,13,"['RSRP', 'RX_Bytes', 'UL_NPRB', 'UL_SNR', 'TX_Bytes', 'DL_NumberOfPackets', 'UL_NumberOfPackets', 'DL_BLER', 'PRB_Utilization_UL', 'DL_Protocol', 'Estimated_UL_Buffer', 'PRBs_DL_Current', 'PRB_Utilization_DL']","['DL_BLER', 'DL_MCS', 'DL_NumberOfPackets', 'Estimated_UL_Buffer', 'PRBs_DL_Current', 'PRBs_UL_Current', 'RSRP', 'RX_Bytes', 'TX_Bytes', 'UL_BLER', 'UL_MCS', 'UL_NumberOfPackets', 'UL_SNR']",0.6923076923076923,0.8450083333333318,0.714,0.714,0.05492307692307853,0.714,0.988,0.7216666666666707,0.1665384615384597,0.7205333924864188,1.0,0.7201999999999841,0.2770000000000012,0.7199944460645112,1.0,0.7188000000000007,0.5529230769230804,0.719172461882303,1.0,1,1.0,0.07692307692307693,1.0,1,0.6666666666666666,0.15384615384615385,0.7653606369886217,1,0.8,0.3076923076923077,0.830419897363192,1,0.7,0.5384615384615384,0.7600791051976192
TelecomTS,C-Twitch-No-No@21227619232:105-170,calib,Antenna Failure,4,18,13,"['RSRP', 'RX_Bytes', 'UL_SNR', 'Estimated_UL_Buffer', 'UL_NPRB', 'UL_NumberOfPackets', 'UL_MCS', 'PRBs_DL_Current', 'DL_NumberOfPackets', 'TX_Bytes', 'DL_Protocol', 'DL_BLER', 'UL_Protocol']","['DL_BLER', 'DL_MCS', 'DL_NumberOfPackets', 'Estimated_UL_Buffer', 'PRBs_DL_Current', 'PRBs_UL_Current', 'RSRP', 'RX_Bytes', 'TX_Bytes', 'UL_BLER', 'UL_MCS', 'UL_NumberOfPackets', 'UL_SNR']",0.7692307692307693,0.8450083333333318,0.714,0.714,0.05492307692307853,0.714,0.988,0.7216666666666707,0.1665384615384597,0.7205333924864188,1.0,0.7201999999999841,0.2770000000000012,0.7199944460645112,1.0,0.7188000000000007,0.5529230769230804,0.719172461882303,1.0,1,1.0,0.07692307692307693,1.0,1,1.0,0.23076923076923078,1.0,1,0.8,0.3076923076923077,0.8687949224876582,1,0.9,0.6923076923076923,0.914856882358379
TelecomTS,B-File-No-No@20798217504:110-145,calib,Buffer Overflow (Gradual Buildup),4,18,10,"['RX_Bytes', 'TX_Bytes', 'RSRP', 'UL_NPRB', 'UL_SNR', 'UL_NumberOfPackets', 'DL_BLER', 'DL_NumberOfPackets', 'PRBs_DL_Current', 'DL_Protocol']","['DL_BLER', 'DL_NumberOfPackets', 'Estimated_UL_Buffer', 'PRB_Utilization_DL', 'PRB_Utilization_UL', 'RX_Bytes', 'TX_Bytes', 'UL_BLER', 'UL_NPRB', 'UL_NumberOfPackets']",0.6,0.7371434523809518,0.551,0.551,0.055099999999999004,0.551,0.931,0.5520000000000004,0.1655999999999991,0.5523797861165335,0.995,0.5538999999999975,0.27694999999999875,0.5534391817568889,1.0,0.5545000000000035,0.5545000000000035,0.554077653419929,1.0,1,1.0,0.1,1.0,1,0.6666666666666666,0.2,0.7653606369886217,1,0.6,0.3,0.6992148198508501,1,0.6,0.6,0.6749359875559983
TelecomTS,C-Twitch-No-No@21227620640:123-503,calib,Buffer Overflow (Gradual Buildup),4,18,10,"['RSRP', 'RX_Bytes', 'UL_SNR', 'UL_NPRB', 'UL_NumberOfPackets', 'DL_NumberOfPackets', 'PRBs_DL_Current', 'PRB_Utilization_UL', 'PRBs_UL_Current', 'TX_Bytes']","['DL_BLER', 'DL_NumberOfPackets', 'Estimated_UL_Buffer', 'PRB_Utilization_DL', 'PRB_Utilization_UL', 'RX_Bytes', 'TX_Bytes', 'UL_BLER', 'UL_NPRB', 'UL_NumberOfPackets']",0.6,0.7371434523809518,0.551,0.551,0.055099999999999004,0.551,0.931,0.5520000000000004,0.1655999999999991,0.5523797861165335,0.995,0.5538999999999975,0.27694999999999875,0.5534391817568889,1.0,0.5545000000000035,0.5545000000000035,0.554077653419929,0.5,0,0.0,0.0,0.0,1,0.3333333333333333,0.1,0.2960819109658652,1,0.6,0.3,0.4912596920895758,1,0.6,0.6,0.5302442049991305
TelecomTS,C-Twitch-No-No@21227622720:126-311,calib,Buffer Overflow (Gradual Buildup),4,18,10,"['UL_SNR', 'RSRP', 'DL_MCS', 'RX_Bytes', 'DL_BLER', 'UL_NPRB', 'UL_BLER', 'UL_NumberOfPackets', 'UL_MCS', 'TX_Bytes']","['DL_BLER', 'DL_NumberOfPackets', 'Estimated_UL_Buffer', 'PRB_Utilization_DL', 'PRB_Utilization_UL', 'RX_Bytes', 'TX_Bytes', 'UL_BLER', 'UL_NPRB', 'UL_NumberOfPackets']",0.6,0.7371434523809518,0.551,0.551,0.055099999999999004,0.551,0.931,0.5520000000000004,0.1655999999999991,0.5523797861165335,0.995,0.5538999999999975,0.27694999999999875,0.5534391817568889,1.0,0.5545000000000035,0.5545000000000035,0.554077653419929,0.25,0,0.0,0.0,0.0,0,0.0,0.0,0.0,1,0.4,0.2,0.27727342735504823,1,0.6,0.6,0.46474568322493615
TelecomTS,C-File-No-No@20501865024:104-341,calib,Co-Channel Interference (Mild),4,18,9,"['RSRP', 'RX_Bytes', 'UL_NPRB', 'TX_Bytes', 'UL_MCS', 'UL_SNR', 'UL_NumberOfPackets', 'DL_BLER', 'DL_Protocol']","['DL_BLER', 'PRB_Utilization_DL', 'PRB_Utilization_UL', 'RSRP', 'RX_Bytes', 'TX_Bytes', 'UL_BLER', 'UL_NPRB', 'UL_SNR']",0.6666666666666666,0.6975345238095227,0.4985,0.4985,0.05538888888888996,0.4985,0.89,0.5023333333333333,0.16744444444444487,0.5018434994281541,0.983,0.5035,0.27972222222222093,0.5027991789712432,1.0,0.5028499999999998,0.5587222222222222,0.5367345633448264,1.0,1,1.0,0.1111111111111111,1.0,1,1.0,0.3333333333333333,1.0,1,0.8,0.4444444444444444,0.8687949224876582,1,0.6,0.6666666666666666,0.7599676921884454
TelecomTS,C-Twitch-No-No@21227619712:125-479,calib,Co-Channel Interference (Mild),4,18,9,"['RSRP', 'RX_Bytes', 'Estimated_UL_Buffer', 'UL_SNR', 'UL_NPRB', 'UL_NumberOfPackets', 'UL_MCS', 'DL_NumberOfPackets', 'TX_Bytes']","['DL_BLER', 'PRB_Utilization_DL', 'PRB_Utilization_UL', 'RSRP', 'RX_Bytes', 'TX_Bytes', 'UL_BLER', 'UL_NPRB', 'UL_SNR']",0.5555555555555556,0.6975345238095227,0.4985,0.4985,0.05538888888888996,0.4985,0.89,0.5023333333333333,0.16744444444444487,0.5018434994281541,0.983,0.5035,0.27972222222222093,0.5027991789712432,1.0,0.5028499999999998,0.5587222222222222,0.5367345633448264,1.0,1,1.0,0.1111111111111111,1.0,1,0.6666666666666666,0.2222222222222222,0.7653606369886217,1,0.8,0.4444444444444444,0.830419897363192,1,0.5,0.5555555555555556,0.6462551795369941
TelecomTS,A-File-No-No@20858697664:115-319,calib,Co-Channel Interference (Severe),4,18,11,"['RSRP', 'RX_Bytes', 'TX_Bytes', 'UL_NPRB', 'UL_SNR', 'DL_BLER', 'UL_MCS', 'UL_NumberOfPackets', 'DL_Protocol', 'DL_NumberOfPackets', 'PRBs_DL_Current']","['DL_BLER', 'DL_NumberOfPackets', 'PRB_Utilization_DL', 'PRB_Utilization_UL', 'RSRP', 'RX_Bytes', 'TX_Bytes', 'UL_BLER', 'UL_NPRB', 'UL_NumberOfPackets', 'UL_SNR']",0.7272727272727273,0.7744184523809514,0.6045,0.6045,0.054954545454546505,0.6045,0.954,0.6103333333333343,0.1664545454545456,0.609988646181676,0.996,0.6110999999999946,0.2777727272727248,0.6106119436872607,1.0,0.6126000000000039,0.5569090909090899,0.611822780547099,1.0,1,1.0,0.09090909090909091,1.0,1,1.0,0.2727272727272727,1.0,1,1.0,0.45454545454545453,1.0,1,0.8,0.7272727272727273,0.8603818544462509
TelecomTS,C-Twitch-No-No@21227621280:105-240,calib,Co-Channel Interference (Severe),4,18,11,"['RSRP', 'RX_Bytes', 'UL_SNR', 'UL_NumberOfPackets', 'UL_NPRB', 'Estimated_UL_Buffer', 'DL_BLER', 'UL_MCS', 'TX_Bytes', 'DL_NumberOfPackets', 'PRBs_DL_Current']","['DL_BLER', 'DL_NumberOfPackets', 'PRB_Utilization_DL', 'PRB_Utilization_UL', 'RSRP', 'RX_Bytes', 'TX_Bytes', 'UL_BLER', 'UL_NPRB', 'UL_NumberOfPackets', 'UL_SNR']",0.7272727272727273,0.7744184523809514,0.6045,0.6045,0.054954545454546505,0.6045,0.954,0.6103333333333343,0.1664545454545456,0.609988646181676,0.996,0.6110999999999946,0.2777727272727248,0.6106119436872607,1.0,0.6126000000000039,0.5569090909090899,0.611822780547099,1.0,1,1.0,0.09090909090909091,1.0,1,1.0,0.2727272727272727,1.0,1,1.0,0.45454545454545453,1.0,1,0.8,0.7272727272727273,0.8521705090845474
TelecomTS,A-File-No-No@20858692928:114-548,calib,Doppler Shift (Severe),4,18,7,"['RSRP', 'TX_Bytes', 'RX_Bytes', 'UL_NPRB', 'UL_SNR', 'UL_NumberOfPackets', 'DL_NumberOfPackets']","['DL_MCS', 'RSRP', 'RX_Bytes', 'TX_Bytes', 'UL_MCS', 'UL_NPRB', 'UL_SNR']",0.7142857142857143,0.6184625180375185,0.4,0.4,0.057142857142856725,0.4,0.807,0.4025000000000016,0.17250000000000065,0.40191340159247285,0.9495,0.39709999999999984,0.28364285714286064,0.3984591962889263,0.9995,0.39134999999999487,0.5590714285714266,0.4921559961131963,1.0,1,1.0,0.14285714285714285,1.0,1,1.0,0.42857142857142855,1.0,1,1.0,0.7142857142857143,1.0,1,0.6,0.8571428571428571,0.8932076516505886
TelecomTS,C-Twitch-No-No@21227618080:99-143,calib,Doppler Shift (Severe),4,18,7,"['UL_SNR', 'RSRP', 'Estimated_UL_Buffer', 'UL_NPRB', 'UL_BLER', 'RX_Bytes', 'DL_NumberOfPackets']","['DL_MCS', 'RSRP', 'RX_Bytes', 'TX_Bytes', 'UL_MCS', 'UL_NPRB', 'UL_SNR']",0.5714285714285714,0.6184625180375185,0.4,0.4,0.057142857142856725,0.4,0.807,0.4025000000000016,0.17250000000000065,0.40191340159247285,0.9495,0.39709999999999984,0.28364285714286064,0.3984591962889263,0.9995,0.39134999999999487,0.5590714285714266,0.4921559961131963,1.0,1,1.0,0.14285714285714285,1.0,1,0.6666666666666666,0.2857142857142857,0.7653606369886217,1,0.6,0.42857142857142855,0.6992148198508501,1,0.4,0.5714285714285714,0.6645997082078611
TelecomTS,C-Twitch-No-No@21227618080:180-262,calib,High Network Congestion (Sudden Spike),4,18,10,"['UL_SNR', 'RSRP', 'UL_NPRB', 'Estimated_UL_Buffer', 'UL_BLER', 'RX_Bytes', 'DL_BLER', 'DL_NumberOfPackets', 'PRB_Utilization_UL', 'PRB_Utilization_DL']","['DL_BLER', 'DL_NumberOfPackets', 'Estimated_UL_Buffer', 'PRB_Utilization_DL', 'PRB_Utilization_UL', 'RX_Bytes', 'TX_Bytes', 'UL_BLER', 'UL_NPRB', 'UL_NumberOfPackets']",0.8,0.7371434523809518,0.551,0.551,0.055099999999999004,0.551,0.931,0.5520000000000004,0.1655999999999991,0.5523797861165335,0.995,0.5538999999999975,0.27694999999999875,0.5534391817568889,1.0,0.5545000000000035,0.5545000000000035,0.554077653419929,0.3333333333333333,0,0.0,0.0,0.0,1,0.3333333333333333,0.1,0.23463936301137822,1,0.6,0.3,0.4468535299918563,1,0.8,0.8,0.6410457898283652
TelecomTS,C-File-No-No@20501864096:96-100,calib,Faulty Handover Algorithm (Too Frequent),4,18,9,"['RSRP', 'TX_Bytes', 'UL_SNR', 'UL_NPRB', 'RX_Bytes', 'UL_BLER', 'UL_NumberOfPackets', 'DL_BLER', 'UL_MCS']","['DL_BLER', 'DL_NumberOfPackets', 'Estimated_UL_Buffer', 'RSRP', 'RX_Bytes', 'TX_Bytes', 'UL_BLER', 'UL_NumberOfPackets', 'UL_SNR']",0.7777777777777778,0.692497817460317,0.487,0.487,0.054111111111112144,0.487,0.8985,0.5011666666666668,0.16705555555555612,0.4987540068186642,0.9865,0.4957000000000003,0.2753888888888873,0.49579706577221117,1.0,0.49674999999999947,0.5519444444444433,0.5303684597568398,1.0,1,1.0,0.1111111111111111,1.0,1,1.0,0.3333333333333333,1.0,1,0.8,0.4444444444444444,0.8539316501572937,1,0.7,0.7777777777777778,0.8280156310666192
TelecomTS,B-File-No-No@20798215040:115-289,calib,Faulty RF Filters (Temporal),4,18,9,"['TX_Bytes', 'RX_Bytes', 'RSRP', 'UL_NPRB', 'DL_NumberOfPackets', 'UL_SNR', 'PRBs_DL_Current', 'UL_NumberOfPackets', 'Estimated_UL_Buffer']","['DL_BLER', 'PRB_Utilization_DL', 'PRB_Utilization_UL', 'RSRP', 'RX_Bytes', 'TX_Bytes', 'UL_BLER', 'UL_NPRB', 'UL_SNR']",0.5555555555555556,0.6975345238095227,0.4985,0.4985,0.05538888888888996,0.4985,0.89,0.5023333333333333,0.16744444444444487,0.5018434994281541,0.983,0.5035,0.27972222222222093,0.5027991789712432,1.0,0.5028499999999998,0.5587222222222222,0.5367345633448264,1.0,1,1.0,0.1111111111111111,1.0,1,1.0,0.3333333333333333,1.0,1,0.8,0.4444444444444444,0.8687949224876582,1,0.6,0.6666666666666666,0.7537624778216616
TelecomTS,A-File-No-No@20858688576:108-247,calib,Faulty RF Filters (Temporal),4,18,9,"['RX_Bytes', 'RSRP', 'UL_NPRB', 'TX_Bytes', 'UL_NumberOfPackets', 'UL_SNR', 'UL_MCS', 'UL_BLER', 'DL_BLER']","['DL_BLER', 'PRB_Utilization_DL', 'PRB_Utilization_UL', 'RSRP', 'RX_Bytes', 'TX_Bytes', 'UL_BLER', 'UL_NPRB', 'UL_SNR']",0.7777777777777778,0.6975345238095227,0.4985,0.4985,0.05538888888888996,0.4985,0.89,0.5023333333333333,0.16744444444444487,0.5018434994281541,0.983,0.5035,0.27972222222222093,0.5027991789712432,1.0,0.5028499999999998,0.5587222222222222,0.5367345633448264,1.0,1,1.0,0.1111111111111111,1.0,1,1.0,0.3333333333333333,1.0,1,0.8,0.4444444444444444,0.8687949224876582,1,0.7,0.7777777777777778,0.830723452909526
TelecomTS,B-Twitch-No-No@19606761696:106-287,calib,High Network Congestion (Gradual Buildup),4,18,10,"['UL_BLER', 'RSRP', 'UL_NPRB', 'RX_Bytes', 'UL_SNR', 'PRB_Utilization_UL', 'PRB_Utilization_DL', 'DL_NumberOfPackets', 'UL_MCS', 'TX_Bytes']","['DL_BLER', 'DL_NumberOfPackets', 'Estimated_UL_Buffer', 'PRB_Utilization_DL', 'PRB_Utilization_UL', 'RX_Bytes', 'TX_Bytes', 'UL_BLER', 'UL_NPRB', 'UL_NumberOfPackets']",0.7,0.7371434523809518,0.551,0.551,0.055099999999999004,0.551,0.931,0.5520000000000004,0.1655999999999991,0.5523797861165335,0.995,0.5538999999999975,0.27694999999999875,0.5534391817568889,1.0,0.5545000000000035,0.5545000000000035,0.554077653419929,1.0,1,1.0,0.1,1.0,1,0.6666666666666666,0.2,0.7039180890341347,1,0.6,0.3,0.6548086577531307,1,0.7,0.7,0.7097402150304354
TelecomTS,B-File-No-No@20798216608:113-182,calib,High Network Congestion (Gradual Buildup),4,18,10,"['TX_Bytes', 'RSRP', 'RX_Bytes', 'UL_NPRB', 'UL_BLER', 'UL_SNR', 'UL_NumberOfPackets', 'DL_NumberOfPackets', 'PRBs_DL_Current', 'UL_MCS']","['DL_BLER', 'DL_NumberOfPackets', 'Estimated_UL_Buffer', 'PRB_Utilization_DL', 'PRB_Utilization_UL', 'RX_Bytes', 'TX_Bytes', 'UL_BLER', 'UL_NPRB', 'UL_NumberOfPackets']",0.6,0.7371434523809518,0.551,0.551,0.055099999999999004,0.551,0.931,0.5520000000000004,0.1655999999999991,0.5523797861165335,0.995,0.5538999999999975,0.27694999999999875,0.5534391817568889,1.0,0.5545000000000035,0.5545000000000035,0.554077653419929,1.0,1,1.0,0.1,1.0,1,0.6666666666666666,0.2,0.7039180890341347,1,0.8,0.4,0.7860137352654724,1,0.6,0.6,0.6528642754944294
TelecomTS,B-File-No-No@20798216608:385-402,calib,Faulty RF Filters (Temporal),4,18,9,"['TX_Bytes', 'RSRP', 'RX_Bytes', 'UL_NPRB', 'UL_NumberOfPackets', 'UL_SNR', 'DL_BLER', 'DL_Protocol', 'DL_NumberOfPackets']","['DL_BLER', 'PRB_Utilization_DL', 'PRB_Utilization_UL', 'RSRP', 'RX_Bytes', 'TX_Bytes', 'UL_BLER', 'UL_NPRB', 'UL_SNR']",0.6666666666666666,0.6975345238095227,0.4985,0.4985,0.05538888888888996,0.4985,0.89,0.5023333333333333,0.16744444444444487,0.5018434994281541,0.983,0.5035,0.27972222222222093,0.5027991789712432,1.0,0.5028499999999998,0.5587222222222222,0.5367345633448264,1.0,1,1.0,0.1111111111111111,1.0,1,1.0,0.3333333333333333,1.0,1,0.8,0.4444444444444444,0.8687949224876582,1,0.6,0.6666666666666666,0.764167593374866
TelecomTS,B-File-No-No@20798216608:443-540,calib,Co-Channel Interference (Mild),4,18,9,"['TX_Bytes', 'RSRP', 'RX_Bytes', 'UL_NPRB', 'UL_SNR', 'DL_BLER', 'PRBs_DL_Current', 'UL_NumberOfPackets', 'DL_Protocol']","['DL_BLER', 'PRB_Utilization_DL', 'PRB_Utilization_UL', 'RSRP', 'RX_Bytes', 'TX_Bytes', 'UL_BLER', 'UL_NPRB', 'UL_SNR']",0.6666666666666666,0.6975345238095227,0.4985,0.4985,0.05538888888888996,0.4985,0.89,0.5023333333333333,0.16744444444444487,0.5018434994281541,0.983,0.5035,0.27972222222222093,0.5027991789712432,1.0,0.5028499999999998,0.5587222222222222,0.5367345633448264,1.0,1,1.0,0.1111111111111111,1.0,1,1.0,0.3333333333333333,1.0,1,1.0,0.5555555555555556,1.0,1,0.6,0.6666666666666666,0.7767471075223497
TelecomTS,B-Twitch-No-No@19606760640:102-257,calib,High Network Congestion (Sudden Spike),4,18,10,"['UL_NPRB', 'RSRP', 'RX_Bytes', 'UL_BLER', 'UL_SNR', 'UL_MCS', 'DL_BLER', 'Estimated_UL_Buffer', 'TX_Bytes', 'UL_NumberOfPackets']","['DL_BLER', 'DL_NumberOfPackets', 'Estimated_UL_Buffer', 'PRB_Utilization_DL', 'PRB_Utilization_UL', 'RX_Bytes', 'TX_Bytes', 'UL_BLER', 'UL_NPRB', 'UL_NumberOfPackets']",0.7,0.7371434523809518,0.551,0.551,0.055099999999999004,0.551,0.931,0.5520000000000004,0.1655999999999991,0.5523797861165335,0.995,0.5538999999999975,0.27694999999999875,0.5534391817568889,1.0,0.5545000000000035,0.5545000000000035,0.554077653419929,1.0,1,1.0,0.1,1.0,1,0.6666666666666666,0.2,0.7039180890341347,1,0.6,0.3,0.6548086577531307,1,0.7,0.7,0.6975961695061491
TelecomTS,B-Twitch-No-No@19606760640:369-447,calib,Co-Channel Interference (Severe),4,18,11,"['UL_NPRB', 'RSRP', 'RX_Bytes', 'UL_SNR', 'UL_MCS', 'PRB_Utilization_DL', 'DL_BLER', 'DL_Protocol', 'Estimated_UL_Buffer', 'UL_NumberOfPackets', 'TX_Bytes']","['DL_BLER', 'DL_NumberOfPackets', 'PRB_Utilization_DL', 'PRB_Utilization_UL', 'RSRP', 'RX_Bytes', 'TX_Bytes', 'UL_BLER', 'UL_NPRB', 'UL_NumberOfPackets', 'UL_SNR']",0.7272727272727273,0.7744184523809514,0.6045,0.6045,0.054954545454546505,0.6045,0.954,0.6103333333333343,0.1664545454545456,0.609988646181676,0.996,0.6110999999999946,0.2777727272727248,0.6106119436872607,1.0,0.6126000000000039,0.5569090909090899,0.611822780547099,1.0,1,1.0,0.09090909090909091,1.0,1,1.0,0.2727272727272727,1.0,1,0.8,0.36363636363636365,0.8687949224876582,1,0.7,0.6363636363636364,0.7791714369672127
TelecomTS,C-File-No-No@20501859680:122-235,calib,High Network Congestion (Sudden Spike),4,18,10,"['RSRP', 'RX_Bytes', 'UL_NPRB', 'DL_NumberOfPackets', 'TX_Bytes', 'UL_SNR', 'UL_MCS', 'PRB_Utilization_UL', 'DL_BLER', 'Estimated_UL_Buffer']","['DL_BLER', 'DL_NumberOfPackets', 'Estimated_UL_Buffer', 'PRB_Utilization_DL', 'PRB_Utilization_UL', 'RX_Bytes', 'TX_Bytes', 'UL_BLER', 'UL_NPRB', 'UL_NumberOfPackets']",0.7,0.7371434523809518,0.551,0.551,0.055099999999999004,0.551,0.931,0.5520000000000004,0.1655999999999991,0.5523797861165335,0.995,0.5538999999999975,0.27694999999999875,0.5534391817568889,1.0,0.5545000000000035,0.5545000000000035,0.554077653419929,0.5,0,0.0,0.0,0.0,1,0.6666666666666666,0.2,0.5307212739772434,1,0.8,0.4,0.6608397947263839,1,0.7,0.7,0.6281460426238844
TelecomTS,C-File-No-No@20501859680:424-673,calib,Faulty RF Filters (Temporal),4,18,9,"['RSRP', 'RX_Bytes', 'TX_Bytes', 'UL_NPRB', 'UL_NumberOfPackets', 'UL_SNR', 'Estimated_UL_Buffer', 'UL_MCS', 'DL_Protocol']","['DL_BLER', 'PRB_Utilization_DL', 'PRB_Utilization_UL', 'RSRP', 'RX_Bytes', 'TX_Bytes', 'UL_BLER', 'UL_NPRB', 'UL_SNR']",0.5555555555555556,0.6975345238095227,0.4985,0.4985,0.05538888888888996,0.4985,0.89,0.5023333333333333,0.16744444444444487,0.5018434994281541,0.983,0.5035,0.27972222222222093,0.5027991789712432,1.0,0.5028499999999998,0.5587222222222222,0.5367345633448264,1.0,1,1.0,0.1111111111111111,1.0,1,1.0,0.3333333333333333,1.0,1,0.8,0.4444444444444444,0.8687949224876582,1,0.6,0.6666666666666666,0.7537624778216616
TelecomTS,C-File-No-No@20501859680:798-1139,calib,Buffer Overflow (Gradual Buildup),4,18,10,"['RSRP', 'RX_Bytes', 'TX_Bytes', 'UL_NPRB', 'DL_NumberOfPackets', 'UL_MCS', 'UL_SNR', 'UL_NumberOfPackets', 'PRB_Utilization_UL', 'DL_BLER']","['DL_BLER', 'DL_NumberOfPackets', 'Estimated_UL_Buffer', 'PRB_Utilization_DL', 'PRB_Utilization_UL', 'RX_Bytes', 'TX_Bytes', 'UL_BLER', 'UL_NPRB', 'UL_NumberOfPackets']",0.7,0.7371434523809518,0.551,0.551,0.055099999999999004,0.551,0.931,0.5520000000000004,0.1655999999999991,0.5523797861165335,0.995,0.5538999999999975,0.27694999999999875,0.5534391817568889,1.0,0.5545000000000035,0.5545000000000035,0.554077653419929,0.5,0,0.0,0.0,0.0,1,0.6666666666666666,0.2,0.5307212739772434,1,0.8,0.4,0.6608397947263839,1,0.7,0.7,0.6281460426238844
TelecomTS,C-Twitch-No-No@21227617344:118-557,calib,Resource Allocation Bugs,4,18,9,"['RSRP', 'RX_Bytes', 'UL_SNR', 'Estimated_UL_Buffer', 'UL_NPRB', 'UL_NumberOfPackets', 'UL_MCS', 'DL_NumberOfPackets', 'PRBs_DL_Current']","['DL_BLER', 'PRB_Utilization_DL', 'PRB_Utilization_UL', 'PRBs_DL_Current', 'PRBs_UL_Current', 'RX_Bytes', 'TX_Bytes', 'UL_BLER', 'UL_NPRB']",0.3333333333333333,0.6991071428571424,0.5025,0.5025,0.055833333333334415,0.5025,0.8905,0.4921666666666664,0.1640555555555563,0.4943967053492613,0.985,0.5016000000000004,0.2786666666666652,0.5001650580010075,1.0,0.5022,0.5579999999999997,0.5350928534149747,0.5,0,0.0,0.0,0.0,1,0.3333333333333333,0.1111111111111111,0.2960819109658652,1,0.4,0.2222222222222222,0.34519134224686937,1,0.4,0.4444444444444444,0.3779244228284993
RCAEval,re1ob_adservice_cpu_1,train,cpu,0,24,2,"['adservice_cpu', 'adservice_mem', 'currencyservice_mem']","['adservice_cpu', 'adservice_mem']",1.0,0.24297193785083257,0.0825,0.0825,0.04125,0.0825,0.2425,0.08400000000000019,0.126,0.10917190288529714,0.387,0.08379999999999968,0.2095,0.15105447054614835,0.692,0.08644999999999806,0.43225,0.2378290812028409,1.0,1,1.0,0.5,1.0,1,0.6666666666666666,1.0,1.0,1,0.4,1.0,1.0,1,0.2,1.0,1.0
RCAEval,re1ob_adservice_cpu_2,train,cpu,0,24,2,"['adservice_cpu', 'adservice_mem', 'frontend_cpu']","['adservice_cpu', 'adservice_mem']",1.0,0.24297193785083257,0.0825,0.0825,0.04125,0.0825,0.2425,0.08400000000000019,0.126,0.10917190288529714,0.387,0.08379999999999968,0.2095,0.15105447054614835,0.692,0.08644999999999806,0.43225,0.2378290812028409,1.0,1,1.0,0.5,1.0,1,0.6666666666666666,1.0,1.0,1,0.4,1.0,1.0,1,0.2,1.0,1.0
RCAEval,re1ob_adservice_cpu_3,train,cpu,0,24,2,"['adservice_cpu', 'adservice_mem', 'currencyservice_cpu']","['adservice_cpu', 'adservice_mem']",1.0,0.24297193785083257,0.0825,0.0825,0.04125,0.0825,0.2425,0.08400000000000019,0.126,0.10917190288529714,0.387,0.08379999999999968,0.2095,0.15105447054614835,0.692,0.08644999999999806,0.43225,0.2378290812028409,1.0,1,1.0,0.5,1.0,1,0.6666666666666666,1.0,1.0,1,0.4,1.0,1.0,1,0.2,1.0,1.0
RCAEval,re1ob_cartservice_cpu_1,train,cpu,0,24,2,"['cartservice_cpu', 'cartservice_mem', 'currencyservice_mem']","['cartservice_cpu', 'cartservice_mem']",1.0,0.23712768325426817,0.075,0.075,0.0375,0.075,0.239,0.08283333333333345,0.12425,0.10648196661732766,0.38,0.08279999999999965,0.207,0.14792812647961467,0.669,0.08339999999999825,0.417,0.23045030672184416,1.0,1,1.0,0.5,1.0,1,0.6666666666666666,1.0,1.0,1,0.4,1.0,1.0,1,0.2,1.0,1.0
RCAEval,re1ob_cartservice_cpu_2,train,cpu,0,24,2,"['cartservice_cpu', 'cartservice_mem', 'frontend_cpu']","['cartservice_cpu', 'cartservice_mem']",1.0,0.23712768325426817,0.075,0.075,0.0375,0.075,0.239,0.08283333333333345,0.12425,0.10648196661732766,0.38,0.08279999999999965,0.207,0.14792812647961467,0.669,0.08339999999999825,0.417,0.23045030672184416,1.0,1,1.0,0.5,1.0,1,0.6666666666666666,1.0,1.0,1,0.4,1.0,1.0,1,0.2,1.0,1.0
RCAEval,re1ob_cartservice_cpu_3,train,cpu,0,24,2,"['cartservice_cpu', 'cartservice_mem', 'currencyservice_cpu']","['cartservice_cpu', 'cartservice_mem']",1.0,0.23712768325426817,0.075,0.075,0.0375,0.075,0.239,0.08283333333333345,0.12425,0.10648196661732766,0.38,0.08279999999999965,0.207,0.14792812647961467,0.669,0.08339999999999825,0.417,0.23045030672184416,1.0,1,1.0,0.5,1.0,1,0.6666666666666666,1.0,1.0,1,0.4,1.0,1.0,1,0.2,1.0,1.0
RCAEval,re1ob_checkoutservice_cpu_1,train,cpu,0,24,2,"['checkoutservice_cpu', 'checkoutservice_mem', 'currencyservice_mem']","['checkoutservice_cpu', 'checkoutservice_mem']",1.0,0.24295991737637368,0.09,0.09,0.045,0.09,0.236,0.0815000000000001,0.12225,0.10856980880390868,0.3735,0.08239999999999974,0.206,0.15047692888683284,0.668,0.08389999999999825,0.4195,0.2337232470196927,1.0,1,1.0,0.5,1.0,1,0.6666666666666666,1.0,1.0,1,0.4,1.0,1.0,1,0.2,1.0,1.0
RCAEval,re1ob_checkoutservice_cpu_2,train,cpu,0,24,2,"['checkoutservice_cpu', 'checkoutservice_mem', 'frontend_cpu']","['checkoutservice_cpu', 'checkoutservice_mem']",1.0,0.24295991737637368,0.09,0.09,0.045,0.09,0.236,0.0815000000000001,0.12225,0.10856980880390868,0.3735,0.08239999999999974,0.206,0.15047692888683284,0.668,0.08389999999999825,0.4195,0.2337232470196927,1.0,1,1.0,0.5,1.0,1,0.6666666666666666,1.0,1.0,1,0.4,1.0,1.0,1,0.2,1.0,1.0
RCAEval,re1ob_checkoutservice_cpu_3,train,cpu,0,24,2,"['checkoutservice_cpu', 'checkoutservice_mem', 'cartservice_mem']","['checkoutservice_cpu', 'checkoutservice_mem']",1.0,0.24295991737637368,0.09,0.09,0.045,0.09,0.236,0.0815000000000001,0.12225,0.10856980880390868,0.3735,0.08239999999999974,0.206,0.15047692888683284,0.668,0.08389999999999825,0.4195,0.2337232470196927,1.0,1,1.0,0.5,1.0,1,0.6666666666666666,1.0,1.0,1,0.4,1.0,1.0,1,0.2,1.0,1.0
RCAEval,re1ob_currencyservice_cpu_1,train,cpu,0,24,2,"['currencyservice_cpu', 'checkoutservice_cpu', 'currencyservice_mem']","['currencyservice_cpu', 'currencyservice_mem']",0.5,0.23935328739934125,0.079,0.079,0.0395,0.079,0.2505,0.0855000000000002,0.12825,0.10891652200571718,0.3845,0.08329999999999974,0.20825,0.14909840006247826,0.6765,0.08259999999999822,0.413,0.22925705571584773,1.0,1,1.0,0.5,1.0,1,0.6666666666666666,1.0,0.9197207891481876,1,0.4,1.0,0.9197207891481876,1,0.2,1.0,0.9197207891481876
RCAEval,re1ob_currencyservice_cpu_2,train,cpu,0,24,2,"['currencyservice_cpu', 'currencyservice_mem', 'frontend_cpu']","['currencyservice_cpu', 'currencyservice_mem']",1.0,0.23935328739934125,0.079,0.079,0.0395,0.079,0.2505,0.0855000000000002,0.12825,0.10891652200571718,0.3845,0.08329999999999974,0.20825,0.14909840006247826,0.6765,0.08259999999999822,0.413,0.22925705571584773,1.0,1,1.0,0.5,1.0,1,0.6666666666666666,1.0,1.0,1,0.4,1.0,1.0,1,0.2,1.0,1.0
RCAEval,re1ob_currencyservice_cpu_3,train,cpu,0,24,2,"['currencyservice_cpu', 'currencyservice_mem', 'frontend_cpu']","['currencyservice_cpu', 'currencyservice_mem']",1.0,0.23935328739934125,0.079,0.079,0.0395,0.079,0.2505,0.0855000000000002,0.12825,0.10891652200571718,0.3845,0.08329999999999974,0.20825,0.14909840006247826,0.6765,0.08259999999999822,0.413,0.22925705571584773,1.0,1,1.0,0.5,1.0,1,0.6666666666666666,1.0,1.0,1,0.4,1.0,1.0,1,0.2,1.0,1.0
RCAEval,re1ob_productcatalogservice_cpu_1,train,cpu,0,24,2,"['productcatalogservice_mem', 'productcatalogservice_cpu', 'frontend_cpu']","['productcatalogservice_cpu', 'productcatalogservice_mem']",1.0,0.24324443365493426,0.0845,0.0845,0.04225,0.0845,0.239,0.08350000000000013,0.12525,0.1093653292889146,0.394,0.08679999999999961,0.217,0.15548410412809827,0.6685,0.08284999999999822,0.41425,0.23263891745740314,1.0,1,1.0,0.5,1.0,1,0.6666666666666666,1.0,1.0,1,0.4,1.0,1.0,1,0.2,1.0,1.0
RCAEval,re1ob_productcatalogservice_cpu_2,train,cpu,0,24,2,"['productcatalogservice_mem', 'productcatalogservice_cpu', 'adservice_mem']","['productcatalogservice_cpu', 'productcatalogservice_mem']",1.0,0.24324443365493426,0.0845,0.0845,0.04225,0.0845,0.239,0.08350000000000013,0.12525,0.1093653292889146,0.394,0.08679999999999961,0.217,0.15548410412809827,0.6685,0.08284999999999822,0.41425,0.23263891745740314,1.0,1,1.0,0.5,1.0,1,0.6666666666666666,1.0,1.0,1,0.4,1.0,1.0,1,0.2,1.0,1.0
RCAEval,re1ob_adservice_delay_1,train,delay,0,24,2,"['frontend_cpu', 'currencyservice_cpu', 'currencyservice_mem']","['adservice_cpu', 'adservice_mem']",0.0,0.24297193785083257,0.0825,0.0825,0.04125,0.0825,0.2425,0.08400000000000019,0.126,0.10917190288529714,0.387,0.08379999999999968,0.2095,0.15105447054614835,0.692,0.08644999999999806,0.43225,0.2378290812028409,0.16666666666666666,0,0.0,0.0,0.0,0,0.0,0.0,0.0,0,0.0,0.0,0.0,1,0.1,0.5,0.21840743681816419
RCAEval,re1ob_adservice_delay_2,train,delay,0,24,2,"['frontend_cpu', 'checkoutservice_mem', 'recommendationservice_cpu']","['adservice_cpu', 'adservice_mem']",0.0,0.24297193785083257,0.0825,0.0825,0.04125,0.0825,0.2425,0.08400000000000019,0.126,0.10917190288529714,0.387,0.08379999999999968,0.2095,0.15105447054614835,0.692,0.08644999999999806,0.43225,0.2378290812028409,0.2,0,0.0,0.0,0.0,0,0.0,0.0,0.0,1,0.2,0.5,0.23719771276929622,1,0.2,1.0,0.430624116386567
RCAEval,re1ob_adservice_delay_3,train,delay,0,24,2,"['frontend_cpu', 'currencyservice_cpu', 'adservice_mem']","['adservice_cpu', 'adservice_mem']",0.0,0.24297193785083257,0.0825,0.0825,0.04125,0.0825,0.2425,0.08400000000000019,0.126,0.10917190288529714,0.387,0.08379999999999968,0.2095,0.15105447054614835,0.692,0.08644999999999806,0.43225,0.2378290812028409,0.3333333333333333,0,0.0,0.0,0.0,1,0.3333333333333333,0.5,0.3065735963827292,1,0.4,1.0,0.5437713091520254,1,0.2,1.0,0.5437713091520254
RCAEval,re1ob_cartservice_delay_1,train,delay,0,24,2,"['frontend_cpu', 'productcatalogservice_cpu', 'frontend_mem']","['cartservice_cpu', 'cartservice_mem']",0.0,0.23712768325426817,0.075,0.075,0.0375,0.075,0.239,0.08283333333333345,0.12425,0.10648196661732766,0.38,0.08279999999999965,0.207,0.14792812647961467,0.669,0.08339999999999825,0.417,0.23045030672184416,0.07692307692307693,0,0.0,0.0,0.0,0,0.0,0.0,0.0,0,0.0,0.0,0.0,0,0.0,0.0,0.0
RCAEval,re1ob_cartservice_delay_2,train,delay,0,24,2,"['frontend_cpu', 'productcatalogservice_cpu', 'recommendationservice_cpu']","['cartservice_cpu', 'cartservice_mem']",0.0,0.23712768325426817,0.075,0.075,0.0375,0.075,0.239,0.08283333333333345,0.12425,0.10648196661732766,0.38,0.08279999999999965,0.207,0.14792812647961467,0.669,0.08339999999999825,0.417,0.23045030672184416,0.125,0,0.0,0.0,0.0,0,0.0,0.0,0.0,0,0.0,0.0,0.0,1,0.1,0.5,0.19342640361727081
RCAEval,re1ob_cartservice_delay_3,train,delay,0,24,2,"['frontend_cpu', 'frontend_mem', 'currencyservice_cpu']","['cartservice_cpu', 'cartservice_mem']",0.0,0.23712768325426817,0.075,0.075,0.0375,0.075,0.239,0.08283333333333345,0.12425,0.10648196661732766,0.38,0.08279999999999965,0.207,0.14792812647961467,0.669,0.08339999999999825,0.417,0.23045030672184416,0.16666666666666666,0,0.0,0.0,0.0,0,0.0,0.0,0.0,0,0.0,0.0,0.0,1,0.1,0.5,0.21840743681816419
RCAEval,re1ob_checkoutservice_delay_1,train,delay,0,24,2,"['frontend_cpu', 'adservice_cpu', 'currencyservice_cpu']","['checkoutservice_cpu', 'checkoutservice_mem']",0.0,0.24295991737637368,0.09,0.09,0.045,0.09,0.236,0.0815000000000001,0.12225,0.10856980880390868,0.3735,0.08239999999999974,0.206,0.15047692888683284,0.668,0.08389999999999825,0.4195,0.2337232470196927,0.125,0,0.0,0.0,0.0,0,0.0,0.0,0.0,0,0.0,0.0,0.0,1,0.1,0.5,0.19342640361727081
RCAEval,re1ob_checkoutservice_delay_2,train,delay,0,24,2,"['frontend_cpu', 'adservice_cpu', 'currencyservice_mem']","['checkoutservice_cpu', 'checkoutservice_mem']",0.0,0.24295991737637368,0.09,0.09,0.045,0.09,0.236,0.0815000000000001,0.12225,0.10856980880390868,0.3735,0.08239999999999974,0.206,0.15047692888683284,0.668,0.08389999999999825,0.4195,0.2337232470196927,0.25,0,0.0,0.0,0.0,0,0.0,0.0,0.0,1,0.2,0.5,0.2640681225725909,1,0.2,1.0,0.448643819352159
RCAEval,re1ob_checkoutservice_delay_3,train,delay,0,24,2,"['frontend_cpu', 'adservice_mem', 'frontend_mem']","['checkoutservice_cpu', 'checkoutservice_mem']",0.0,0.24295991737637368,0.09,0.09,0.045,0.09,0.236,0.0815000000000001,0.12225,0.10856980880390868,0.3735,0.08239999999999974,0.206,0.15047692888683284,0.668,0.08389999999999825,0.4195,0.2337232470196927,0.06666666666666667,0,0.0,0.0,0.0,0,0.0,0.0,0.0,0,0.0,0.0,0.0,0,0.0,0.0,0.0
RCAEval,re1ob_currencyservice_delay_1,train,delay,0,24,2,"['frontend_cpu', 'recommendationservice_cpu', 'frontend_mem']","['currencyservice_cpu', 'currencyservice_mem']",0.0,0.23935328739934125,0.079,0.079,0.0395,0.079,0.2505,0.0855000000000002,0.12825,0.10891652200571718,0.3845,0.08329999999999974,0.20825,0.14909840006247826,0.6765,0.08259999999999822,0.413,0.22925705571584773,0.125,0,0.0,0.0,0.0,0,0.0,0.0,0.0,0,0.0,0.0,0.0,1,0.2,1.0,0.3706656904013186
RCAEval,re1ob_currencyservice_delay_2,train,delay,0,24,2,"['frontend_cpu', 'frontend_mem', 'cartservice_mem']","['currencyservice_cpu', 'currencyservice_mem']",0.0,0.23935328739934125,0.079,0.079,0.0395,0.079,0.2505,0.0855000000000002,0.12825,0.10891652200571718,0.3845,0.08329999999999974,0.20825,0.14909840006247826,0.6765,0.08259999999999822,0.413,0.22925705571584773,0.125,0,0.0,0.0,0.0,0,0.0,0.0,0.0,0,0.0,0.0,0.0,1,0.2,1.0,0.3706656904013186
RCAEval,re1ob_currencyservice_delay_3,train,delay,0,24,2,"['frontend_cpu', 'frontend_mem', 'productcatalogservice_cpu']","['currencyservice_cpu', 'currencyservice_mem']",0.0,0.23935328739934125,0.079,0.079,0.0395,0.079,0.2505,0.0855000000000002,0.12825,0.10891652200571718,0.3845,0.08329999999999974,0.20825,0.14909840006247826,0.6765,0.08259999999999822,0.413,0.22925705571584773,0.25,0,0.0,0.0,0.0,0,0.0,0.0,0.0,1,0.2,0.5,0.2640681225725909,1,0.1,0.5,0.2640681225725909
RCAEval,re1ob_productcatalogservice_delay_1,train,delay,0,24,2,"['frontend_cpu', 'recommendationservice_cpu', 'adservice_mem']","['productcatalogservice_cpu', 'productcatalogservice_mem']",0.0,0.24324443365493426,0.0845,0.0845,0.04225,0.0845,0.239,0.08350000000000013,0.12525,0.1093653292889146,0.394,0.08679999999999961,0.217,0.15548410412809827,0.6685,0.08284999999999822,0.41425,0.23263891745740314,0.1111111111111111,0,0.0,0.0,0.0,0,0.0,0.0,0.0,0,0.0,0.0,0.0,1,0.1,0.5,0.18457569677956817
RCAEval,re1ob_productcatalogservice_delay_2,train,delay,0,24,2,"['frontend_cpu', 'frontend_mem', 'productcatalogservice_cpu']","['productcatalogservice_cpu', 'productcatalogservice_mem']",0.0,0.24324443365493426,0.0845,0.0845,0.04225,0.0845,0.239,0.08350000000000013,0.12525,0.1093653292889146,0.394,0.08679999999999961,0.217,0.15548410412809827,0.6685,0.08284999999999822,0.41425,0.23263891745740314,0.3333333333333333,0,0.0,0.0,0.0,1,0.3333333333333333,0.5,0.3065735963827292,1,0.2,0.5,0.3065735963827292,1,0.2,1.0,0.5109559939712153
RCAEval,re1ob_productcatalogservice_delay_3,train,delay,0,24,2,"['frontend_cpu', 'productcatalogservice_cpu', 'frontend_mem']","['productcatalogservice_cpu', 'productcatalogservice_mem']",0.5,0.24324443365493426,0.0845,0.0845,0.04225,0.0845,0.239,0.08350000000000013,0.12525,0.1093653292889146,0.394,0.08679999999999961,0.217,0.15548410412809827,0.6685,0.08284999999999822,0.41425,0.23263891745740314,0.5,0,0.0,0.0,0.0,1,0.3333333333333333,0.5,0.38685280723454163,1,0.2,0.5,0.38685280723454163,1,0.1,0.5,0.38685280723454163
RCAEval,re1ob_adservice_disk_1,train,disk,0,24,2,"['adservice_cpu', 'adservice_mem', 'currencyservice_cpu']","['adservice_cpu', 'adservice_mem']",1.0,0.24297193785083257,0.0825,0.0825,0.04125,0.0825,0.2425,0.08400000000000019,0.126,0.10917190288529714,0.387,0.08379999999999968,0.2095,0.15105447054614835,0.692,0.08644999999999806,0.43225,0.2378290812028409,1.0,1,1.0,0.5,1.0,1,0.6666666666666666,1.0,1.0,1,0.4,1.0,1.0,1,0.2,1.0,1.0
RCAEval,re1ob_adservice_disk_2,train,disk,0,24,2,"['adservice_cpu', 'cartservice_cpu', 'currencyservice_cpu']","['adservice_cpu', 'adservice_mem']",0.5,0.24297193785083257,0.0825,0.0825,0.04125,0.0825,0.2425,0.08400000000000019,0.126,0.10917190288529714,0.387,0.08379999999999968,0.2095,0.15105447054614835,0.692,0.08644999999999806,0.43225,0.2378290812028409,1.0,1,1.0,0.5,1.0,1,0.3333333333333333,0.5,0.6131471927654584,1,0.4,1.0,0.8772153153380493,1,0.2,1.0,0.8772153153380493
RCAEval,re1ob_adservice_disk_3,train,disk,0,24,2,"['adservice_cpu', 'adservice_mem', 'cartservice_mem']","['adservice_cpu', 'adservice_mem']",1.0,0.24297193785083257,0.0825,0.0825,0.04125,0.0825,0.2425,0.08400000000000019,0.126,0.10917190288529714,0.387,0.08379999999999968,0.2095,0.15105447054614835,0.692,0.08644999999999806,0.43225,0.2378290812028409,1.0,1,1.0,0.5,1.0,1,0.6666666666666666,1.0,1.0,1,0.4,1.0,1.0,1,0.2,1.0,1.0
RCAEval,re1ob_cartservice_disk_1,train,disk,0,24,2,"['cartservice_cpu', 'cartservice_mem', 'currencyservice_cpu']","['cartservice_cpu', 'cartservice_mem']",1.0,0.23712768325426817,0.075,0.075,0.0375,0.075,0.239,0.08283333333333345,0.12425,0.10648196661732766,0.38,0.08279999999999965,0.207,0.14792812647961467,0.669,0.08339999999999825,0.417,0.23045030672184416,1.0,1,1.0,0.5,1.0,1,0.6666666666666666,1.0,1.0,1,0.4,1.0,1.0,1,0.2,1.0,1.0
RCAEval,re1ob_cartservice_disk_2,train,disk,0,24,2,"['cartservice_cpu', 'cartservice_mem', 'frontend_cpu']","['cartservice_cpu', 'cartservice_mem']",1.0,0.23712768325426817,0.075,0.075,0.0375,0.075,0.239,0.08283333333333345,0.12425,0.10648196661732766,0.38,0.08279999999999965,0.207,0.14792812647961467,0.669,0.08339999999999825,0.417,0.23045030672184416,1.0,1,1.0,0.5,1.0,1,0.6666666666666666,1.0,1.0,1,0.4,1.0,1.0,1,0.2,1.0,1.0
RCAEval,re1ob_cartservice_disk_3,train,disk,0,24,2,"['cartservice_cpu', 'cartservice_mem', 'frontend_cpu']","['cartservice_cpu', 'cartservice_mem']",1.0,0.23712768325426817,0.075,0.075,0.0375,0.075,0.239,0.08283333333333345,0.12425,0.10648196661732766,0.38,0.08279999999999965,0.207,0.14792812647961467,0.669,0.08339999999999825,0.417,0.23045030672184416,1.0,1,1.0,0.5,1.0,1,0.6666666666666666,1.0,1.0,1,0.4,1.0,1.0,1,0.2,1.0,1.0
RCAEval,re1ob_checkoutservice_disk_1,train,disk,0,24,2,"['checkoutservice_cpu', 'checkoutservice_mem', 'adservice_cpu']","['checkoutservice_cpu', 'checkoutservice_mem']",1.0,0.24295991737637368,0.09,0.09,0.045,0.09,0.236,0.0815000000000001,0.12225,0.10856980880390868,0.3735,0.08239999999999974,0.206,0.15047692888683284,0.668,0.08389999999999825,0.4195,0.2337232470196927,1.0,1,1.0,0.5,1.0,1,0.6666666666666666,1.0,1.0,1,0.4,1.0,1.0,1,0.2,1.0,1.0
RCAEval,re1ob_checkoutservice_disk_2,train,disk,0,24,2,"['checkoutservice_cpu', 'checkoutservice_mem', 'adservice_cpu']","['checkoutservice_cpu', 'checkoutservice_mem']",1.0,0.24295991737637368,0.09,0.09,0.045,0.09,0.236,0.0815000000000001,0.12225,0.10856980880390868,0.3735,0.08239999999999974,0.206,0.15047692888683284,0.668,0.08389999999999825,0.4195,0.2337232470196927,1.0,1,1.0,0.5,1.0,1,0.6666666666666666,1.0,1.0,1,0.4,1.0,1.0,1,0.2,1.0,1.0
RCAEval,re1ob_checkoutservice_disk_3,train,disk,0,24,2,"['checkoutservice_cpu', 'checkoutservice_mem', 'currencyservice_cpu']","['checkoutservice_cpu', 'checkoutservice_mem']",1.0,0.24295991737637368,0.09,0.09,0.045,0.09,0.236,0.0815000000000001,0.12225,0.10856980880390868,0.3735,0.08239999999999974,0.206,0.15047692888683284,0.668,0.08389999999999825,0.4195,0.2337232470196927,1.0,1,1.0,0.5,1.0,1,0.6666666666666666,1.0,1.0,1,0.4,1.0,1.0,1,0.2,1.0,1.0
RCAEval,re1ob_currencyservice_disk_1,train,disk,0,24,2,"['currencyservice_cpu', 'frontend_cpu', 'currencyservice_mem']","['currencyservice_cpu', 'currencyservice_mem']",0.5,0.23935328739934125,0.079,0.079,0.0395,0.079,0.2505,0.0855000000000002,0.12825,0.10891652200571718,0.3845,0.08329999999999974,0.20825,0.14909840006247826,0.6765,0.08259999999999822,0.413,0.22925705571584773,1.0,1,1.0,0.5,1.0,1,0.6666666666666666,1.0,0.9197207891481876,1,0.4,1.0,0.9197207891481876,1,0.2,1.0,0.9197207891481876
RCAEval,re1ob_currencyservice_disk_2,train,disk,0,24,2,"['currencyservice_cpu', 'frontend_cpu', 'currencyservice_mem']","['currencyservice_cpu', 'currencyservice_mem']",0.5,0.23935328739934125,0.079,0.079,0.0395,0.079,0.2505,0.0855000000000002,0.12825,0.10891652200571718,0.3845,0.08329999999999974,0.20825,0.14909840006247826,0.6765,0.08259999999999822,0.413,0.22925705571584773,1.0,1,1.0,0.5,1.0,1,0.6666666666666666,1.0,0.9197207891481876,1,0.4,1.0,0.9197207891481876,1,0.2,1.0,0.9197207891481876
RCAEval,re1ob_currencyservice_disk_3,train,disk,0,24,2,"['currencyservice_cpu', 'currencyservice_mem', 'frontend_cpu']","['currencyservice_cpu', 'currencyservice_mem']",1.0,0.23935328739934125,0.079,0.079,0.0395,0.079,0.2505,0.0855000000000002,0.12825,0.10891652200571718,0.3845,0.08329999999999974,0.20825,0.14909840006247826,0.6765,0.08259999999999822,0.413,0.22925705571584773,1.0,1,1.0,0.5,1.0,1,0.6666666666666666,1.0,1.0,1,0.4,1.0,1.0,1,0.2,1.0,1.0
RCAEval,re1ob_productcatalogservice_disk_1,train,disk,0,24,2,"['productcatalogservice_mem', 'productcatalogservice_cpu', 'frontend_cpu']","['productcatalogservice_cpu', 'productcatalogservice_mem']",1.0,0.24324443365493426,0.0845,0.0845,0.04225,0.0845,0.239,0.08350000000000013,0.12525,0.1093653292889146,0.394,0.08679999999999961,0.217,0.15548410412809827,0.6685,0.08284999999999822,0.41425,0.23263891745740314,1.0,1,1.0,0.5,1.0,1,0.6666666666666666,1.0,1.0,1,0.4,1.0,1.0,1,0.2,1.0,1.0
RCAEval,re1ob_productcatalogservice_disk_2,train,disk,0,24,2,"['productcatalogservice_mem', 'productcatalogservice_cpu', 'frontend_cpu']","['productcatalogservice_cpu', 'productcatalogservice_mem']",1.0,0.24324443365493426,0.0845,0.0845,0.04225,0.0845,0.239,0.08350000000000013,0.12525,0.1093653292889146,0.394,0.08679999999999961,0.217,0.15548410412809827,0.6685,0.08284999999999822,0.41425,0.23263891745740314,1.0,1,1.0,0.5,1.0,1,0.6666666666666666,1.0,1.0,1,0.4,1.0,1.0,1,0.2,1.0,1.0
RCAEval,re1ob_productcatalogservice_disk_3,train,disk,0,24,2,"['productcatalogservice_mem', 'productcatalogservice_cpu', 'frontend_cpu']","['productcatalogservice_cpu', 'productcatalogservice_mem']",1.0,0.24324443365493426,0.0845,0.0845,0.04225,0.0845,0.239,0.08350000000000013,0.12525,0.1093653292889146,0.394,0.08679999999999961,0.217,0.15548410412809827,0.6685,0.08284999999999822,0.41425,0.23263891745740314,1.0,1,1.0,0.5,1.0,1,0.6666666666666666,1.0,1.0,1,0.4,1.0,1.0,1,0.2,1.0,1.0
RCAEval,re1ob_adservice_loss_1,train,loss,0,24,2,"['frontend_cpu', 'adservice_cpu', 'currencyservice_cpu']","['adservice_cpu', 'adservice_mem']",0.5,0.24297193785083257,0.0825,0.0825,0.04125,0.0825,0.2425,0.08400000000000019,0.126,0.10917190288529714,0.387,0.08379999999999968,0.2095,0.15105447054614835,0.692,0.08644999999999806,0.43225,0.2378290812028409,0.5,0,0.0,0.0,0.0,1,0.3333333333333333,0.5,0.38685280723454163,1,0.2,0.5,0.38685280723454163,1,0.2,1.0,0.6052602440527057
RCAEval,re1ob_adservice_loss_2,train,loss,0,24,2,"['frontend_cpu', 'adservice_cpu', 'adservice_mem']","['adservice_cpu', 'adservice_mem']",0.5,0.24297193785083257,0.0825,0.0825,0.04125,0.0825,0.2425,0.08400000000000019,0.126,0.10917190288529714,0.387,0.08379999999999968,0.2095,0.15105447054614835,0.692,0.08644999999999806,0.43225,0.2378290812028409,0.5,0,0.0,0.0,0.0,1,0.6666666666666666,1.0,0.6934264036172708,1,0.4,1.0,0.6934264036172708,1,0.2,1.0,0.6934264036172708
RCAEval,re1ob_adservice_loss_3,train,loss,0,24,2,"['frontend_cpu', 'adservice_cpu', 'adservice_mem']","['adservice_cpu', 'adservice_mem']",0.5,0.24297193785083257,0.0825,0.0825,0.04125,0.0825,0.2425,0.08400000000000019,0.126,0.10917190288529714,0.387,0.08379999999999968,0.2095,0.15105447054614835,0.692,0.08644999999999806,0.43225,0.2378290812028409,0.5,0,0.0,0.0,0.0,1,0.6666666666666666,1.0,0.6934264036172708,1,0.4,1.0,0.6934264036172708,1,0.2,1.0,0.6934264036172708
RCAEval,re1ob_cartservice_loss_1,train,loss,0,24,2,"['frontend_cpu', 'adservice_cpu', 'cartservice_mem']","['cartservice_cpu', 'cartservice_mem']",0.0,0.23712768325426817,0.075,0.075,0.0375,0.075,0.239,0.08283333333333345,0.12425,0.10648196661732766,0.38,0.08279999999999965,0.207,0.14792812647961467,0.669,0.08339999999999825,0.417,0.23045030672184416,0.3333333333333333,0,0.0,0.0,0.0,1,0.3333333333333333,0.5,0.3065735963827292,1,0.2,0.5,0.3065735963827292,1,0.1,0.5,0.3065735963827292
RCAEval,re1ob_cartservice_loss_2,train,loss,0,24,2,"['frontend_cpu', 'recommendationservice_mem', 'checkoutservice_mem']","['cartservice_cpu', 'cartservice_mem']",0.0,0.23712768325426817,0.075,0.075,0.0375,0.075,0.239,0.08283333333333345,0.12425,0.10648196661732766,0.38,0.08279999999999965,0.207,0.14792812647961467,0.669,0.08339999999999825,0.417,0.23045030672184416,0.1,0,0.0,0.0,0.0,0,0.0,0.0,0.0,0,0.0,0.0,0.0,1,0.1,0.5,0.17723928678404774
RCAEval,re1ob_cartservice_loss_3,train,loss,0,24,2,"['frontend_cpu', 'recommendationservice_mem', 'cartservice_mem']","['cartservice_cpu', 'cartservice_mem']",0.0,0.23712768325426817,0.075,0.075,0.0375,0.075,0.239,0.08283333333333345,0.12425,0.10648196661732766,0.38,0.08279999999999965,0.207,0.14792812647961467,0.669,0.08339999999999825,0.417,0.23045030672184416,0.3333333333333333,0,0.0,0.0,0.0,1,0.3333333333333333,0.5,0.3065735963827292,1,0.2,0.5,0.3065735963827292,1,0.1,0.5,0.3065735963827292
RCAEval,re1ob_checkoutservice_loss_1,train,loss,0,24,2,"['frontend_cpu', 'checkoutservice_mem', 'checkoutservice_cpu']","['checkoutservice_cpu', 'checkoutservice_mem']",0.5,0.24295991737637368,0.09,0.09,0.045,0.09,0.236,0.0815000000000001,0.12225,0.10856980880390868,0.3735,0.08239999999999974,0.206,0.15047692888683284,0.668,0.08389999999999825,0.4195,0.2337232470196927,0.5,0,0.0,0.0,0.0,1,0.6666666666666666,1.0,0.6934264036172708,1,0.4,1.0,0.6934264036172708,1,0.2,1.0,0.6934264036172708
RCAEval,re1ob_checkoutservice_loss_2,train,loss,0,24,2,"['frontend_cpu', 'checkoutservice_cpu', 'checkoutservice_mem']","['checkoutservice_cpu', 'checkoutservice_mem']",0.5,0.24295991737637368,0.09,0.09,0.045,0.09,0.236,0.0815000000000001,0.12225,0.10856980880390868,0.3735,0.08239999999999974,0.206,0.15047692888683284,0.668,0.08389999999999825,0.4195,0.2337232470196927,0.5,0,0.0,0.0,0.0,1,0.6666666666666666,1.0,0.6934264036172708,1,0.4,1.0,0.6934264036172708,1,0.2,1.0,0.6934264036172708
RCAEval,re1ob_checkoutservice_loss_3,train,loss,0,24,2,"['frontend_cpu', 'checkoutservice_cpu', 'checkoutservice_mem']","['checkoutservice_cpu', 'checkoutservice_mem']",0.5,0.24295991737637368,0.09,0.09,0.045,0.09,0.236,0.0815000000000001,0.12225,0.10856980880390868,0.3735,0.08239999999999974,0.206,0.15047692888683284,0.668,0.08389999999999825,0.4195,0.2337232470196927,0.5,0,0.0,0.0,0.0,1,0.6666666666666666,1.0,0.6934264036172708,1,0.4,1.0,0.6934264036172708,1,0.2,1.0,0.6934264036172708
RCAEval,re1ob_currencyservice_loss_2,train,loss,0,24,2,"['frontend_cpu', 'redis_cpu', 'recommendationservice_mem']","['currencyservice_cpu', 'currencyservice_mem']",0.0,0.23935328739934125,0.079,0.079,0.0395,0.079,0.2505,0.0855000000000002,0.12825,0.10891652200571718,0.3845,0.08329999999999974,0.20825,0.14909840006247826,0.6765,0.08259999999999822,0.413,0.22925705571584773,0.2,0,0.0,0.0,0.0,0,0.0,0.0,0.0,1,0.2,0.5,0.23719771276929622,1,0.2,1.0,0.4415801103577823
RCAEval,re1ob_currencyservice_loss_3,train,loss,0,24,2,"['frontend_cpu', 'redis_cpu', 'frontend_mem']","['currencyservice_cpu', 'currencyservice_mem']",0.0,0.23935328739934125,0.079,0.079,0.0395,0.079,0.2505,0.0855000000000002,0.12825,0.10891652200571718,0.3845,0.08329999999999974,0.20825,0.14909840006247826,0.6765,0.08259999999999822,0.413,0.22925705571584773,0.14285714285714285,0,0.0,0.0,0.0,0,0.0,0.0,0.0,0,0.0,0.0,0.0,1,0.2,1.0,0.3889580943680543
RCAEval,re1ob_productcatalogservice_loss_1,train,loss,0,24,2,"['frontend_cpu', 'productcatalogservice_mem', 'checkoutservice_mem']","['productcatalogservice_cpu', 'productcatalogservice_mem']",0.5,0.24324443365493426,0.0845,0.0845,0.04225,0.0845,0.239,0.08350000000000013,0.12525,0.1093653292889146,0.394,0.08679999999999961,0.217,0.15548410412809827,0.6685,0.08284999999999822,0.41425,0.23263891745740314,0.5,0,0.0,0.0,0.0,1,0.3333333333333333,0.5,0.38685280723454163,1,0.2,0.5,0.38685280723454163,1,0.1,0.5,0.38685280723454163
RCAEval,re1ob_productcatalogservice_loss_2,train,loss,0,24,2,"['frontend_cpu', 'checkoutservice_mem', 'productcatalogservice_mem']","['productcatalogservice_cpu', 'productcatalogservice_mem']",0.0,0.24324443365493426,0.0845,0.0845,0.04225,0.0845,0.239,0.08350000000000013,0.12525,0.1093653292889146,0.394,0.08679999999999961,0.217,0.15548410412809827,0.6685,0.08284999999999822,0.41425,0.23263891745740314,0.3333333333333333,0,0.0,0.0,0.0,1,0.3333333333333333,0.5,0.3065735963827292,1,0.2,0.5,0.3065735963827292,1,0.2,1.0,0.48381288316677695
RCAEval,re1ob_productcatalogservice_loss_3,train,loss,0,24,2,"['productcatalogservice_mem', 'frontend_cpu', 'checkoutservice_mem']","['productcatalogservice_cpu', 'productcatalogservice_mem']",0.5,0.24324443365493426,0.0845,0.0845,0.04225,0.0845,0.239,0.08350000000000013,0.12525,0.1093653292889146,0.394,0.08679999999999961,0.217,0.15548410412809827,0.6685,0.08284999999999822,0.41425,0.23263891745740314,1.0,1,1.0,0.5,1.0,1,0.3333333333333333,0.5,0.6131471927654584,1,0.2,0.5,0.6131471927654584,1,0.1,0.5,0.6131471927654584
RCAEval,re1ob_adservice_mem_1,train,mem,0,24,2,"['adservice_cpu', 'adservice_mem', 'currencyservice_mem']","['adservice_cpu', 'adservice_mem']",1.0,0.24297193785083257,0.0825,0.0825,0.04125,0.0825,0.2425,0.08400000000000019,0.126,0.10917190288529714,0.387,0.08379999999999968,0.2095,0.15105447054614835,0.692,0.08644999999999806,0.43225,0.2378290812028409,1.0,1,1.0,0.5,1.0,1,0.6666666666666666,1.0,1.0,1,0.4,1.0,1.0,1,0.2,1.0,1.0
RCAEval,re1ob_adservice_mem_2,train,mem,0,24,2,"['adservice_cpu', 'adservice_mem', 'currencyservice_mem']","['adservice_cpu', 'adservice_mem']",1.0,0.24297193785083257,0.0825,0.0825,0.04125,0.0825,0.2425,0.08400000000000019,0.126,0.10917190288529714,0.387,0.08379999999999968,0.2095,0.15105447054614835,0.692,0.08644999999999806,0.43225,0.2378290812028409,1.0,1,1.0,0.5,1.0,1,0.6666666666666666,1.0,1.0,1,0.4,1.0,1.0,1,0.2,1.0,1.0
RCAEval,re1ob_adservice_mem_3,train,mem,0,24,2,"['adservice_cpu', 'currencyservice_mem', 'adservice_mem']","['adservice_cpu', 'adservice_mem']",0.5,0.24297193785083257,0.0825,0.0825,0.04125,0.0825,0.2425,0.08400000000000019,0.126,0.10917190288529714,0.387,0.08379999999999968,0.2095,0.15105447054614835,0.692,0.08644999999999806,0.43225,0.2378290812028409,1.0,1,1.0,0.5,1.0,1,0.6666666666666666,1.0,0.9197207891481876,1,0.4,1.0,0.9197207891481876,1,0.2,1.0,0.9197207891481876
RCAEval,re1ob_cartservice_mem_1,train,mem,0,24,2,"['cartservice_cpu', 'cartservice_mem', 'frontend_cpu']","['cartservice_cpu', 'cartservice_mem']",1.0,0.23712768325426817,0.075,0.075,0.0375,0.075,0.239,0.08283333333333345,0.12425,0.10648196661732766,0.38,0.08279999999999965,0.207,0.14792812647961467,0.669,0.08339999999999825,0.417,0.23045030672184416,1.0,1,1.0,0.5,1.0,1,0.6666666666666666,1.0,1.0,1,0.4,1.0,1.0,1,0.2,1.0,1.0
RCAEval,re1ob_cartservice_mem_2,train,mem,0,24,2,"['cartservice_cpu', 'cartservice_mem', 'redis_cpu']","['cartservice_cpu', 'cartservice_mem']",1.0,0.23712768325426817,0.075,0.075,0.0375,0.075,0.239,0.08283333333333345,0.12425,0.10648196661732766,0.38,0.08279999999999965,0.207,0.14792812647961467,0.669,0.08339999999999825,0.417,0.23045030672184416,1.0,1,1.0,0.5,1.0,1,0.6666666666666666,1.0,1.0,1,0.4,1.0,1.0,1,0.2,1.0,1.0
RCAEval,re1ob_cartservice_mem_3,train,mem,0,24,2,"['cartservice_cpu', 'cartservice_mem', 'frontend_cpu']","['cartservice_cpu', 'cartservice_mem']",1.0,0.23712768325426817,0.075,0.075,0.0375,0.075,0.239,0.08283333333333345,0.12425,0.10648196661732766,0.38,0.08279999999999965,0.207,0.14792812647961467,0.669,0.08339999999999825,0.417,0.23045030672184416,1.0,1,1.0,0.5,1.0,1,0.6666666666666666,1.0,1.0,1,0.4,1.0,1.0,1,0.2,1.0,1.0
RCAEval,re1ob_checkoutservice_mem_1,train,mem,0,24,2,"['checkoutservice_cpu', 'checkoutservice_mem', 'adservice_cpu']","['checkoutservice_cpu', 'checkoutservice_mem']",1.0,0.24295991737637368,0.09,0.09,0.045,0.09,0.236,0.0815000000000001,0.12225,0.10856980880390868,0.3735,0.08239999999999974,0.206,0.15047692888683284,0.668,0.08389999999999825,0.4195,0.2337232470196927,1.0,1,1.0,0.5,1.0,1,0.6666666666666666,1.0,1.0,1,0.4,1.0,1.0,1,0.2,1.0,1.0
RCAEval,re1ob_checkoutservice_mem_2,train,mem,0,24,2,"['checkoutservice_cpu', 'checkoutservice_mem', 'adservice_cpu']","['checkoutservice_cpu', 'checkoutservice_mem']",1.0,0.24295991737637368,0.09,0.09,0.045,0.09,0.236,0.0815000000000001,0.12225,0.10856980880390868,0.3735,0.08239999999999974,0.206,0.15047692888683284,0.668,0.08389999999999825,0.4195,0.2337232470196927,1.0,1,1.0,0.5,1.0,1,0.6666666666666666,1.0,1.0,1,0.4,1.0,1.0,1,0.2,1.0,1.0
RCAEval,re1ob_checkoutservice_mem_3,train,mem,0,24,2,"['checkoutservice_cpu', 'checkoutservice_mem', 'adservice_cpu']","['checkoutservice_cpu', 'checkoutservice_mem']",1.0,0.24295991737637368,0.09,0.09,0.045,0.09,0.236,0.0815000000000001,0.12225,0.10856980880390868,0.3735,0.08239999999999974,0.206,0.15047692888683284,0.668,0.08389999999999825,0.4195,0.2337232470196927,1.0,1,1.0,0.5,1.0,1,0.6666666666666666,1.0,1.0,1,0.4,1.0,1.0,1,0.2,1.0,1.0
RCAEval,re1ob_currencyservice_mem_1,train,mem,0,24,2,"['currencyservice_cpu', 'currencyservice_mem', 'frontend_cpu']","['currencyservice_cpu', 'currencyservice_mem']",1.0,0.23935328739934125,0.079,0.079,0.0395,0.079,0.2505,0.0855000000000002,0.12825,0.10891652200571718,0.3845,0.08329999999999974,0.20825,0.14909840006247826,0.6765,0.08259999999999822,0.413,0.22925705571584773,1.0,1,1.0,0.5,1.0,1,0.6666666666666666,1.0,1.0,1,0.4,1.0,1.0,1,0.2,1.0,1.0
RCAEval,re1ob_currencyservice_mem_2,train,mem,0,24,2,"['currencyservice_cpu', 'currencyservice_mem', 'frontend_cpu']","['currencyservice_cpu', 'currencyservice_mem']",1.0,0.23935328739934125,0.079,0.079,0.0395,0.079,0.2505,0.0855000000000002,0.12825,0.10891652200571718,0.3845,0.08329999999999974,0.20825,0.14909840006247826,0.6765,0.08259999999999822,0.413,0.22925705571584773,1.0,1,1.0,0.5,1.0,1,0.6666666666666666,1.0,1.0,1,0.4,1.0,1.0,1,0.2,1.0,1.0
RCAEval,re1ob_currencyservice_mem_3,train,mem,0,24,2,"['currencyservice_cpu', 'currencyservice_mem', 'frontend_cpu']","['currencyservice_cpu', 'currencyservice_mem']",1.0,0.23935328739934125,0.079,0.079,0.0395,0.079,0.2505,0.0855000000000002,0.12825,0.10891652200571718,0.3845,0.08329999999999974,0.20825,0.14909840006247826,0.6765,0.08259999999999822,0.413,0.22925705571584773,1.0,1,1.0,0.5,1.0,1,0.6666666666666666,1.0,1.0,1,0.4,1.0,1.0,1,0.2,1.0,1.0
RCAEval,re1ob_productcatalogservice_mem_1,train,mem,0,24,2,"['productcatalogservice_mem', 'productcatalogservice_cpu', 'frontend_cpu']","['productcatalogservice_cpu', 'productcatalogservice_mem']",1.0,0.24324443365493426,0.0845,0.0845,0.04225,0.0845,0.239,0.08350000000000013,0.12525,0.1093653292889146,0.394,0.08679999999999961,0.217,0.15548410412809827,0.6685,0.08284999999999822,0.41425,0.23263891745740314,1.0,1,1.0,0.5,1.0,1,0.6666666666666666,1.0,1.0,1,0.4,1.0,1.0,1,0.2,1.0,1.0
RCAEval,re1ob_productcatalogservice_mem_2,train,mem,0,24,2,"['productcatalogservice_mem', 'productcatalogservice_cpu', 'frontend_cpu']","['productcatalogservice_cpu', 'productcatalogservice_mem']",1.0,0.24324443365493426,0.0845,0.0845,0.04225,0.0845,0.239,0.08350000000000013,0.12525,0.1093653292889146,0.394,0.08679999999999961,0.217,0.15548410412809827,0.6685,0.08284999999999822,0.41425,0.23263891745740314,1.0,1,1.0,0.5,1.0,1,0.6666666666666666,1.0,1.0,1,0.4,1.0,1.0,1,0.2,1.0,1.0
RCAEval,re1ob_productcatalogservice_mem_3,train,mem,0,24,2,"['productcatalogservice_mem', 'productcatalogservice_cpu', 'frontend_cpu']","['productcatalogservice_cpu', 'productcatalogservice_mem']",1.0,0.24324443365493426,0.0845,0.0845,0.04225,0.0845,0.239,0.08350000000000013,0.12525,0.1093653292889146,0.394,0.08679999999999961,0.217,0.15548410412809827,0.6685,0.08284999999999822,0.41425,0.23263891745740314,1.0,1,1.0,0.5,1.0,1,0.6666666666666666,1.0,1.0,1,0.4,1.0,1.0,1,0.2,1.0,1.0
RCAEval,re1ob_adservice_cpu_4,eval,cpu,0,24,2,"['adservice_cpu', 'adservice_mem', 'frontend_cpu']","['adservice_cpu', 'adservice_mem']",1.0,0.24297193785083257,0.0825,0.0825,0.04125,0.0825,0.2425,0.08400000000000019,0.126,0.10917190288529714,0.387,0.08379999999999968,0.2095,0.15105447054614835,0.692,0.08644999999999806,0.43225,0.2378290812028409,1.0,1,1.0,0.5,1.0,1,0.6666666666666666,1.0,1.0,1,0.4,1.0,1.0,1,0.2,1.0,1.0
RCAEval,re1ob_cartservice_cpu_4,eval,cpu,0,24,2,"['cartservice_cpu', 'cartservice_mem', 'frontend_cpu']","['cartservice_cpu', 'cartservice_mem']",1.0,0.23712768325426817,0.075,0.075,0.0375,0.075,0.239,0.08283333333333345,0.12425,0.10648196661732766,0.38,0.08279999999999965,0.207,0.14792812647961467,0.669,0.08339999999999825,0.417,0.23045030672184416,1.0,1,1.0,0.5,1.0,1,0.6666666666666666,1.0,1.0,1,0.4,1.0,1.0,1,0.2,1.0,1.0
RCAEval,re1ob_checkoutservice_cpu_4,eval,cpu,0,24,2,"['checkoutservice_cpu', 'checkoutservice_mem', 'adservice_cpu']","['checkoutservice_cpu', 'checkoutservice_mem']",1.0,0.24295991737637368,0.09,0.09,0.045,0.09,0.236,0.0815000000000001,0.12225,0.10856980880390868,0.3735,0.08239999999999974,0.206,0.15047692888683284,0.668,0.08389999999999825,0.4195,0.2337232470196927,1.0,1,1.0,0.5,1.0,1,0.6666666666666666,1.0,1.0,1,0.4,1.0,1.0,1,0.2,1.0,1.0
RCAEval,re1ob_currencyservice_cpu_4,eval,cpu,0,24,2,"['currencyservice_cpu', 'currencyservice_mem', 'frontend_cpu']","['currencyservice_cpu', 'currencyservice_mem']",1.0,0.23935328739934125,0.079,0.079,0.0395,0.079,0.2505,0.0855000000000002,0.12825,0.10891652200571718,0.3845,0.08329999999999974,0.20825,0.14909840006247826,0.6765,0.08259999999999822,0.413,0.22925705571584773,1.0,1,1.0,0.5,1.0,1,0.6666666666666666,1.0,1.0,1,0.4,1.0,1.0,1,0.2,1.0,1.0
RCAEval,re1ob_productcatalogservice_cpu_4,eval,cpu,0,24,2,"['productcatalogservice_mem', 'cartservice_cpu', 'productcatalogservice_cpu']","['productcatalogservice_cpu', 'productcatalogservice_mem']",0.5,0.24324443365493426,0.0845,0.0845,0.04225,0.0845,0.239,0.08350000000000013,0.12525,0.1093653292889146,0.394,0.08679999999999961,0.217,0.15548410412809827,0.6685,0.08284999999999822,0.41425,0.23263891745740314,1.0,1,1.0,0.5,1.0,1,0.6666666666666666,1.0,0.9197207891481876,1,0.4,1.0,0.9197207891481876,1,0.2,1.0,0.9197207891481876
RCAEval,re1ob_adservice_delay_4,eval,delay,0,24,2,"['frontend_cpu', 'currencyservice_cpu', 'adservice_cpu']","['adservice_cpu', 'adservice_mem']",0.0,0.24297193785083257,0.0825,0.0825,0.04125,0.0825,0.2425,0.08400000000000019,0.126,0.10917190288529714,0.387,0.08379999999999968,0.2095,0.15105447054614835,0.692,0.08644999999999806,0.43225,0.2378290812028409,0.3333333333333333,0,0.0,0.0,0.0,1,0.3333333333333333,0.5,0.3065735963827292,1,0.2,0.5,0.3065735963827292,1,0.1,0.5,0.3065735963827292
RCAEval,re1ob_cartservice_delay_4,eval,delay,0,24,2,"['frontend_cpu', 'productcatalogservice_mem', 'productcatalogservice_cpu']","['cartservice_cpu', 'cartservice_mem']",0.0,0.23712768325426817,0.075,0.075,0.0375,0.075,0.239,0.08283333333333345,0.12425,0.10648196661732766,0.38,0.08279999999999965,0.207,0.14792812647961467,0.669,0.08339999999999825,0.417,0.23045030672184416,0.06666666666666667,0,0.0,0.0,0.0,0,0.0,0.0,0.0,0,0.0,0.0,0.0,0,0.0,0.0,0.0
RCAEval,re1ob_checkoutservice_delay_4,eval,delay,0,24,2,"['frontend_cpu', 'currencyservice_mem', 'adservice_cpu']","['checkoutservice_cpu', 'checkoutservice_mem']",0.0,0.24295991737637368,0.09,0.09,0.045,0.09,0.236,0.0815000000000001,0.12225,0.10856980880390868,0.3735,0.08239999999999974,0.206,0.15047692888683284,0.668,0.08389999999999825,0.4195,0.2337232470196927,0.125,0,0.0,0.0,0.0,0,0.0,0.0,0.0,0,0.0,0.0,0.0,1,0.1,0.5,0.19342640361727081
RCAEval,re1ob_currencyservice_delay_4,eval,delay,0,24,2,"['frontend_cpu', 'checkoutservice_cpu', 'productcatalogservice_cpu']","['currencyservice_cpu', 'currencyservice_mem']",0.0,0.23935328739934125,0.079,0.079,0.0395,0.079,0.2505,0.0855000000000002,0.12825,0.10891652200571718,0.3845,0.08329999999999974,0.20825,0.14909840006247826,0.6765,0.08259999999999822,0.413,0.22925705571584773,0.25,0,0.0,0.0,0.0,0,0.0,0.0,0.0,1,0.2,0.5,0.2640681225725909,1,0.2,1.0,0.46845052016107697
RCAEval,re1ob_productcatalogservice_delay_4,eval,delay,0,24,2,"['frontend_cpu', 'frontend_mem', 'adservice_cpu']","['productcatalogservice_cpu', 'productcatalogservice_mem']",0.0,0.24324443365493426,0.0845,0.0845,0.04225,0.0845,0.239,0.08350000000000013,0.12525,0.1093653292889146,0.394,0.08679999999999961,0.217,0.15548410412809827,0.6685,0.08284999999999822,0.41425,0.23263891745740314,0.25,0,0.0,0.0,0.0,0,0.0,0.0,0.0,1,0.2,0.5,0.2640681225725909,1,0.1,0.5,0.2640681225725909
RCAEval,re1ob_adservice_disk_4,eval,disk,0,24,2,"['adservice_cpu', 'cartservice_cpu', 'adservice_mem']","['adservice_cpu', 'adservice_mem']",0.5,0.24297193785083257,0.0825,0.0825,0.04125,0.0825,0.2425,0.08400000000000019,0.126,0.10917190288529714,0.387,0.08379999999999968,0.2095,0.15105447054614835,0.692,0.08644999999999806,0.43225,0.2378290812028409,1.0,1,1.0,0.5,1.0,1,0.6666666666666666,1.0,0.9197207891481876,1,0.4,1.0,0.9197207891481876,1,0.2,1.0,0.9197207891481876
RCAEval,re1ob_cartservice_disk_4,eval,disk,0,24,2,"['cartservice_cpu', 'cartservice_mem', 'currencyservice_cpu']","['cartservice_cpu', 'cartservice_mem']",1.0,0.23712768325426817,0.075,0.075,0.0375,0.075,0.239,0.08283333333333345,0.12425,0.10648196661732766,0.38,0.08279999999999965,0.207,0.14792812647961467,0.669,0.08339999999999825,0.417,0.23045030672184416,1.0,1,1.0,0.5,1.0,1,0.6666666666666666,1.0,1.0,1,0.4,1.0,1.0,1,0.2,1.0,1.0
RCAEval,re1ob_checkoutservice_disk_4,eval,disk,0,24,2,"['checkoutservice_cpu', 'checkoutservice_mem', 'cartservice_mem']","['checkoutservice_cpu', 'checkoutservice_mem']",1.0,0.24295991737637368,0.09,0.09,0.045,0.09,0.236,0.0815000000000001,0.12225,0.10856980880390868,0.3735,0.08239999999999974,0.206,0.15047692888683284,0.668,0.08389999999999825,0.4195,0.2337232470196927,1.0,1,1.0,0.5,1.0,1,0.6666666666666666,1.0,1.0,1,0.4,1.0,1.0,1,0.2,1.0,1.0
RCAEval,re1ob_currencyservice_disk_4,eval,disk,0,24,2,"['currencyservice_cpu', 'frontend_cpu', 'currencyservice_mem']","['currencyservice_cpu', 'currencyservice_mem']",0.5,0.23935328739934125,0.079,0.079,0.0395,0.079,0.2505,0.0855000000000002,0.12825,0.10891652200571718,0.3845,0.08329999999999974,0.20825,0.14909840006247826,0.6765,0.08259999999999822,0.413,0.22925705571584773,1.0,1,1.0,0.5,1.0,1,0.6666666666666666,1.0,0.9197207891481876,1,0.4,1.0,0.9197207891481876,1,0.2,1.0,0.9197207891481876
RCAEval,re1ob_productcatalogservice_disk_4,eval,disk,0,24,2,"['productcatalogservice_mem', 'productcatalogservice_cpu', 'frontend_cpu']","['productcatalogservice_cpu', 'productcatalogservice_mem']",1.0,0.24324443365493426,0.0845,0.0845,0.04225,0.0845,0.239,0.08350000000000013,0.12525,0.1093653292889146,0.394,0.08679999999999961,0.217,0.15548410412809827,0.6685,0.08284999999999822,0.41425,0.23263891745740314,1.0,1,1.0,0.5,1.0,1,0.6666666666666666,1.0,1.0,1,0.4,1.0,1.0,1,0.2,1.0,1.0
RCAEval,re1ob_adservice_loss_4,eval,loss,0,24,2,"['adservice_mem', 'frontend_cpu', 'adservice_cpu']","['adservice_cpu', 'adservice_mem']",0.5,0.24297193785083257,0.0825,0.0825,0.04125,0.0825,0.2425,0.08400000000000019,0.126,0.10917190288529714,0.387,0.08379999999999968,0.2095,0.15105447054614835,0.692,0.08644999999999806,0.43225,0.2378290812028409,1.0,1,1.0,0.5,1.0,1,0.6666666666666666,1.0,0.9197207891481876,1,0.4,1.0,0.9197207891481876,1,0.2,1.0,0.9197207891481876
RCAEval,re1ob_cartservice_loss_4,eval,loss,0,24,2,"['frontend_cpu', 'checkoutservice_mem', 'recommendationservice_mem']","['cartservice_cpu', 'cartservice_mem']",0.0,0.23712768325426817,0.075,0.075,0.0375,0.075,0.239,0.08283333333333345,0.12425,0.10648196661732766,0.38,0.08279999999999965,0.207,0.14792812647961467,0.669,0.08339999999999825,0.417,0.23045030672184416,0.08333333333333333,0,0.0,0.0,0.0,0,0.0,0.0,0.0,0,0.0,0.0,0.0,0,0.0,0.0,0.0
RCAEval,re1ob_checkoutservice_loss_4,eval,loss,0,24,2,"['frontend_cpu', 'checkoutservice_cpu', 'checkoutservice_mem']","['checkoutservice_cpu', 'checkoutservice_mem']",0.5,0.24295991737637368,0.09,0.09,0.045,0.09,0.236,0.0815000000000001,0.12225,0.10856980880390868,0.3735,0.08239999999999974,0.206,0.15047692888683284,0.668,0.08389999999999825,0.4195,0.2337232470196927,0.5,0,0.0,0.0,0.0,1,0.6666666666666666,1.0,0.6934264036172708,1,0.4,1.0,0.6934264036172708,1,0.2,1.0,0.6934264036172708
RCAEval,re1ob_currencyservice_loss_4,eval,loss,0,24,2,"['frontend_cpu', 'recommendationservice_cpu', 'recommendationservice_mem']","['currencyservice_cpu', 'currencyservice_mem']",0.0,0.23935328739934125,0.079,0.079,0.0395,0.079,0.2505,0.0855000000000002,0.12825,0.10891652200571718,0.3845,0.08329999999999974,0.20825,0.14909840006247826,0.6765,0.08259999999999822,0.413,0.22925705571584773,0.125,0,0.0,0.0,0.0,0,0.0,0.0,0.0,0,0.0,0.0,0.0,1,0.1,0.5,0.19342640361727081
RCAEval,re1ob_productcatalogservice_loss_4,eval,loss,0,24,2,"['frontend_cpu', 'currencyservice_cpu', 'productcatalogservice_mem']","['productcatalogservice_cpu', 'productcatalogservice_mem']",0.0,0.24324443365493426,0.0845,0.0845,0.04225,0.0845,0.239,0.08350000000000013,0.12525,0.1093653292889146,0.394,0.08679999999999961,0.217,0.15548410412809827,0.6685,0.08284999999999822,0.41425,0.23263891745740314,0.3333333333333333,0,0.0,0.0,0.0,1,0.3333333333333333,0.5,0.3065735963827292,1,0.2,0.5,0.3065735963827292,1,0.1,0.5,0.3065735963827292
RCAEval,re1ob_adservice_mem_4,eval,mem,0,24,2,"['adservice_cpu', 'adservice_mem', 'frontend_cpu']","['adservice_cpu', 'adservice_mem']",1.0,0.24297193785083257,0.0825,0.0825,0.04125,0.0825,0.2425,0.08400000000000019,0.126,0.10917190288529714,0.387,0.08379999999999968,0.2095,0.15105447054614835,0.692,0.08644999999999806,0.43225,0.2378290812028409,1.0,1,1.0,0.5,1.0,1,0.6666666666666666,1.0,1.0,1,0.4,1.0,1.0,1,0.2,1.0,1.0
RCAEval,re1ob_cartservice_mem_4,eval,mem,0,24,2,"['cartservice_cpu', 'adservice_cpu', 'cartservice_mem']","['cartservice_cpu', 'cartservice_mem']",0.5,0.23712768325426817,0.075,0.075,0.0375,0.075,0.239,0.08283333333333345,0.12425,0.10648196661732766,0.38,0.08279999999999965,0.207,0.14792812647961467,0.669,0.08339999999999825,0.417,0.23045030672184416,1.0,1,1.0,0.5,1.0,1,0.6666666666666666,1.0,0.9197207891481876,1,0.4,1.0,0.9197207891481876,1,0.2,1.0,0.9197207891481876
RCAEval,re1ob_checkoutservice_mem_4,eval,mem,0,24,2,"['checkoutservice_cpu', 'checkoutservice_mem', 'frontend_cpu']","['checkoutservice_cpu', 'checkoutservice_mem']",1.0,0.24295991737637368,0.09,0.09,0.045,0.09,0.236,0.0815000000000001,0.12225,0.10856980880390868,0.3735,0.08239999999999974,0.206,0.15047692888683284,0.668,0.08389999999999825,0.4195,0.2337232470196927,1.0,1,1.0,0.5,1.0,1,0.6666666666666666,1.0,1.0,1,0.4,1.0,1.0,1,0.2,1.0,1.0
RCAEval,re1ob_currencyservice_mem_4,eval,mem,0,24,2,"['currencyservice_cpu', 'currencyservice_mem', 'frontend_cpu']","['currencyservice_cpu', 'currencyservice_mem']",1.0,0.23935328739934125,0.079,0.079,0.0395,0.079,0.2505,0.0855000000000002,0.12825,0.10891652200571718,0.3845,0.08329999999999974,0.20825,0.14909840006247826,0.6765,0.08259999999999822,0.413,0.22925705571584773,1.0,1,1.0,0.5,1.0,1,0.6666666666666666,1.0,1.0,1,0.4,1.0,1.0,1,0.2,1.0,1.0
RCAEval,re1ob_productcatalogservice_mem_4,eval,mem,0,24,2,"['productcatalogservice_mem', 'productcatalogservice_cpu', 'frontend_cpu']","['productcatalogservice_cpu', 'productcatalogservice_mem']",1.0,0.24324443365493426,0.0845,0.0845,0.04225,0.0845,0.239,0.08350000000000013,0.12525,0.1093653292889146,0.394,0.08679999999999961,0.217,0.15548410412809827,0.6685,0.08284999999999822,0.41425,0.23263891745740314,1.0,1,1.0,0.5,1.0,1,0.6666666666666666,1.0,1.0,1,0.4,1.0,1.0,1,0.2,1.0,1.0
RCAEval,re1ob_adservice_cpu_5,calib,cpu,0,24,2,"['adservice_cpu', 'adservice_mem', 'redis_cpu']","['adservice_cpu', 'adservice_mem']",1.0,0.24297193785083257,0.0825,0.0825,0.04125,0.0825,0.2425,0.08400000000000019,0.126,0.10917190288529714,0.387,0.08379999999999968,0.2095,0.15105447054614835,0.692,0.08644999999999806,0.43225,0.2378290812028409,1.0,1,1.0,0.5,1.0,1,0.6666666666666666,1.0,1.0,1,0.4,1.0,1.0,1,0.2,1.0,1.0
RCAEval,re1ob_cartservice_cpu_5,calib,cpu,0,24,2,"['cartservice_cpu', 'cartservice_mem', 'frontend_cpu']","['cartservice_cpu', 'cartservice_mem']",1.0,0.23712768325426817,0.075,0.075,0.0375,0.075,0.239,0.08283333333333345,0.12425,0.10648196661732766,0.38,0.08279999999999965,0.207,0.14792812647961467,0.669,0.08339999999999825,0.417,0.23045030672184416,1.0,1,1.0,0.5,1.0,1,0.6666666666666666,1.0,1.0,1,0.4,1.0,1.0,1,0.2,1.0,1.0
RCAEval,re1ob_checkoutservice_cpu_5,calib,cpu,0,24,2,"['checkoutservice_cpu', 'checkoutservice_mem', 'frontend_cpu']","['checkoutservice_cpu', 'checkoutservice_mem']",1.0,0.24295991737637368,0.09,0.09,0.045,0.09,0.236,0.0815000000000001,0.12225,0.10856980880390868,0.3735,0.08239999999999974,0.206,0.15047692888683284,0.668,0.08389999999999825,0.4195,0.2337232470196927,1.0,1,1.0,0.5,1.0,1,0.6666666666666666,1.0,1.0,1,0.4,1.0,1.0,1,0.2,1.0,1.0
RCAEval,re1ob_currencyservice_cpu_5,calib,cpu,0,24,2,"['currencyservice_cpu', 'adservice_mem', 'frontend_cpu']","['currencyservice_cpu', 'currencyservice_mem']",0.5,0.23935328739934125,0.079,0.079,0.0395,0.079,0.2505,0.0855000000000002,0.12825,0.10891652200571718,0.3845,0.08329999999999974,0.20825,0.14909840006247826,0.6765,0.08259999999999822,0.413,0.22925705571584773,1.0,1,1.0,0.5,1.0,1,0.3333333333333333,0.5,0.6131471927654584,1,0.4,1.0,0.8772153153380493,1,0.2,1.0,0.8772153153380493
RCAEval,re1ob_productcatalogservice_cpu_5,calib,cpu,0,24,2,"['productcatalogservice_mem', 'productcatalogservice_cpu', 'frontend_cpu']","['productcatalogservice_cpu', 'productcatalogservice_mem']",1.0,0.24324443365493426,0.0845,0.0845,0.04225,0.0845,0.239,0.08350000000000013,0.12525,0.1093653292889146,0.394,0.08679999999999961,0.217,0.15548410412809827,0.6685,0.08284999999999822,0.41425,0.23263891745740314,1.0,1,1.0,0.5,1.0,1,0.6666666666666666,1.0,1.0,1,0.4,1.0,1.0,1,0.2,1.0,1.0
RCAEval,re1ob_adservice_delay_5,calib,delay,0,24,2,"['frontend_cpu', 'currencyservice_mem', 'adservice_cpu']","['adservice_cpu', 'adservice_mem']",0.0,0.24297193785083257,0.0825,0.0825,0.04125,0.0825,0.2425,0.08400000000000019,0.126,0.10917190288529714,0.387,0.08379999999999968,0.2095,0.15105447054614835,0.692,0.08644999999999806,0.43225,0.2378290812028409,0.3333333333333333,0,0.0,0.0,0.0,1,0.3333333333333333,0.5,0.3065735963827292,1,0.4,1.0,0.5437713091520254,1,0.2,1.0,0.5437713091520254
RCAEval,re1ob_cartservice_delay_5,calib,delay,0,24,2,"['frontend_cpu', 'productcatalogservice_cpu', 'checkoutservice_cpu']","['cartservice_cpu', 'cartservice_mem']",0.0,0.23712768325426817,0.075,0.075,0.0375,0.075,0.239,0.08283333333333345,0.12425,0.10648196661732766,0.38,0.08279999999999965,0.207,0.14792812647961467,0.669,0.08339999999999825,0.417,0.23045030672184416,0.16666666666666666,0,0.0,0.0,0.0,0,0.0,0.0,0.0,0,0.0,0.0,0.0,1,0.1,0.5,0.21840743681816419
RCAEval,re1ob_checkoutservice_delay_5,calib,delay,0,24,2,"['frontend_cpu', 'currencyservice_cpu', 'currencyservice_mem']","['checkoutservice_cpu', 'checkoutservice_mem']",0.0,0.24295991737637368,0.09,0.09,0.045,0.09,0.236,0.0815000000000001,0.12225,0.10856980880390868,0.3735,0.08239999999999974,0.206,0.15047692888683284,0.668,0.08389999999999825,0.4195,0.2337232470196927,0.14285714285714285,0,0.0,0.0,0.0,0,0.0,0.0,0.0,0,0.0,0.0,0.0,1,0.1,0.5,0.20438239758848611
RCAEval,re1ob_currencyservice_delay_5,calib,delay,0,24,2,"['frontend_cpu', 'recommendationservice_cpu', 'frontend_mem']","['currencyservice_cpu', 'currencyservice_mem']",0.0,0.23935328739934125,0.079,0.079,0.0395,0.079,0.2505,0.0855000000000002,0.12825,0.10891652200571718,0.3845,0.08329999999999974,0.20825,0.14909840006247826,0.6765,0.08259999999999822,0.413,0.22925705571584773,0.25,0,0.0,0.0,0.0,0,0.0,0.0,0.0,1,0.4,1.0,0.5012658353418871,1,0.2,1.0,0.5012658353418871
RCAEval,re1ob_productcatalogservice_delay_5,calib,delay,0,24,2,"['frontend_cpu', 'currencyservice_cpu', 'frontend_mem']","['productcatalogservice_cpu', 'productcatalogservice_mem']",0.0,0.24324443365493426,0.0845,0.0845,0.04225,0.0845,0.239,0.08350000000000013,0.12525,0.1093653292889146,0.394,0.08679999999999961,0.217,0.15548410412809827,0.6685,0.08284999999999822,0.41425,0.23263891745740314,0.25,0,0.0,0.0,0.0,0,0.0,0.0,0.0,1,0.2,0.5,0.2640681225725909,1,0.2,1.0,0.448643819352159
RCAEval,re1ob_adservice_disk_5,calib,disk,0,24,2,"['adservice_cpu', 'adservice_mem', 'currencyservice_cpu']","['adservice_cpu', 'adservice_mem']",1.0,0.24297193785083257,0.0825,0.0825,0.04125,0.0825,0.2425,0.08400000000000019,0.126,0.10917190288529714,0.387,0.08379999999999968,0.2095,0.15105447054614835,0.692,0.08644999999999806,0.43225,0.2378290812028409,1.0,1,1.0,0.5,1.0,1,0.6666666666666666,1.0,1.0,1,0.4,1.0,1.0,1,0.2,1.0,1.0
RCAEval,re1ob_cartservice_disk_5,calib,disk,0,24,2,"['cartservice_cpu', 'frontend_cpu', 'cartservice_mem']","['cartservice_cpu', 'cartservice_mem']",0.5,0.23712768325426817,0.075,0.075,0.0375,0.075,0.239,0.08283333333333345,0.12425,0.10648196661732766,0.38,0.08279999999999965,0.207,0.14792812647961467,0.669,0.08339999999999825,0.417,0.23045030672184416,1.0,1,1.0,0.5,1.0,1,0.6666666666666666,1.0,0.9197207891481876,1,0.4,1.0,0.9197207891481876,1,0.2,1.0,0.9197207891481876
RCAEval,re1ob_checkoutservice_disk_5,calib,disk,0,24,2,"['checkoutservice_cpu', 'checkoutservice_mem', 'currencyservice_cpu']","['checkoutservice_cpu', 'checkoutservice_mem']",1.0,0.24295991737637368,0.09,0.09,0.045,0.09,0.236,0.0815000000000001,0.12225,0.10856980880390868,0.3735,0.08239999999999974,0.206,0.15047692888683284,0.668,0.08389999999999825,0.4195,0.2337232470196927,1.0,1,1.0,0.5,1.0,1,0.6666666666666666,1.0,1.0,1,0.4,1.0,1.0,1,0.2,1.0,1.0
RCAEval,re1ob_currencyservice_disk_5,calib,disk,0,24,2,"['currencyservice_cpu', 'currencyservice_mem', 'frontend_cpu']","['currencyservice_cpu', 'currencyservice_mem']",1.0,0.23935328739934125,0.079,0.079,0.0395,0.079,0.2505,0.0855000000000002,0.12825,0.10891652200571718,0.3845,0.08329999999999974,0.20825,0.14909840006247826,0.6765,0.08259999999999822,0.413,0.22925705571584773,1.0,1,1.0,0.5,1.0,1,0.6666666666666666,1.0,1.0,1,0.4,1.0,1.0,1,0.2,1.0,1.0
RCAEval,re1ob_productcatalogservice_disk_5,calib,disk,0,24,2,"['productcatalogservice_mem', 'productcatalogservice_cpu', 'cartservice_cpu']","['productcatalogservice_cpu', 'productcatalogservice_mem']",1.0,0.24324443365493426,0.0845,0.0845,0.04225,0.0845,0.239,0.08350000000000013,0.12525,0.1093653292889146,0.394,0.08679999999999961,0.217,0.15548410412809827,0.6685,0.08284999999999822,0.41425,0.23263891745740314,1.0,1,1.0,0.5,1.0,1,0.6666666666666666,1.0,1.0,1,0.4,1.0,1.0,1,0.2,1.0,1.0
RCAEval,re1ob_adservice_loss_5,calib,loss,0,24,2,"['frontend_cpu', 'adservice_cpu', 'adservice_mem']","['adservice_cpu', 'adservice_mem']",0.5,0.24297193785083257,0.0825,0.0825,0.04125,0.0825,0.2425,0.08400000000000019,0.126,0.10917190288529714,0.387,0.08379999999999968,0.2095,0.15105447054614835,0.692,0.08644999999999806,0.43225,0.2378290812028409,0.5,0,0.0,0.0,0.0,1,0.6666666666666666,1.0,0.6934264036172708,1,0.4,1.0,0.6934264036172708,1,0.2,1.0,0.6934264036172708
RCAEval,re1ob_cartservice_loss_5,calib,loss,0,24,2,"['frontend_cpu', 'redis_cpu', 'recommendationservice_cpu']","['cartservice_cpu', 'cartservice_mem']",0.0,0.23712768325426817,0.075,0.075,0.0375,0.075,0.239,0.08283333333333345,0.12425,0.10648196661732766,0.38,0.08279999999999965,0.207,0.14792812647961467,0.669,0.08339999999999825,0.417,0.23045030672184416,0.07692307692307693,0,0.0,0.0,0.0,0,0.0,0.0,0.0,0,0.0,0.0,0.0,0,0.0,0.0,0.0
RCAEval,re1ob_checkoutservice_loss_5,calib,loss,0,24,2,"['frontend_cpu', 'checkoutservice_cpu', 'checkoutservice_mem']","['checkoutservice_cpu', 'checkoutservice_mem']",0.5,0.24295991737637368,0.09,0.09,0.045,0.09,0.236,0.0815000000000001,0.12225,0.10856980880390868,0.3735,0.08239999999999974,0.206,0.15047692888683284,0.668,0.08389999999999825,0.4195,0.2337232470196927,0.5,0,0.0,0.0,0.0,1,0.6666666666666666,1.0,0.6934264036172708,1,0.4,1.0,0.6934264036172708,1,0.2,1.0,0.6934264036172708
RCAEval,re1ob_currencyservice_loss_5,calib,loss,0,24,2,"['frontend_cpu', 'redis_cpu', 'checkoutservice_mem']","['currencyservice_cpu', 'currencyservice_mem']",0.0,0.23935328739934125,0.079,0.079,0.0395,0.079,0.2505,0.0855000000000002,0.12825,0.10891652200571718,0.3845,0.08329999999999974,0.20825,0.14909840006247826,0.6765,0.08259999999999822,0.413,0.22925705571584773,0.125,0,0.0,0.0,0.0,0,0.0,0.0,0.0,0,0.0,0.0,0.0,1,0.1,0.5,0.19342640361727081
RCAEval,re1ob_productcatalogservice_loss_5,calib,loss,0,24,2,"['productcatalogservice_mem', 'frontend_cpu', 'currencyservice_cpu']","['productcatalogservice_cpu', 'productcatalogservice_mem']",0.5,0.24324443365493426,0.0845,0.0845,0.04225,0.0845,0.239,0.08350000000000013,0.12525,0.1093653292889146,0.394,0.08679999999999961,0.217,0.15548410412809827,0.6685,0.08284999999999822,0.41425,0.23263891745740314,1.0,1,1.0,0.5,1.0,1,0.3333333333333333,0.5,0.6131471927654584,1,0.2,0.5,0.6131471927654584,1,0.1,0.5,0.6131471927654584
RCAEval,re1ob_adservice_mem_5,calib,mem,0,24,2,"['adservice_cpu', 'productcatalogservice_mem', 'adservice_mem']","['adservice_cpu', 'adservice_mem']",0.5,0.24297193785083257,0.0825,0.0825,0.04125,0.0825,0.2425,0.08400000000000019,0.126,0.10917190288529714,0.387,0.08379999999999968,0.2095,0.15105447054614835,0.692,0.08644999999999806,0.43225,0.2378290812028409,1.0,1,1.0,0.5,1.0,1,0.6666666666666666,1.0,0.9197207891481876,1,0.4,1.0,0.9197207891481876,1,0.2,1.0,0.9197207891481876
RCAEval,re1ob_cartservice_mem_5,calib,mem,0,24,2,"['cartservice_cpu', 'cartservice_mem', 'frontend_cpu']","['cartservice_cpu', 'cartservice_mem']",1.0,0.23712768325426817,0.075,0.075,0.0375,0.075,0.239,0.08283333333333345,0.12425,0.10648196661732766,0.38,0.08279999999999965,0.207,0.14792812647961467,0.669,0.08339999999999825,0.417,0.23045030672184416,1.0,1,1.0,0.5,1.0,1,0.6666666666666666,1.0,1.0,1,0.4,1.0,1.0,1,0.2,1.0,1.0
RCAEval,re1ob_checkoutservice_mem_5,calib,mem,0,24,2,"['checkoutservice_cpu', 'checkoutservice_mem', 'adservice_cpu']","['checkoutservice_cpu', 'checkoutservice_mem']",1.0,0.24295991737637368,0.09,0.09,0.045,0.09,0.236,0.0815000000000001,0.12225,0.10856980880390868,0.3735,0.08239999999999974,0.206,0.15047692888683284,0.668,0.08389999999999825,0.4195,0.2337232470196927,1.0,1,1.0,0.5,1.0,1,0.6666666666666666,1.0,1.0,1,0.4,1.0,1.0,1,0.2,1.0,1.0
RCAEval,re1ob_currencyservice_mem_5,calib,mem,0,24,2,"['currencyservice_cpu', 'currencyservice_mem', 'frontend_cpu']","['currencyservice_cpu', 'currencyservice_mem']",1.0,0.23935328739934125,0.079,0.079,0.0395,0.079,0.2505,0.0855000000000002,0.12825,0.10891652200571718,0.3845,0.08329999999999974,0.20825,0.14909840006247826,0.6765,0.08259999999999822,0.413,0.22925705571584773,1.0,1,1.0,0.5,1.0,1,0.6666666666666666,1.0,1.0,1,0.4,1.0,1.0,1,0.2,1.0,1.0
RCAEval,re1ob_productcatalogservice_mem_5,calib,mem,0,24,2,"['productcatalogservice_mem', 'productcatalogservice_cpu', 'checkoutservice_cpu']","['productcatalogservice_cpu', 'productcatalogservice_mem']",1.0,0.24324443365493426,0.0845,0.0845,0.04225,0.0845,0.239,0.08350000000000013,0.12525,0.1093653292889146,0.394,0.08679999999999961,0.217,0.15548410412809827,0.6685,0.08284999999999822,0.41425,0.23263891745740314,1.0,1,1.0,0.5,1.0,1,0.6666666666666666,1.0,1.0,1,0.4,1.0,1.0,1,0.2,1.0,1.0
RCAEval,re1ob_adservice_cpu_1,train,cpu,1,24,2,"['adservice_cpu', 'adservice_mem', 'frontend_cpu']","['adservice_cpu', 'adservice_mem']",1.0,0.24148296765135568,0.0835,0.0835,0.04175,0.0835,0.24,0.08183333333333352,0.12275,0.10676323520752588,0.385,0.08459999999999963,0.2115,0.15139164774558597,0.679,0.08534999999999823,0.42675,0.2353171650328831,1.0,1,1.0,0.5,1.0,1,0.6666666666666666,1.0,1.0,1,0.4,1.0,1.0,1,0.2,1.0,1.0
RCAEval,re1ob_adservice_cpu_2,train,cpu,1,24,2,"['adservice_cpu', 'adservice_mem', 'frontend_cpu']","['adservice_cpu', 'adservice_mem']",1.0,0.24148296765135568,0.0835,0.0835,0.04175,0.0835,0.24,0.08183333333333352,0.12275,0.10676323520752588,0.385,0.08459999999999963,0.2115,0.15139164774558597,0.679,0.08534999999999823,0.42675,0.2353171650328831,1.0,1,1.0,0.5,1.0,1,0.6666666666666666,1.0,1.0,1,0.4,1.0,1.0,1,0.2,1.0,1.0
RCAEval,re1ob_adservice_cpu_3,train,cpu,1,24,2,"['adservice_cpu', 'adservice_mem', 'currencyservice_cpu']","['adservice_cpu', 'adservice_mem']",1.0,0.24148296765135568,0.0835,0.0835,0.04175,0.0835,0.24,0.08183333333333352,0.12275,0.10676323520752588,0.385,0.08459999999999963,0.2115,0.15139164774558597,0.679,0.08534999999999823,0.42675,0.2353171650328831,1.0,1,1.0,0.5,1.0,1,0.6666666666666666,1.0,1.0,1,0.4,1.0,1.0,1,0.2,1.0,1.0
RCAEval,re1ob_cartservice_cpu_1,train,cpu,1,24,2,"['cartservice_cpu', 'cartservice_mem', 'currencyservice_mem']","['cartservice_cpu', 'cartservice_mem']",1.0,0.24101403237967167,0.086,0.086,0.043,0.086,0.235,0.08133333333333345,0.122,0.10727050683103806,0.377,0.08259999999999978,0.2065,0.1496543403272311,0.666,0.08304999999999832,0.41525,0.23143144742559313,1.0,1,1.0,0.5,1.0,1,0.6666666666666666,1.0,1.0,1,0.4,1.0,1.0,1,0.2,1.0,1.0
RCAEval,re1ob_cartservice_cpu_2,train,cpu,1,24,2,"['cartservice_cpu', 'cartservice_mem', 'currencyservice_mem']","['cartservice_cpu', 'cartservice_mem']",1.0,0.24101403237967167,0.086,0.086,0.043,0.086,0.235,0.08133333333333345,0.122,0.10727050683103806,0.377,0.08259999999999978,0.2065,0.1496543403272311,0.666,0.08304999999999832,0.41525,0.23143144742559313,1.0,1,1.0,0.5,1.0,1,0.6666666666666666,1.0,1.0,1,0.4,1.0,1.0,1,0.2,1.0,1.0
RCAEval,re1ob_cartservice_cpu_3,train,cpu,1,24,2,"['cartservice_cpu', 'cartservice_mem', 'currencyservice_cpu']","['cartservice_cpu', 'cartservice_mem']",1.0,0.24101403237967167,0.086,0.086,0.043,0.086,0.235,0.08133333333333345,0.122,0.10727050683103806,0.377,0.08259999999999978,0.2065,0.1496543403272311,0.666,0.08304999999999832,0.41525,0.23143144742559313,1.0,1,1.0,0.5,1.0,1,0.6666666666666666,1.0,1.0,1,0.4,1.0,1.0,1,0.2,1.0,1.0
RCAEval,re1ob_checkoutservice_cpu_1,train,cpu,1,24,2,"['checkoutservice_cpu', 'checkoutservice_mem', 'currencyservice_mem']","['checkoutservice_cpu', 'checkoutservice_mem']",1.0,0.24286986198468102,0.079,0.079,0.0395,0.079,0.2485,0.08633333333333355,0.1295,0.1113286798191361,0.3855,0.08509999999999962,0.21275,0.1531329542383077,0.6785,0.08384999999999818,0.41925,0.23398844926888376,1.0,1,1.0,0.5,1.0,1,0.6666666666666666,1.0,1.0,1,0.4,1.0,1.0,1,0.2,1.0,1.0
RCAEval,re1ob_checkoutservice_cpu_2,train,cpu,1,24,2,"['checkoutservice_cpu', 'checkoutservice_mem', 'frontend_cpu']","['checkoutservice_cpu', 'checkoutservice_mem']",1.0,0.24286986198468102,0.079,0.079,0.0395,0.079,0.2485,0.08633333333333355,0.1295,0.1113286798191361,0.3855,0.08509999999999962,0.21275,0.1531329542383077,0.6785,0.08384999999999818,0.41925,0.23398844926888376,1.0,1,1.0,0.5,1.0,1,0.6666666666666666,1.0,1.0,1,0.4,1.0,1.0,1,0.2,1.0,1.0
RCAEval,re1ob_checkoutservice_cpu_3,train,cpu,1,24,2,"['checkoutservice_cpu', 'checkoutservice_mem', 'cartservice_mem']","['checkoutservice_cpu', 'checkoutservice_mem']",1.0,0.24286986198468102,0.079,0.079,0.0395,0.079,0.2485,0.08633333333333355,0.1295,0.1113286798191361,0.3855,0.08509999999999962,0.21275,0.1531329542383077,0.6785,0.08384999999999818,0.41925,0.23398844926888376,1.0,1,1.0,0.5,1.0,1,0.6666666666666666,1.0,1.0,1,0.4,1.0,1.0,1,0.2,1.0,1.0
RCAEval,re1ob_currencyservice_cpu_1,train,cpu,1,24,2,"['currencyservice_cpu', 'checkoutservice_cpu', 'currencyservice_mem']","['currencyservice_cpu', 'currencyservice_mem']",0.5,0.24135667747126535,0.0845,0.0845,0.04225,0.0845,0.2395,0.08266666666666676,0.124,0.10896015174679102,0.374,0.0823999999999998,0.206,0.1500102094252192,0.655,0.08079999999999833,0.404,0.22729832380426485,1.0,1,1.0,0.5,1.0,1,0.6666666666666666,1.0,0.9197207891481876,1,0.4,1.0,0.9197207891481876,1,0.2,1.0,0.9197207891481876
RCAEval,re1ob_currencyservice_cpu_2,train,cpu,1,24,2,"['currencyservice_cpu', 'currencyservice_mem', 'frontend_cpu']","['currencyservice_cpu', 'currencyservice_mem']",1.0,0.24135667747126535,0.0845,0.0845,0.04225,0.0845,0.2395,0.08266666666666676,0.124,0.10896015174679102,0.374,0.0823999999999998,0.206,0.1500102094252192,0.655,0.08079999999999833,0.404,0.22729832380426485,1.0,1,1.0,0.5,1.0,1,0.6666666666666666,1.0,1.0,1,0.4,1.0,1.0,1,0.2,1.0,1.0
RCAEval,re1ob_currencyservice_cpu_3,train,cpu,1,24,2,"['currencyservice_cpu', 'currencyservice_mem', 'frontend_cpu']","['currencyservice_cpu', 'currencyservice_mem']",1.0,0.24135667747126535,0.0845,0.0845,0.04225,0.0845,0.2395,0.08266666666666676,0.124,0.10896015174679102,0.374,0.0823999999999998,0.206,0.1500102094252192,0.655,0.08079999999999833,0.404,0.22729832380426485,1.0,1,1.0,0.5,1.0,1,0.6666666666666666,1.0,1.0,1,0.4,1.0,1.0,1,0.2,1.0,1.0
RCAEval,re1ob_productcatalogservice_cpu_1,train,cpu,1,24,2,"['productcatalogservice_mem', 'productcatalogservice_cpu', 'frontend_cpu']","['productcatalogservice_cpu', 'productcatalogservice_mem']",1.0,0.24381963406726725,0.0865,0.0865,0.04325,0.0865,0.237,0.08216666666666683,0.12325,0.10915357815040802,0.3775,0.08359999999999976,0.209,0.1520229242893111,0.665,0.08284999999999826,0.41425,0.2324551763554817,1.0,1,1.0,0.5,1.0,1,0.6666666666666666,1.0,1.0,1,0.4,1.0,1.0,1,0.2,1.0,1.0
RCAEval,re1ob_productcatalogservice_cpu_2,train,cpu,1,24,2,"['productcatalogservice_mem', 'productcatalogservice_cpu', 'frontend_cpu']","['productcatalogservice_cpu', 'productcatalogservice_mem']",1.0,0.24381963406726725,0.0865,0.0865,0.04325,0.0865,0.237,0.08216666666666683,0.12325,0.10915357815040802,0.3775,0.08359999999999976,0.209,0.1520229242893111,0.665,0.08284999999999826,0.41425,0.2324551763554817,1.0,1,1.0,0.5,1.0,1,0.6666666666666666,1.0,1.0,1,0.4,1.0,1.0,1,0.2,1.0,1.0
RCAEval,re1ob_adservice_delay_1,train,delay,1,24,2,"['frontend_cpu', 'currencyservice_cpu', 'adservice_cpu']","['adservice_cpu', 'adservice_mem']",0.0,0.24148296765135568,0.0835,0.0835,0.04175,0.0835,0.24,0.08183333333333352,0.12275,0.10676323520752588,0.385,0.08459999999999963,0.2115,0.15139164774558597,0.679,0.08534999999999823,0.42675,0.2353171650328831,0.3333333333333333,0,0.0,0.0,0.0,1,0.3333333333333333,0.5,0.3065735963827292,1,0.2,0.5,0.3065735963827292,1,0.1,0.5,0.3065735963827292
RCAEval,re1ob_adservice_delay_2,train,delay,1,24,2,"['frontend_cpu', 'checkoutservice_mem', 'adservice_cpu']","['adservice_cpu', 'adservice_mem']",0.0,0.24148296765135568,0.0835,0.0835,0.04175,0.0835,0.24,0.08183333333333352,0.12275,0.10676323520752588,0.385,0.08459999999999963,0.2115,0.15139164774558597,0.679,0.08534999999999823,0.42675,0.2353171650328831,0.3333333333333333,0,0.0,0.0,0.0,1,0.3333333333333333,0.5,0.3065735963827292,1,0.2,0.5,0.3065735963827292,1,0.2,1.0,0.5249810332008933
RCAEval,re1ob_adservice_delay_3,train,delay,1,24,2,"['frontend_cpu', 'currencyservice_cpu', 'adservice_mem']","['adservice_cpu', 'adservice_mem']",0.0,0.24148296765135568,0.0835,0.0835,0.04175,0.0835,0.24,0.08183333333333352,0.12275,0.10676323520752588,0.385,0.08459999999999963,0.2115,0.15139164774558597,0.679,0.08534999999999823,0.42675,0.2353171650328831,0.3333333333333333,0,0.0,0.0,0.0,1,0.3333333333333333,0.5,0.3065735963827292,1,0.4,1.0,0.5706417189553201,1,0.2,1.0,0.5706417189553201
RCAEval,re1ob_cartservice_delay_1,train,delay,1,24,2,"['frontend_cpu', 'frontend_mem', 'productcatalogservice_cpu']","['cartservice_cpu', 'cartservice_mem']",0.0,0.24101403237967167,0.086,0.086,0.043,0.086,0.235,0.08133333333333345,0.122,0.10727050683103806,0.377,0.08259999999999978,0.2065,0.1496543403272311,0.666,0.08304999999999832,0.41525,0.23143144742559313,0.09090909090909091,0,0.0,0.0,0.0,0,0.0,0.0,0.0,0,0.0,0.0,0.0,0,0.0,0.0,0.0
RCAEval,re1ob_cartservice_delay_2,train,delay,1,24,2,"['frontend_cpu', 'productcatalogservice_cpu', 'checkoutservice_cpu']","['cartservice_cpu', 'cartservice_mem']",0.0,0.24101403237967167,0.086,0.086,0.043,0.086,0.235,0.08133333333333345,0.122,0.10727050683103806,0.377,0.08259999999999978,0.2065,0.1496543403272311,0.666,0.08304999999999832,0.41525,0.23143144742559313,0.125,0,0.0,0.0,0.0,0,0.0,0.0,0.0,0,0.0,0.0,0.0,1,0.1,0.5,0.19342640361727081
RCAEval,re1ob_cartservice_delay_3,train,delay,1,24,2,"['frontend_cpu', 'frontend_mem', 'cartservice_mem']","['cartservice_cpu', 'cartservice_mem']",0.0,0.24101403237967167,0.086,0.086,0.043,0.086,0.235,0.08133333333333345,0.122,0.10727050683103806,0.377,0.08259999999999978,0.2065,0.1496543403272311,0.666,0.08304999999999832,0.41525,0.23143144742559313,0.3333333333333333,0,0.0,0.0,0.0,1,0.3333333333333333,0.5,0.3065735963827292,1,0.2,0.5,0.3065735963827292,1,0.1,0.5,0.3065735963827292
RCAEval,re1ob_checkoutservice_delay_1,train,delay,1,24,2,"['frontend_cpu', 'adservice_cpu', 'currencyservice_cpu']","['checkoutservice_cpu', 'checkoutservice_mem']",0.0,0.24286986198468102,0.079,0.079,0.0395,0.079,0.2485,0.08633333333333355,0.1295,0.1113286798191361,0.3855,0.08509999999999962,0.21275,0.1531329542383077,0.6785,0.08384999999999818,0.41925,0.23398844926888376,0.1111111111111111,0,0.0,0.0,0.0,0,0.0,0.0,0.0,0,0.0,0.0,0.0,1,0.1,0.5,0.18457569677956817
RCAEval,re1ob_checkoutservice_delay_2,train,delay,1,24,2,"['frontend_cpu', 'adservice_cpu', 'recommendationservice_cpu']","['checkoutservice_cpu', 'checkoutservice_mem']",0.0,0.24286986198468102,0.079,0.079,0.0395,0.079,0.2485,0.08633333333333355,0.1295,0.1113286798191361,0.3855,0.08509999999999962,0.21275,0.1531329542383077,0.6785,0.08384999999999818,0.41925,0.23398844926888376,0.2,0,0.0,0.0,0.0,0,0.0,0.0,0.0,1,0.2,0.5,0.23719771276929622,1,0.2,1.0,0.4415801103577823
RCAEval,re1ob_checkoutservice_delay_3,train,delay,1,24,2,"['frontend_cpu', 'adservice_mem', 'frontend_mem']","['checkoutservice_cpu', 'checkoutservice_mem']",0.0,0.24286986198468102,0.079,0.079,0.0395,0.079,0.2485,0.08633333333333355,0.1295,0.1113286798191361,0.3855,0.08509999999999962,0.21275,0.1531329542383077,0.6785,0.08384999999999818,0.41925,0.23398844926888376,0.07142857142857142,0,0.0,0.0,0.0,0,0.0,0.0,0.0,0,0.0,0.0,0.0,0,0.0,0.0,0.0
RCAEval,re1ob_currencyservice_delay_1,train,delay,1,24,2,"['frontend_cpu', 'frontend_mem', 'recommendationservice_cpu']","['currencyservice_cpu', 'currencyservice_mem']",0.0,0.24135667747126535,0.0845,0.0845,0.04225,0.0845,0.2395,0.08266666666666676,0.124,0.10896015174679102,0.374,0.0823999999999998,0.206,0.1500102094252192,0.655,0.08079999999999833,0.404,0.22729832380426485,0.14285714285714285,0,0.0,0.0,0.0,0,0.0,0.0,0.0,0,0.0,0.0,0.0,1,0.2,1.0,0.3889580943680543
RCAEval,re1ob_currencyservice_delay_2,train,delay,1,24,2,"['frontend_cpu', 'adservice_cpu', 'frontend_mem']","['currencyservice_cpu', 'currencyservice_mem']",0.0,0.24135667747126535,0.0845,0.0845,0.04225,0.0845,0.2395,0.08266666666666676,0.124,0.10896015174679102,0.374,0.0823999999999998,0.206,0.1500102094252192,0.655,0.08079999999999833,0.404,0.22729832380426485,0.125,0,0.0,0.0,0.0,0,0.0,0.0,0.0,0,0.0,0.0,0.0,1,0.1,0.5,0.19342640361727081
RCAEval,re1ob_currencyservice_delay_3,train,delay,1,24,2,"['frontend_cpu', 'frontend_mem', 'currencyservice_cpu']","['currencyservice_cpu', 'currencyservice_mem']",0.0,0.24135667747126535,0.0845,0.0845,0.04225,0.0845,0.2395,0.08266666666666676,0.124,0.10896015174679102,0.374,0.0823999999999998,0.206,0.1500102094252192,0.655,0.08079999999999833,0.404,0.22729832380426485,0.3333333333333333,0,0.0,0.0,0.0,1,0.3333333333333333,0.5,0.3065735963827292,1,0.2,0.5,0.3065735963827292,1,0.1,0.5,0.3065735963827292
RCAEval,re1ob_productcatalogservice_delay_1,train,delay,1,24,2,"['frontend_cpu', 'recommendationservice_cpu', 'frontend_mem']","['productcatalogservice_cpu', 'productcatalogservice_mem']",0.0,0.24381963406726725,0.0865,0.0865,0.04325,0.0865,0.237,0.08216666666666683,0.12325,0.10915357815040802,0.3775,0.08359999999999976,0.209,0.1520229242893111,0.665,0.08284999999999826,0.41425,0.2324551763554817,0.08333333333333333,0,0.0,0.0,0.0,0,0.0,0.0,0.0,0,0.0,0.0,0.0,0,0.0,0.0,0.0
RCAEval,re1ob_productcatalogservice_delay_2,train,delay,1,24,2,"['frontend_cpu', 'frontend_mem', 'productcatalogservice_cpu']","['productcatalogservice_cpu', 'productcatalogservice_mem']",0.0,0.24381963406726725,0.0865,0.0865,0.04325,0.0865,0.237,0.08216666666666683,0.12325,0.10915357815040802,0.3775,0.08359999999999976,0.209,0.1520229242893111,0.665,0.08284999999999826,0.41425,0.2324551763554817,0.3333333333333333,0,0.0,0.0,0.0,1,0.3333333333333333,0.5,0.3065735963827292,1,0.2,0.5,0.3065735963827292,1,0.2,1.0,0.4911492931622974
RCAEval,re1ob_productcatalogservice_delay_3,train,delay,1,24,2,"['frontend_cpu', 'frontend_mem', 'productcatalogservice_cpu']","['productcatalogservice_cpu', 'productcatalogservice_mem']",0.0,0.24381963406726725,0.0865,0.0865,0.04325,0.0865,0.237,0.08216666666666683,0.12325,0.10915357815040802,0.3775,0.08359999999999976,0.209,0.1520229242893111,0.665,0.08284999999999826,0.41425,0.2324551763554817,0.3333333333333333,0,0.0,0.0,0.0,1,0.3333333333333333,0.5,0.3065735963827292,1,0.2,0.5,0.3065735963827292,1,0.1,0.5,0.3065735963827292
RCAEval,re1ob_adservice_disk_1,train,disk,1,24,2,"['adservice_cpu', 'adservice_mem', 'recommendationservice_cpu']","['adservice_cpu', 'adservice_mem']",1.0,0.24148296765135568,0.0835,0.0835,0.04175,0.0835,0.24,0.08183333333333352,0.12275,0.10676323520752588,0.385,0.08459999999999963,0.2115,0.15139164774558597,0.679,0.08534999999999823,0.42675,0.2353171650328831,1.0,1,1.0,0.5,1.0,1,0.6666666666666666,1.0,1.0,1,0.4,1.0,1.0,1,0.2,1.0,1.0
RCAEval,re1ob_adservice_disk_2,train,disk,1,24,2,"['adservice_cpu', 'cartservice_cpu', 'currencyservice_cpu']","['adservice_cpu', 'adservice_mem']",0.5,0.24148296765135568,0.0835,0.0835,0.04175,0.0835,0.24,0.08183333333333352,0.12275,0.10676323520752588,0.385,0.08459999999999963,0.2115,0.15139164774558597,0.679,0.08534999999999823,0.42675,0.2353171650328831,1.0,1,1.0,0.5,1.0,1,0.3333333333333333,0.5,0.6131471927654584,1,0.4,1.0,0.8772153153380493,1,0.2,1.0,0.8772153153380493
RCAEval,re1ob_adservice_disk_3,train,disk,1,24,2,"['adservice_cpu', 'adservice_mem', 'cartservice_cpu']","['adservice_cpu', 'adservice_mem']",1.0,0.24148296765135568,0.0835,0.0835,0.04175,0.0835,0.24,0.08183333333333352,0.12275,0.10676323520752588,0.385,0.08459999999999963,0.2115,0.15139164774558597,0.679,0.08534999999999823,0.42675,0.2353171650328831,1.0,1,1.0,0.5,1.0,1,0.6666666666666666,1.0,1.0,1,0.4,1.0,1.0,1,0.2,1.0,1.0
RCAEval,re1ob_cartservice_disk_1,train,disk,1,24,2,"['cartservice_cpu', 'cartservice_mem', 'currencyservice_cpu']","['cartservice_cpu', 'cartservice_mem']",1.0,0.24101403237967167,0.086,0.086,0.043,0.086,0.235,0.08133333333333345,0.122,0.10727050683103806,0.377,0.08259999999999978,0.2065,0.1496543403272311,0.666,0.08304999999999832,0.41525,0.23143144742559313,1.0,1,1.0,0.5,1.0,1,0.6666666666666666,1.0,1.0,1,0.4,1.0,1.0,1,0.2,1.0,1.0
RCAEval,re1ob_cartservice_disk_2,train,disk,1,24,2,"['cartservice_cpu', 'cartservice_mem', 'frontend_cpu']","['cartservice_cpu', 'cartservice_mem']",1.0,0.24101403237967167,0.086,0.086,0.043,0.086,0.235,0.08133333333333345,0.122,0.10727050683103806,0.377,0.08259999999999978,0.2065,0.1496543403272311,0.666,0.08304999999999832,0.41525,0.23143144742559313,1.0,1,1.0,0.5,1.0,1,0.6666666666666666,1.0,1.0,1,0.4,1.0,1.0,1,0.2,1.0,1.0
RCAEval,re1ob_cartservice_disk_3,train,disk,1,24,2,"['cartservice_cpu', 'cartservice_mem', 'frontend_cpu']","['cartservice_cpu', 'cartservice_mem']",1.0,0.24101403237967167,0.086,0.086,0.043,0.086,0.235,0.08133333333333345,0.122,0.10727050683103806,0.377,0.08259999999999978,0.2065,0.1496543403272311,0.666,0.08304999999999832,0.41525,0.23143144742559313,1.0,1,1.0,0.5,1.0,1,0.6666666666666666,1.0,1.0,1,0.4,1.0,1.0,1,0.2,1.0,1.0
RCAEval,re1ob_checkoutservice_disk_1,train,disk,1,24,2,"['checkoutservice_cpu', 'checkoutservice_mem', 'adservice_cpu']","['checkoutservice_cpu', 'checkoutservice_mem']",1.0,0.24286986198468102,0.079,0.079,0.0395,0.079,0.2485,0.08633333333333355,0.1295,0.1113286798191361,0.3855,0.08509999999999962,0.21275,0.1531329542383077,0.6785,0.08384999999999818,0.41925,0.23398844926888376,1.0,1,1.0,0.5,1.0,1,0.6666666666666666,1.0,1.0,1,0.4,1.0,1.0,1,0.2,1.0,1.0
RCAEval,re1ob_checkoutservice_disk_2,train,disk,1,24,2,"['checkoutservice_cpu', 'checkoutservice_mem', 'adservice_cpu']","['checkoutservice_cpu', 'checkoutservice_mem']",1.0,0.24286986198468102,0.079,0.079,0.0395,0.079,0.2485,0.08633333333333355,0.1295,0.1113286798191361,0.3855,0.08509999999999962,0.21275,0.1531329542383077,0.6785,0.08384999999999818,0.41925,0.23398844926888376,1.0,1,1.0,0.5,1.0,1,0.6666666666666666,1.0,1.0,1,0.4,1.0,1.0,1,0.2,1.0,1.0
RCAEval,re1ob_checkoutservice_disk_3,train,disk,1,24,2,"['checkoutservice_cpu', 'checkoutservice_mem', 'cartservice_mem']","['checkoutservice_cpu', 'checkoutservice_mem']",1.0,0.24286986198468102,0.079,0.079,0.0395,0.079,0.2485,0.08633333333333355,0.1295,0.1113286798191361,0.3855,0.08509999999999962,0.21275,0.1531329542383077,0.6785,0.08384999999999818,0.41925,0.23398844926888376,1.0,1,1.0,0.5,1.0,1,0.6666666666666666,1.0,1.0,1,0.4,1.0,1.0,1,0.2,1.0,1.0
RCAEval,re1ob_currencyservice_disk_1,train,disk,1,24,2,"['currencyservice_cpu', 'frontend_cpu', 'currencyservice_mem']","['currencyservice_cpu', 'currencyservice_mem']",0.5,0.24135667747126535,0.0845,0.0845,0.04225,0.0845,0.2395,0.08266666666666676,0.124,0.10896015174679102,0.374,0.0823999999999998,0.206,0.1500102094252192,0.655,0.08079999999999833,0.404,0.22729832380426485,1.0,1,1.0,0.5,1.0,1,0.6666666666666666,1.0,0.9197207891481876,1,0.4,1.0,0.9197207891481876,1,0.2,1.0,0.9197207891481876
RCAEval,re1ob_currencyservice_disk_2,train,disk,1,24,2,"['currencyservice_cpu', 'frontend_cpu', 'currencyservice_mem']","['currencyservice_cpu', 'currencyservice_mem']",0.5,0.24135667747126535,0.0845,0.0845,0.04225,0.0845,0.2395,0.08266666666666676,0.124,0.10896015174679102,0.374,0.0823999999999998,0.206,0.1500102094252192,0.655,0.08079999999999833,0.404,0.22729832380426485,1.0,1,1.0,0.5,1.0,1,0.6666666666666666,1.0,0.9197207891481876,1,0.4,1.0,0.9197207891481876,1,0.2,1.0,0.9197207891481876
RCAEval,re1ob_currencyservice_disk_3,train,disk,1,24,2,"['currencyservice_cpu', 'currencyservice_mem', 'cartservice_cpu']","['currencyservice_cpu', 'currencyservice_mem']",1.0,0.24135667747126535,0.0845,0.0845,0.04225,0.0845,0.2395,0.08266666666666676,0.124,0.10896015174679102,0.374,0.0823999999999998,0.206,0.1500102094252192,0.655,0.08079999999999833,0.404,0.22729832380426485,1.0,1,1.0,0.5,1.0,1,0.6666666666666666,1.0,1.0,1,0.4,1.0,1.0,1,0.2,1.0,1.0
RCAEval,re1ob_productcatalogservice_disk_1,train,disk,1,24,2,"['productcatalogservice_mem', 'productcatalogservice_cpu', 'frontend_cpu']","['productcatalogservice_cpu', 'productcatalogservice_mem']",1.0,0.24381963406726725,0.0865,0.0865,0.04325,0.0865,0.237,0.08216666666666683,0.12325,0.10915357815040802,0.3775,0.08359999999999976,0.209,0.1520229242893111,0.665,0.08284999999999826,0.41425,0.2324551763554817,1.0,1,1.0,0.5,1.0,1,0.6666666666666666,1.0,1.0,1,0.4,1.0,1.0,1,0.2,1.0,1.0
RCAEval,re1ob_productcatalogservice_disk_2,train,disk,1,24,2,"['productcatalogservice_mem', 'productcatalogservice_cpu', 'frontend_cpu']","['productcatalogservice_cpu', 'productcatalogservice_mem']",1.0,0.24381963406726725,0.0865,0.0865,0.04325,0.0865,0.237,0.08216666666666683,0.12325,0.10915357815040802,0.3775,0.08359999999999976,0.209,0.1520229242893111,0.665,0.08284999999999826,0.41425,0.2324551763554817,1.0,1,1.0,0.5,1.0,1,0.6666666666666666,1.0,1.0,1,0.4,1.0,1.0,1,0.2,1.0,1.0
RCAEval,re1ob_productcatalogservice_disk_3,train,disk,1,24,2,"['productcatalogservice_mem', 'productcatalogservice_cpu', 'frontend_cpu']","['productcatalogservice_cpu', 'productcatalogservice_mem']",1.0,0.24381963406726725,0.0865,0.0865,0.04325,0.0865,0.237,0.08216666666666683,0.12325,0.10915357815040802,0.3775,0.08359999999999976,0.209,0.1520229242893111,0.665,0.08284999999999826,0.41425,0.2324551763554817,1.0,1,1.0,0.5,1.0,1,0.6666666666666666,1.0,1.0,1,0.4,1.0,1.0,1,0.2,1.0,1.0
RCAEval,re1ob_adservice_loss_1,train,loss,1,24,2,"['frontend_cpu', 'adservice_cpu', 'cartservice_mem']","['adservice_cpu', 'adservice_mem']",0.5,0.24148296765135568,0.0835,0.0835,0.04175,0.0835,0.24,0.08183333333333352,0.12275,0.10676323520752588,0.385,0.08459999999999963,0.2115,0.15139164774558597,0.679,0.08534999999999823,0.42675,0.2353171650328831,0.5,0,0.0,0.0,0.0,1,0.3333333333333333,0.5,0.38685280723454163,1,0.2,0.5,0.38685280723454163,1,0.2,1.0,0.5912352048230277
RCAEval,re1ob_adservice_loss_2,train,loss,1,24,2,"['frontend_cpu', 'adservice_cpu', 'adservice_mem']","['adservice_cpu', 'adservice_mem']",0.5,0.24148296765135568,0.0835,0.0835,0.04175,0.0835,0.24,0.08183333333333352,0.12275,0.10676323520752588,0.385,0.08459999999999963,0.2115,0.15139164774558597,0.679,0.08534999999999823,0.42675,0.2353171650328831,0.5,0,0.0,0.0,0.0,1,0.6666666666666666,1.0,0.6934264036172708,1,0.4,1.0,0.6934264036172708,1,0.2,1.0,0.6934264036172708
RCAEval,re1ob_adservice_loss_3,train,loss,1,24,2,"['frontend_cpu', 'adservice_cpu', 'adservice_mem']","['adservice_cpu', 'adservice_mem']",0.5,0.24148296765135568,0.0835,0.0835,0.04175,0.0835,0.24,0.08183333333333352,0.12275,0.10676323520752588,0.385,0.08459999999999963,0.2115,0.15139164774558597,0.679,0.08534999999999823,0.42675,0.2353171650328831,0.5,0,0.0,0.0,0.0,1,0.6666666666666666,1.0,0.6934264036172708,1,0.4,1.0,0.6934264036172708,1,0.2,1.0,0.6934264036172708
RCAEval,re1ob_cartservice_loss_1,train,loss,1,24,2,"['frontend_cpu', 'adservice_cpu', 'cartservice_mem']","['cartservice_cpu', 'cartservice_mem']",0.0,0.24101403237967167,0.086,0.086,0.043,0.086,0.235,0.08133333333333345,0.122,0.10727050683103806,0.377,0.08259999999999978,0.2065,0.1496543403272311,0.666,0.08304999999999832,0.41525,0.23143144742559313,0.3333333333333333,0,0.0,0.0,0.0,1,0.3333333333333333,0.5,0.3065735963827292,1,0.2,0.5,0.3065735963827292,1,0.1,0.5,0.3065735963827292
RCAEval,re1ob_cartservice_loss_2,train,loss,1,24,2,"['frontend_cpu', 'recommendationservice_mem', 'checkoutservice_mem']","['cartservice_cpu', 'cartservice_mem']",0.0,0.24101403237967167,0.086,0.086,0.043,0.086,0.235,0.08133333333333345,0.122,0.10727050683103806,0.377,0.08259999999999978,0.2065,0.1496543403272311,0.666,0.08304999999999832,0.41525,0.23143144742559313,0.06666666666666667,0,0.0,0.0,0.0,0,0.0,0.0,0.0,0,0.0,0.0,0.0,0,0.0,0.0,0.0
RCAEval,re1ob_cartservice_loss_3,train,loss,1,24,2,"['frontend_cpu', 'recommendationservice_cpu', 'cartservice_mem']","['cartservice_cpu', 'cartservice_mem']",0.0,0.24101403237967167,0.086,0.086,0.043,0.086,0.235,0.08133333333333345,0.122,0.10727050683103806,0.377,0.08259999999999978,0.2065,0.1496543403272311,0.666,0.08304999999999832,0.41525,0.23143144742559313,0.3333333333333333,0,0.0,0.0,0.0,1,0.3333333333333333,0.5,0.3065735963827292,1,0.2,0.5,0.3065735963827292,1,0.1,0.5,0.3065735963827292
RCAEval,re1ob_checkoutservice_loss_1,train,loss,1,24,2,"['checkoutservice_mem', 'frontend_cpu', 'checkoutservice_cpu']","['checkoutservice_cpu', 'checkoutservice_mem']",0.5,0.24286986198468102,0.079,0.079,0.0395,0.079,0.2485,0.08633333333333355,0.1295,0.1113286798191361,0.3855,0.08509999999999962,0.21275,0.1531329542383077,0.6785,0.08384999999999818,0.41925,0.23398844926888376,1.0,1,1.0,0.5,1.0,1,0.6666666666666666,1.0,0.9197207891481876,1,0.4,1.0,0.9197207891481876,1,0.2,1.0,0.9197207891481876
RCAEval,re1ob_checkoutservice_loss_2,train,loss,1,24,2,"['checkoutservice_cpu', 'frontend_cpu', 'checkoutservice_mem']","['checkoutservice_cpu', 'checkoutservice_mem']",0.5,0.24286986198468102,0.079,0.079,0.0395,0.079,0.2485,0.08633333333333355,0.1295,0.1113286798191361,0.3855,0.08509999999999962,0.21275,0.1531329542383077,0.6785,0.08384999999999818,0.41925,0.23398844926888376,1.0,1,1.0,0.5,1.0,1,0.6666666666666666,1.0,0.9197207891481876,1,0.4,1.0,0.9197207891481876,1,0.2,1.0,0.9197207891481876
RCAEval,re1ob_checkoutservice_loss_3,train,loss,1,24,2,"['frontend_cpu', 'checkoutservice_cpu', 'checkoutservice_mem']","['checkoutservice_cpu', 'checkoutservice_mem']",0.5,0.24286986198468102,0.079,0.079,0.0395,0.079,0.2485,0.08633333333333355,0.1295,0.1113286798191361,0.3855,0.08509999999999962,0.21275,0.1531329542383077,0.6785,0.08384999999999818,0.41925,0.23398844926888376,0.5,0,0.0,0.0,0.0,1,0.6666666666666666,1.0,0.6934264036172708,1,0.4,1.0,0.6934264036172708,1,0.2,1.0,0.6934264036172708
RCAEval,re1ob_currencyservice_loss_2,train,loss,1,24,2,"['frontend_cpu', 'redis_cpu', 'checkoutservice_mem']","['currencyservice_cpu', 'currencyservice_mem']",0.0,0.24135667747126535,0.0845,0.0845,0.04225,0.0845,0.2395,0.08266666666666676,0.124,0.10896015174679102,0.374,0.0823999999999998,0.206,0.1500102094252192,0.655,0.08079999999999833,0.404,0.22729832380426485,0.25,0,0.0,0.0,0.0,0,0.0,0.0,0.0,1,0.2,0.5,0.2640681225725909,1,0.2,1.0,0.46845052016107697
RCAEval,re1ob_currencyservice_loss_3,train,loss,1,24,2,"['frontend_cpu', 'redis_cpu', 'checkoutservice_mem']","['currencyservice_cpu', 'currencyservice_mem']",0.0,0.24135667747126535,0.0845,0.0845,0.04225,0.0845,0.2395,0.08266666666666676,0.124,0.10896015174679102,0.374,0.0823999999999998,0.206,0.1500102094252192,0.655,0.08079999999999833,0.404,0.22729832380426485,0.14285714285714285,0,0.0,0.0,0.0,0,0.0,0.0,0.0,0,0.0,0.0,0.0,1,0.2,1.0,0.3889580943680543
RCAEval,re1ob_productcatalogservice_loss_1,train,loss,1,24,2,"['frontend_cpu', 'productcatalogservice_mem', 'checkoutservice_mem']","['productcatalogservice_cpu', 'productcatalogservice_mem']",0.5,0.24381963406726725,0.0865,0.0865,0.04325,0.0865,0.237,0.08216666666666683,0.12325,0.10915357815040802,0.3775,0.08359999999999976,0.209,0.1520229242893111,0.665,0.08284999999999826,0.41425,0.2324551763554817,0.5,0,0.0,0.0,0.0,1,0.3333333333333333,0.5,0.38685280723454163,1,0.2,0.5,0.38685280723454163,1,0.1,0.5,0.38685280723454163
RCAEval,re1ob_productcatalogservice_loss_2,train,loss,1,24,2,"['frontend_cpu', 'productcatalogservice_mem', 'checkoutservice_mem']","['productcatalogservice_cpu', 'productcatalogservice_mem']",0.5,0.24381963406726725,0.0865,0.0865,0.04325,0.0865,0.237,0.08216666666666683,0.12325,0.10915357815040802,0.3775,0.08359999999999976,0.209,0.1520229242893111,0.665,0.08284999999999826,0.41425,0.2324551763554817,0.5,0,0.0,0.0,0.0,1,0.3333333333333333,0.5,0.38685280723454163,1,0.2,0.5,0.38685280723454163,1,0.2,1.0,0.5802792108518124
RCAEval,re1ob_productcatalogservice_loss_3,train,loss,1,24,2,"['productcatalogservice_mem', 'frontend_cpu', 'checkoutservice_mem']","['productcatalogservice_cpu', 'productcatalogservice_mem']",0.5,0.24381963406726725,0.0865,0.0865,0.04325,0.0865,0.237,0.08216666666666683,0.12325,0.10915357815040802,0.3775,0.08359999999999976,0.209,0.1520229242893111,0.665,0.08284999999999826,0.41425,0.2324551763554817,1.0,1,1.0,0.5,1.0,1,0.3333333333333333,0.5,0.6131471927654584,1,0.2,0.5,0.6131471927654584,1,0.1,0.5,0.6131471927654584
RCAEval,re1ob_adservice_mem_1,train,mem,1,24,2,"['adservice_cpu', 'currencyservice_mem', 'adservice_mem']","['adservice_cpu', 'adservice_mem']",0.5,0.24148296765135568,0.0835,0.0835,0.04175,0.0835,0.24,0.08183333333333352,0.12275,0.10676323520752588,0.385,0.08459999999999963,0.2115,0.15139164774558597,0.679,0.08534999999999823,0.42675,0.2353171650328831,1.0,1,1.0,0.5,1.0,1,0.6666666666666666,1.0,0.9197207891481876,1,0.4,1.0,0.9197207891481876,1,0.2,1.0,0.9197207891481876
RCAEval,re1ob_adservice_mem_2,train,mem,1,24,2,"['adservice_cpu', 'adservice_mem', 'recommendationservice_cpu']","['adservice_cpu', 'adservice_mem']",1.0,0.24148296765135568,0.0835,0.0835,0.04175,0.0835,0.24,0.08183333333333352,0.12275,0.10676323520752588,0.385,0.08459999999999963,0.2115,0.15139164774558597,0.679,0.08534999999999823,0.42675,0.2353171650328831,1.0,1,1.0,0.5,1.0,1,0.6666666666666666,1.0,1.0,1,0.4,1.0,1.0,1,0.2,1.0,1.0
RCAEval,re1ob_adservice_mem_3,train,mem,1,24,2,"['adservice_cpu', 'currencyservice_mem', 'adservice_mem']","['adservice_cpu', 'adservice_mem']",0.5,0.24148296765135568,0.0835,0.0835,0.04175,0.0835,0.24,0.08183333333333352,0.12275,0.10676323520752588,0.385,0.08459999999999963,0.2115,0.15139164774558597,0.679,0.08534999999999823,0.42675,0.2353171650328831,1.0,1,1.0,0.5,1.0,1,0.6666666666666666,1.0,0.9197207891481876,1,0.4,1.0,0.9197207891481876,1,0.2,1.0,0.9197207891481876
RCAEval,re1ob_cartservice_mem_1,train,mem,1,24,2,"['cartservice_cpu', 'cartservice_mem', 'adservice_cpu']","['cartservice_cpu', 'cartservice_mem']",1.0,0.24101403237967167,0.086,0.086,0.043,0.086,0.235,0.08133333333333345,0.122,0.10727050683103806,0.377,0.08259999999999978,0.2065,0.1496543403272311,0.666,0.08304999999999832,0.41525,0.23143144742559313,1.0,1,1.0,0.5,1.0,1,0.6666666666666666,1.0,1.0,1,0.4,1.0,1.0,1,0.2,1.0,1.0
RCAEval,re1ob_cartservice_mem_2,train,mem,1,24,2,"['cartservice_cpu', 'cartservice_mem', 'redis_cpu']","['cartservice_cpu', 'cartservice_mem']",1.0,0.24101403237967167,0.086,0.086,0.043,0.086,0.235,0.08133333333333345,0.122,0.10727050683103806,0.377,0.08259999999999978,0.2065,0.1496543403272311,0.666,0.08304999999999832,0.41525,0.23143144742559313,1.0,1,1.0,0.5,1.0,1,0.6666666666666666,1.0,1.0,1,0.4,1.0,1.0,1,0.2,1.0,1.0
RCAEval,re1ob_cartservice_mem_3,train,mem,1,24,2,"['cartservice_cpu', 'cartservice_mem', 'frontend_cpu']","['cartservice_cpu', 'cartservice_mem']",1.0,0.24101403237967167,0.086,0.086,0.043,0.086,0.235,0.08133333333333345,0.122,0.10727050683103806,0.377,0.08259999999999978,0.2065,0.1496543403272311,0.666,0.08304999999999832,0.41525,0.23143144742559313,1.0,1,1.0,0.5,1.0,1,0.6666666666666666,1.0,1.0,1,0.4,1.0,1.0,1,0.2,1.0,1.0
RCAEval,re1ob_checkoutservice_mem_1,train,mem,1,24,2,"['checkoutservice_cpu', 'checkoutservice_mem', 'adservice_cpu']","['checkoutservice_cpu', 'checkoutservice_mem']",1.0,0.24286986198468102,0.079,0.079,0.0395,0.079,0.2485,0.08633333333333355,0.1295,0.1113286798191361,0.3855,0.08509999999999962,0.21275,0.1531329542383077,0.6785,0.08384999999999818,0.41925,0.23398844926888376,1.0,1,1.0,0.5,1.0,1,0.6666666666666666,1.0,1.0,1,0.4,1.0,1.0,1,0.2,1.0,1.0
RCAEval,re1ob_checkoutservice_mem_2,train,mem,1,24,2,"['checkoutservice_cpu', 'checkoutservice_mem', 'adservice_cpu']","['checkoutservice_cpu', 'checkoutservice_mem']",1.0,0.24286986198468102,0.079,0.079,0.0395,0.079,0.2485,0.08633333333333355,0.1295,0.1113286798191361,0.3855,0.08509999999999962,0.21275,0.1531329542383077,0.6785,0.08384999999999818,0.41925,0.23398844926888376,1.0,1,1.0,0.5,1.0,1,0.6666666666666666,1.0,1.0,1,0.4,1.0,1.0,1,0.2,1.0,1.0
RCAEval,re1ob_checkoutservice_mem_3,train,mem,1,24,2,"['checkoutservice_cpu', 'checkoutservice_mem', 'adservice_cpu']","['checkoutservice_cpu', 'checkoutservice_mem']",1.0,0.24286986198468102,0.079,0.079,0.0395,0.079,0.2485,0.08633333333333355,0.1295,0.1113286798191361,0.3855,0.08509999999999962,0.21275,0.1531329542383077,0.6785,0.08384999999999818,0.41925,0.23398844926888376,1.0,1,1.0,0.5,1.0,1,0.6666666666666666,1.0,1.0,1,0.4,1.0,1.0,1,0.2,1.0,1.0
RCAEval,re1ob_currencyservice_mem_1,train,mem,1,24,2,"['currencyservice_cpu', 'currencyservice_mem', 'frontend_cpu']","['currencyservice_cpu', 'currencyservice_mem']",1.0,0.24135667747126535,0.0845,0.0845,0.04225,0.0845,0.2395,0.08266666666666676,0.124,0.10896015174679102,0.374,0.0823999999999998,0.206,0.1500102094252192,0.655,0.08079999999999833,0.404,0.22729832380426485,1.0,1,1.0,0.5,1.0,1,0.6666666666666666,1.0,1.0,1,0.4,1.0,1.0,1,0.2,1.0,1.0
RCAEval,re1ob_currencyservice_mem_2,train,mem,1,24,2,"['currencyservice_cpu', 'currencyservice_mem', 'frontend_cpu']","['currencyservice_cpu', 'currencyservice_mem']",1.0,0.24135667747126535,0.0845,0.0845,0.04225,0.0845,0.2395,0.08266666666666676,0.124,0.10896015174679102,0.374,0.0823999999999998,0.206,0.1500102094252192,0.655,0.08079999999999833,0.404,0.22729832380426485,1.0,1,1.0,0.5,1.0,1,0.6666666666666666,1.0,1.0,1,0.4,1.0,1.0,1,0.2,1.0,1.0
RCAEval,re1ob_currencyservice_mem_3,train,mem,1,24,2,"['currencyservice_cpu', 'currencyservice_mem', 'frontend_cpu']","['currencyservice_cpu', 'currencyservice_mem']",1.0,0.24135667747126535,0.0845,0.0845,0.04225,0.0845,0.2395,0.08266666666666676,0.124,0.10896015174679102,0.374,0.0823999999999998,0.206,0.1500102094252192,0.655,0.08079999999999833,0.404,0.22729832380426485,1.0,1,1.0,0.5,1.0,1,0.6666666666666666,1.0,1.0,1,0.4,1.0,1.0,1,0.2,1.0,1.0
RCAEval,re1ob_productcatalogservice_mem_1,train,mem,1,24,2,"['productcatalogservice_mem', 'productcatalogservice_cpu', 'frontend_cpu']","['productcatalogservice_cpu', 'productcatalogservice_mem']",1.0,0.24381963406726725,0.0865,0.0865,0.04325,0.0865,0.237,0.08216666666666683,0.12325,0.10915357815040802,0.3775,0.08359999999999976,0.209,0.1520229242893111,0.665,0.08284999999999826,0.41425,0.2324551763554817,1.0,1,1.0,0.5,1.0,1,0.6666666666666666,1.0,1.0,1,0.4,1.0,1.0,1,0.2,1.0,1.0
RCAEval,re1ob_productcatalogservice_mem_2,train,mem,1,24,2,"['productcatalogservice_mem', 'productcatalogservice_cpu', 'frontend_cpu']","['productcatalogservice_cpu', 'productcatalogservice_mem']",1.0,0.24381963406726725,0.0865,0.0865,0.04325,0.0865,0.237,0.08216666666666683,0.12325,0.10915357815040802,0.3775,0.08359999999999976,0.209,0.1520229242893111,0.665,0.08284999999999826,0.41425,0.2324551763554817,1.0,1,1.0,0.5,1.0,1,0.6666666666666666,1.0,1.0,1,0.4,1.0,1.0,1,0.2,1.0,1.0
RCAEval,re1ob_productcatalogservice_mem_3,train,mem,1,24,2,"['productcatalogservice_mem', 'productcatalogservice_cpu', 'frontend_cpu']","['productcatalogservice_cpu', 'productcatalogservice_mem']",1.0,0.24381963406726725,0.0865,0.0865,0.04325,0.0865,0.237,0.08216666666666683,0.12325,0.10915357815040802,0.3775,0.08359999999999976,0.209,0.1520229242893111,0.665,0.08284999999999826,0.41425,0.2324551763554817,1.0,1,1.0,0.5,1.0,1,0.6666666666666666,1.0,1.0,1,0.4,1.0,1.0,1,0.2,1.0,1.0
RCAEval,re1ob_adservice_cpu_4,eval,cpu,1,24,2,"['adservice_cpu', 'adservice_mem', 'frontend_cpu']","['adservice_cpu', 'adservice_mem']",1.0,0.24148296765135568,0.0835,0.0835,0.04175,0.0835,0.24,0.08183333333333352,0.12275,0.10676323520752588,0.385,0.08459999999999963,0.2115,0.15139164774558597,0.679,0.08534999999999823,0.42675,0.2353171650328831,1.0,1,1.0,0.5,1.0,1,0.6666666666666666,1.0,1.0,1,0.4,1.0,1.0,1,0.2,1.0,1.0
RCAEval,re1ob_cartservice_cpu_4,eval,cpu,1,24,2,"['cartservice_cpu', 'cartservice_mem', 'frontend_cpu']","['cartservice_cpu', 'cartservice_mem']",1.0,0.24101403237967167,0.086,0.086,0.043,0.086,0.235,0.08133333333333345,0.122,0.10727050683103806,0.377,0.08259999999999978,0.2065,0.1496543403272311,0.666,0.08304999999999832,0.41525,0.23143144742559313,1.0,1,1.0,0.5,1.0,1,0.6666666666666666,1.0,1.0,1,0.4,1.0,1.0,1,0.2,1.0,1.0
RCAEval,re1ob_checkoutservice_cpu_4,eval,cpu,1,24,2,"['checkoutservice_cpu', 'checkoutservice_mem', 'adservice_cpu']","['checkoutservice_cpu', 'checkoutservice_mem']",1.0,0.24286986198468102,0.079,0.079,0.0395,0.079,0.2485,0.08633333333333355,0.1295,0.1113286798191361,0.3855,0.08509999999999962,0.21275,0.1531329542383077,0.6785,0.08384999999999818,0.41925,0.23398844926888376,1.0,1,1.0,0.5,1.0,1,0.6666666666666666,1.0,1.0,1,0.4,1.0,1.0,1,0.2,1.0,1.0
RCAEval,re1ob_currencyservice_cpu_4,eval,cpu,1,24,2,"['currencyservice_cpu', 'currencyservice_mem', 'frontend_cpu']","['currencyservice_cpu', 'currencyservice_mem']",1.0,0.24135667747126535,0.0845,0.0845,0.04225,0.0845,0.2395,0.08266666666666676,0.124,0.10896015174679102,0.374,0.0823999999999998,0.206,0.1500102094252192,0.655,0.08079999999999833,0.404,0.22729832380426485,1.0,1,1.0,0.5,1.0,1,0.6666666666666666,1.0,1.0,1,0.4,1.0,1.0,1,0.2,1.0,1.0
RCAEval,re1ob_productcatalogservice_cpu_4,eval,cpu,1,24,2,"['productcatalogservice_mem', 'productcatalogservice_cpu', 'cartservice_cpu']","['productcatalogservice_cpu', 'productcatalogservice_mem']",1.0,0.24381963406726725,0.0865,0.0865,0.04325,0.0865,0.237,0.08216666666666683,0.12325,0.10915357815040802,0.3775,0.08359999999999976,0.209,0.1520229242893111,0.665,0.08284999999999826,0.41425,0.2324551763554817,1.0,1,1.0,0.5,1.0,1,0.6666666666666666,1.0,1.0,1,0.4,1.0,1.0,1,0.2,1.0,1.0
RCAEval,re1ob_adservice_delay_4,eval,delay,1,24,2,"['frontend_cpu', 'adservice_cpu', 'currencyservice_cpu']","['adservice_cpu', 'adservice_mem']",0.5,0.24148296765135568,0.0835,0.0835,0.04175,0.0835,0.24,0.08183333333333352,0.12275,0.10676323520752588,0.385,0.08459999999999963,0.2115,0.15139164774558597,0.679,0.08534999999999823,0.42675,0.2353171650328831,0.5,0,0.0,0.0,0.0,1,0.3333333333333333,0.5,0.38685280723454163,1,0.2,0.5,0.38685280723454163,1,0.2,1.0,0.5912352048230277
RCAEval,re1ob_cartservice_delay_4,eval,delay,1,24,2,"['frontend_cpu', 'frontend_mem', 'productcatalogservice_cpu']","['cartservice_cpu', 'cartservice_mem']",0.0,0.24101403237967167,0.086,0.086,0.043,0.086,0.235,0.08133333333333345,0.122,0.10727050683103806,0.377,0.08259999999999978,0.2065,0.1496543403272311,0.666,0.08304999999999832,0.41525,0.23143144742559313,0.08333333333333333,0,0.0,0.0,0.0,0,0.0,0.0,0.0,0,0.0,0.0,0.0,0,0.0,0.0,0.0
RCAEval,re1ob_checkoutservice_delay_4,eval,delay,1,24,2,"['frontend_cpu', 'currencyservice_mem', 'adservice_cpu']","['checkoutservice_cpu', 'checkoutservice_mem']",0.0,0.24286986198468102,0.079,0.079,0.0395,0.079,0.2485,0.08633333333333355,0.1295,0.1113286798191361,0.3855,0.08509999999999962,0.21275,0.1531329542383077,0.6785,0.08384999999999818,0.41925,0.23398844926888376,0.16666666666666666,0,0.0,0.0,0.0,0,0.0,0.0,0.0,0,0.0,0.0,0.0,1,0.1,0.5,0.21840743681816419
RCAEval,re1ob_currencyservice_delay_4,eval,delay,1,24,2,"['frontend_cpu', 'checkoutservice_cpu', 'productcatalogservice_cpu']","['currencyservice_cpu', 'currencyservice_mem']",0.0,0.24135667747126535,0.0845,0.0845,0.04225,0.0845,0.2395,0.08266666666666676,0.124,0.10896015174679102,0.374,0.0823999999999998,0.206,0.1500102094252192,0.655,0.08079999999999833,0.404,0.22729832380426485,0.25,0,0.0,0.0,0.0,0,0.0,0.0,0.0,1,0.2,0.5,0.2640681225725909,1,0.2,1.0,0.46845052016107697
RCAEval,re1ob_productcatalogservice_delay_4,eval,delay,1,24,2,"['frontend_cpu', 'adservice_cpu', 'productcatalogservice_cpu']","['productcatalogservice_cpu', 'productcatalogservice_mem']",0.0,0.24381963406726725,0.0865,0.0865,0.04325,0.0865,0.237,0.08216666666666683,0.12325,0.10915357815040802,0.3775,0.08359999999999976,0.209,0.1520229242893111,0.665,0.08284999999999826,0.41425,0.2324551763554817,0.3333333333333333,0,0.0,0.0,0.0,1,0.3333333333333333,0.5,0.3065735963827292,1,0.2,0.5,0.3065735963827292,1,0.1,0.5,0.3065735963827292
RCAEval,re1ob_adservice_disk_4,eval,disk,1,24,2,"['adservice_cpu', 'cartservice_cpu', 'adservice_mem']","['adservice_cpu', 'adservice_mem']",0.5,0.24148296765135568,0.0835,0.0835,0.04175,0.0835,0.24,0.08183333333333352,0.12275,0.10676323520752588,0.385,0.08459999999999963,0.2115,0.15139164774558597,0.679,0.08534999999999823,0.42675,0.2353171650328831,1.0,1,1.0,0.5,1.0,1,0.6666666666666666,1.0,0.9197207891481876,1,0.4,1.0,0.9197207891481876,1,0.2,1.0,0.9197207891481876
RCAEval,re1ob_cartservice_disk_4,eval,disk,1,24,2,"['cartservice_cpu', 'cartservice_mem', 'currencyservice_cpu']","['cartservice_cpu', 'cartservice_mem']",1.0,0.24101403237967167,0.086,0.086,0.043,0.086,0.235,0.08133333333333345,0.122,0.10727050683103806,0.377,0.08259999999999978,0.2065,0.1496543403272311,0.666,0.08304999999999832,0.41525,0.23143144742559313,1.0,1,1.0,0.5,1.0,1,0.6666666666666666,1.0,1.0,1,0.4,1.0,1.0,1,0.2,1.0,1.0
RCAEval,re1ob_checkoutservice_disk_4,eval,disk,1,24,2,"['checkoutservice_cpu', 'checkoutservice_mem', 'currencyservice_cpu']","['checkoutservice_cpu', 'checkoutservice_mem']",1.0,0.24286986198468102,0.079,0.079,0.0395,0.079,0.2485,0.08633333333333355,0.1295,0.1113286798191361,0.3855,0.08509999999999962,0.21275,0.1531329542383077,0.6785,0.08384999999999818,0.41925,0.23398844926888376,1.0,1,1.0,0.5,1.0,1,0.6666666666666666,1.0,1.0,1,0.4,1.0,1.0,1,0.2,1.0,1.0
RCAEval,re1ob_currencyservice_disk_4,eval,disk,1,24,2,"['currencyservice_cpu', 'frontend_cpu', 'currencyservice_mem']","['currencyservice_cpu', 'currencyservice_mem']",0.5,0.24135667747126535,0.0845,0.0845,0.04225,0.0845,0.2395,0.08266666666666676,0.124,0.10896015174679102,0.374,0.0823999999999998,0.206,0.1500102094252192,0.655,0.08079999999999833,0.404,0.22729832380426485,1.0,1,1.0,0.5,1.0,1,0.6666666666666666,1.0,0.9197207891481876,1,0.4,1.0,0.9197207891481876,1,0.2,1.0,0.9197207891481876
RCAEval,re1ob_productcatalogservice_disk_4,eval,disk,1,24,2,"['productcatalogservice_mem', 'productcatalogservice_cpu', 'frontend_cpu']","['productcatalogservice_cpu', 'productcatalogservice_mem']",1.0,0.24381963406726725,0.0865,0.0865,0.04325,0.0865,0.237,0.08216666666666683,0.12325,0.10915357815040802,0.3775,0.08359999999999976,0.209,0.1520229242893111,0.665,0.08284999999999826,0.41425,0.2324551763554817,1.0,1,1.0,0.5,1.0,1,0.6666666666666666,1.0,1.0,1,0.4,1.0,1.0,1,0.2,1.0,1.0
RCAEval,re1ob_adservice_loss_4,eval,loss,1,24,2,"['adservice_mem', 'frontend_cpu', 'adservice_cpu']","['adservice_cpu', 'adservice_mem']",0.5,0.24148296765135568,0.0835,0.0835,0.04175,0.0835,0.24,0.08183333333333352,0.12275,0.10676323520752588,0.385,0.08459999999999963,0.2115,0.15139164774558597,0.679,0.08534999999999823,0.42675,0.2353171650328831,1.0,1,1.0,0.5,1.0,1,0.6666666666666666,1.0,0.9197207891481876,1,0.4,1.0,0.9197207891481876,1,0.2,1.0,0.9197207891481876
RCAEval,re1ob_cartservice_loss_4,eval,loss,1,24,2,"['frontend_cpu', 'checkoutservice_mem', 'recommendationservice_mem']","['cartservice_cpu', 'cartservice_mem']",0.0,0.24101403237967167,0.086,0.086,0.043,0.086,0.235,0.08133333333333345,0.122,0.10727050683103806,0.377,0.08259999999999978,0.2065,0.1496543403272311,0.666,0.08304999999999832,0.41525,0.23143144742559313,0.07142857142857142,0,0.0,0.0,0.0,0,0.0,0.0,0.0,0,0.0,0.0,0.0,0,0.0,0.0,0.0
RCAEval,re1ob_checkoutservice_loss_4,eval,loss,1,24,2,"['checkoutservice_cpu', 'frontend_cpu', 'checkoutservice_mem']","['checkoutservice_cpu', 'checkoutservice_mem']",0.5,0.24286986198468102,0.079,0.079,0.0395,0.079,0.2485,0.08633333333333355,0.1295,0.1113286798191361,0.3855,0.08509999999999962,0.21275,0.1531329542383077,0.6785,0.08384999999999818,0.41925,0.23398844926888376,1.0,1,1.0,0.5,1.0,1,0.6666666666666666,1.0,0.9197207891481876,1,0.4,1.0,0.9197207891481876,1,0.2,1.0,0.9197207891481876
RCAEval,re1ob_currencyservice_loss_4,eval,loss,1,24,2,"['frontend_cpu', 'recommendationservice_cpu', 'checkoutservice_mem']","['currencyservice_cpu', 'currencyservice_mem']",0.0,0.24135667747126535,0.0845,0.0845,0.04225,0.0845,0.2395,0.08266666666666676,0.124,0.10896015174679102,0.374,0.0823999999999998,0.206,0.1500102094252192,0.655,0.08079999999999833,0.404,0.22729832380426485,0.16666666666666666,0,0.0,0.0,0.0,0,0.0,0.0,0.0,0,0.0,0.0,0.0,1,0.1,0.5,0.21840743681816419
RCAEval,re1ob_productcatalogservice_loss_4,eval,loss,1,24,2,"['frontend_cpu', 'currencyservice_cpu', 'productcatalogservice_mem']","['productcatalogservice_cpu', 'productcatalogservice_mem']",0.0,0.24381963406726725,0.0865,0.0865,0.04325,0.0865,0.237,0.08216666666666683,0.12325,0.10915357815040802,0.3775,0.08359999999999976,0.209,0.1520229242893111,0.665,0.08284999999999826,0.41425,0.2324551763554817,0.3333333333333333,0,0.0,0.0,0.0,1,0.3333333333333333,0.5,0.3065735963827292,1,0.2,0.5,0.3065735963827292,1,0.1,0.5,0.3065735963827292
RCAEval,re1ob_adservice_mem_4,eval,mem,1,24,2,"['adservice_cpu', 'adservice_mem', 'frontend_cpu']","['adservice_cpu', 'adservice_mem']",1.0,0.24148296765135568,0.0835,0.0835,0.04175,0.0835,0.24,0.08183333333333352,0.12275,0.10676323520752588,0.385,0.08459999999999963,0.2115,0.15139164774558597,0.679,0.08534999999999823,0.42675,0.2353171650328831,1.0,1,1.0,0.5,1.0,1,0.6666666666666666,1.0,1.0,1,0.4,1.0,1.0,1,0.2,1.0,1.0
RCAEval,re1ob_cartservice_mem_4,eval,mem,1,24,2,"['cartservice_cpu', 'adservice_cpu', 'cartservice_mem']","['cartservice_cpu', 'cartservice_mem']",0.5,0.24101403237967167,0.086,0.086,0.043,0.086,0.235,0.08133333333333345,0.122,0.10727050683103806,0.377,0.08259999999999978,0.2065,0.1496543403272311,0.666,0.08304999999999832,0.41525,0.23143144742559313,1.0,1,1.0,0.5,1.0,1,0.6666666666666666,1.0,0.9197207891481876,1,0.4,1.0,0.9197207891481876,1,0.2,1.0,0.9197207891481876
RCAEval,re1ob_checkoutservice_mem_4,eval,mem,1,24,2,"['checkoutservice_cpu', 'checkoutservice_mem', 'currencyservice_cpu']","['checkoutservice_cpu', 'checkoutservice_mem']",1.0,0.24286986198468102,0.079,0.079,0.0395,0.079,0.2485,0.08633333333333355,0.1295,0.1113286798191361,0.3855,0.08509999999999962,0.21275,0.1531329542383077,0.6785,0.08384999999999818,0.41925,0.23398844926888376,1.0,1,1.0,0.5,1.0,1,0.6666666666666666,1.0,1.0,1,0.4,1.0,1.0,1,0.2,1.0,1.0
RCAEval,re1ob_currencyservice_mem_4,eval,mem,1,24,2,"['currencyservice_cpu', 'currencyservice_mem', 'frontend_cpu']","['currencyservice_cpu', 'currencyservice_mem']",1.0,0.24135667747126535,0.0845,0.0845,0.04225,0.0845,0.2395,0.08266666666666676,0.124,0.10896015174679102,0.374,0.0823999999999998,0.206,0.1500102094252192,0.655,0.08079999999999833,0.404,0.22729832380426485,1.0,1,1.0,0.5,1.0,1,0.6666666666666666,1.0,1.0,1,0.4,1.0,1.0,1,0.2,1.0,1.0
RCAEval,re1ob_productcatalogservice_mem_4,eval,mem,1,24,2,"['productcatalogservice_mem', 'productcatalogservice_cpu', 'frontend_cpu']","['productcatalogservice_cpu', 'productcatalogservice_mem']",1.0,0.24381963406726725,0.0865,0.0865,0.04325,0.0865,0.237,0.08216666666666683,0.12325,0.10915357815040802,0.3775,0.08359999999999976,0.209,0.1520229242893111,0.665,0.08284999999999826,0.41425,0.2324551763554817,1.0,1,1.0,0.5,1.0,1,0.6666666666666666,1.0,1.0,1,0.4,1.0,1.0,1,0.2,1.0,1.0
RCAEval,re1ob_adservice_cpu_5,calib,cpu,1,24,2,"['adservice_cpu', 'redis_cpu', 'adservice_mem']","['adservice_cpu', 'adservice_mem']",0.5,0.24148296765135568,0.0835,0.0835,0.04175,0.0835,0.24,0.08183333333333352,0.12275,0.10676323520752588,0.385,0.08459999999999963,0.2115,0.15139164774558597,0.679,0.08534999999999823,0.42675,0.2353171650328831,1.0,1,1.0,0.5,1.0,1,0.6666666666666666,1.0,0.9197207891481876,1,0.4,1.0,0.9197207891481876,1,0.2,1.0,0.9197207891481876
RCAEval,re1ob_cartservice_cpu_5,calib,cpu,1,24,2,"['cartservice_cpu', 'cartservice_mem', 'frontend_cpu']","['cartservice_cpu', 'cartservice_mem']",1.0,0.24101403237967167,0.086,0.086,0.043,0.086,0.235,0.08133333333333345,0.122,0.10727050683103806,0.377,0.08259999999999978,0.2065,0.1496543403272311,0.666,0.08304999999999832,0.41525,0.23143144742559313,1.0,1,1.0,0.5,1.0,1,0.6666666666666666,1.0,1.0,1,0.4,1.0,1.0,1,0.2,1.0,1.0
RCAEval,re1ob_checkoutservice_cpu_5,calib,cpu,1,24,2,"['checkoutservice_cpu', 'checkoutservice_mem', 'adservice_cpu']","['checkoutservice_cpu', 'checkoutservice_mem']",1.0,0.24286986198468102,0.079,0.079,0.0395,0.079,0.2485,0.08633333333333355,0.1295,0.1113286798191361,0.3855,0.08509999999999962,0.21275,0.1531329542383077,0.6785,0.08384999999999818,0.41925,0.23398844926888376,1.0,1,1.0,0.5,1.0,1,0.6666666666666666,1.0,1.0,1,0.4,1.0,1.0,1,0.2,1.0,1.0
RCAEval,re1ob_currencyservice_cpu_5,calib,cpu,1,24,2,"['currencyservice_cpu', 'adservice_mem', 'currencyservice_mem']","['currencyservice_cpu', 'currencyservice_mem']",0.5,0.24135667747126535,0.0845,0.0845,0.04225,0.0845,0.2395,0.08266666666666676,0.124,0.10896015174679102,0.374,0.0823999999999998,0.206,0.1500102094252192,0.655,0.08079999999999833,0.404,0.22729832380426485,1.0,1,1.0,0.5,1.0,1,0.6666666666666666,1.0,0.9197207891481876,1,0.4,1.0,0.9197207891481876,1,0.2,1.0,0.9197207891481876
RCAEval,re1ob_productcatalogservice_cpu_5,calib,cpu,1,24,2,"['productcatalogservice_mem', 'productcatalogservice_cpu', 'frontend_cpu']","['productcatalogservice_cpu', 'productcatalogservice_mem']",1.0,0.24381963406726725,0.0865,0.0865,0.04325,0.0865,0.237,0.08216666666666683,0.12325,0.10915357815040802,0.3775,0.08359999999999976,0.209,0.1520229242893111,0.665,0.08284999999999826,0.41425,0.2324551763554817,1.0,1,1.0,0.5,1.0,1,0.6666666666666666,1.0,1.0,1,0.4,1.0,1.0,1,0.2,1.0,1.0
RCAEval,re1ob_adservice_delay_5,calib,delay,1,24,2,"['frontend_cpu', 'adservice_cpu', 'currencyservice_mem']","['adservice_cpu', 'adservice_mem']",0.5,0.24148296765135568,0.0835,0.0835,0.04175,0.0835,0.24,0.08183333333333352,0.12275,0.10676323520752588,0.385,0.08459999999999963,0.2115,0.15139164774558597,0.679,0.08534999999999823,0.42675,0.2353171650328831,0.5,0,0.0,0.0,0.0,1,0.3333333333333333,0.5,0.38685280723454163,1,0.2,0.5,0.38685280723454163,1,0.2,1.0,0.5912352048230277
RCAEval,re1ob_cartservice_delay_5,calib,delay,1,24,2,"['frontend_cpu', 'productcatalogservice_cpu', 'checkoutservice_cpu']","['cartservice_cpu', 'cartservice_mem']",0.0,0.24101403237967167,0.086,0.086,0.043,0.086,0.235,0.08133333333333345,0.122,0.10727050683103806,0.377,0.08259999999999978,0.2065,0.1496543403272311,0.666,0.08304999999999832,0.41525,0.23143144742559313,0.125,0,0.0,0.0,0.0,0,0.0,0.0,0.0,0,0.0,0.0,0.0,1,0.1,0.5,0.19342640361727081
RCAEval,re1ob_checkoutservice_delay_5,calib,delay,1,24,2,"['frontend_cpu', 'currencyservice_cpu', 'adservice_cpu']","['checkoutservice_cpu', 'checkoutservice_mem']",0.0,0.24286986198468102,0.079,0.079,0.0395,0.079,0.2485,0.08633333333333355,0.1295,0.1113286798191361,0.3855,0.08509999999999962,0.21275,0.1531329542383077,0.6785,0.08384999999999818,0.41925,0.23398844926888376,0.25,0,0.0,0.0,0.0,0,0.0,0.0,0.0,1,0.2,0.5,0.2640681225725909,1,0.1,0.5,0.2640681225725909
RCAEval,re1ob_currencyservice_delay_5,calib,delay,1,24,2,"['frontend_cpu', 'recommendationservice_cpu', 'frontend_mem']","['currencyservice_cpu', 'currencyservice_mem']",0.0,0.24135667747126535,0.0845,0.0845,0.04225,0.0845,0.2395,0.08266666666666676,0.124,0.10896015174679102,0.374,0.0823999999999998,0.206,0.1500102094252192,0.655,0.08079999999999833,0.404,0.22729832380426485,0.25,0,0.0,0.0,0.0,0,0.0,0.0,0.0,1,0.2,0.5,0.2640681225725909,1,0.2,1.0,0.46845052016107697
RCAEval,re1ob_productcatalogservice_delay_5,calib,delay,1,24,2,"['frontend_cpu', 'currencyservice_cpu', 'frontend_mem']","['productcatalogservice_cpu', 'productcatalogservice_mem']",0.0,0.24381963406726725,0.0865,0.0865,0.04325,0.0865,0.237,0.08216666666666683,0.12325,0.10915357815040802,0.3775,0.08359999999999976,0.209,0.1520229242893111,0.665,0.08284999999999826,0.41425,0.2324551763554817,0.25,0,0.0,0.0,0.0,0,0.0,0.0,0.0,1,0.2,0.5,0.2640681225725909,1,0.2,1.0,0.45749452618986164
RCAEval,re1ob_adservice_disk_5,calib,disk,1,24,2,"['adservice_cpu', 'adservice_mem', 'currencyservice_cpu']","['adservice_cpu', 'adservice_mem']",1.0,0.24148296765135568,0.0835,0.0835,0.04175,0.0835,0.24,0.08183333333333352,0.12275,0.10676323520752588,0.385,0.08459999999999963,0.2115,0.15139164774558597,0.679,0.08534999999999823,0.42675,0.2353171650328831,1.0,1,1.0,0.5,1.0,1,0.6666666666666666,1.0,1.0,1,0.4,1.0,1.0,1,0.2,1.0,1.0
RCAEval,re1ob_cartservice_disk_5,calib,disk,1,24,2,"['cartservice_cpu', 'frontend_cpu', 'cartservice_mem']","['cartservice_cpu', 'cartservice_mem']",0.5,0.24101403237967167,0.086,0.086,0.043,0.086,0.235,0.08133333333333345,0.122,0.10727050683103806,0.377,0.08259999999999978,0.2065,0.1496543403272311,0.666,0.08304999999999832,0.41525,0.23143144742559313,1.0,1,1.0,0.5,1.0,1,0.6666666666666666,1.0,0.9197207891481876,1,0.4,1.0,0.9197207891481876,1,0.2,1.0,0.9197207891481876
RCAEval,re1ob_checkoutservice_disk_5,calib,disk,1,24,2,"['checkoutservice_cpu', 'checkoutservice_mem', 'currencyservice_cpu']","['checkoutservice_cpu', 'checkoutservice_mem']",1.0,0.24286986198468102,0.079,0.079,0.0395,0.079,0.2485,0.08633333333333355,0.1295,0.1113286798191361,0.3855,0.08509999999999962,0.21275,0.1531329542383077,0.6785,0.08384999999999818,0.41925,0.23398844926888376,1.0,1,1.0,0.5,1.0,1,0.6666666666666666,1.0,1.0,1,0.4,1.0,1.0,1,0.2,1.0,1.0
RCAEval,re1ob_currencyservice_disk_5,calib,disk,1,24,2,"['currencyservice_cpu', 'currencyservice_mem', 'frontend_cpu']","['currencyservice_cpu', 'currencyservice_mem']",1.0,0.24135667747126535,0.0845,0.0845,0.04225,0.0845,0.2395,0.08266666666666676,0.124,0.10896015174679102,0.374,0.0823999999999998,0.206,0.1500102094252192,0.655,0.08079999999999833,0.404,0.22729832380426485,1.0,1,1.0,0.5,1.0,1,0.6666666666666666,1.0,1.0,1,0.4,1.0,1.0,1,0.2,1.0,1.0
RCAEval,re1ob_productcatalogservice_disk_5,calib,disk,1,24,2,"['productcatalogservice_mem', 'productcatalogservice_cpu', 'cartservice_cpu']","['productcatalogservice_cpu', 'productcatalogservice_mem']",1.0,0.24381963406726725,0.0865,0.0865,0.04325,0.0865,0.237,0.08216666666666683,0.12325,0.10915357815040802,0.3775,0.08359999999999976,0.209,0.1520229242893111,0.665,0.08284999999999826,0.41425,0.2324551763554817,1.0,1,1.0,0.5,1.0,1,0.6666666666666666,1.0,1.0,1,0.4,1.0,1.0,1,0.2,1.0,1.0
RCAEval,re1ob_adservice_loss_5,calib,loss,1,24,2,"['frontend_cpu', 'adservice_cpu', 'adservice_mem']","['adservice_cpu', 'adservice_mem']",0.5,0.24148296765135568,0.0835,0.0835,0.04175,0.0835,0.24,0.08183333333333352,0.12275,0.10676323520752588,0.385,0.08459999999999963,0.2115,0.15139164774558597,0.679,0.08534999999999823,0.42675,0.2353171650328831,0.5,0,0.0,0.0,0.0,1,0.6666666666666666,1.0,0.6934264036172708,1,0.4,1.0,0.6934264036172708,1,0.2,1.0,0.6934264036172708
RCAEval,re1ob_cartservice_loss_5,calib,loss,1,24,2,"['frontend_cpu', 'redis_cpu', 'recommendationservice_cpu']","['cartservice_cpu', 'cartservice_mem']",0.0,0.24101403237967167,0.086,0.086,0.043,0.086,0.235,0.08133333333333345,0.122,0.10727050683103806,0.377,0.08259999999999978,0.2065,0.1496543403272311,0.666,0.08304999999999832,0.41525,0.23143144742559313,0.09090909090909091,0,0.0,0.0,0.0,0,0.0,0.0,0.0,0,0.0,0.0,0.0,0,0.0,0.0,0.0
RCAEval,re1ob_checkoutservice_loss_5,calib,loss,1,24,2,"['frontend_cpu', 'checkoutservice_cpu', 'checkoutservice_mem']","['checkoutservice_cpu', 'checkoutservice_mem']",0.5,0.24286986198468102,0.079,0.079,0.0395,0.079,0.2485,0.08633333333333355,0.1295,0.1113286798191361,0.3855,0.08509999999999962,0.21275,0.1531329542383077,0.6785,0.08384999999999818,0.41925,0.23398844926888376,0.5,0,0.0,0.0,0.0,1,0.6666666666666666,1.0,0.6934264036172708,1,0.4,1.0,0.6934264036172708,1,0.2,1.0,0.6934264036172708
RCAEval,re1ob_currencyservice_loss_5,calib,loss,1,24,2,"['frontend_cpu', 'redis_cpu', 'checkoutservice_mem']","['currencyservice_cpu', 'currencyservice_mem']",0.0,0.24135667747126535,0.0845,0.0845,0.04225,0.0845,0.2395,0.08266666666666676,0.124,0.10896015174679102,0.374,0.0823999999999998,0.206,0.1500102094252192,0.655,0.08079999999999833,0.404,0.22729832380426485,0.14285714285714285,0,0.0,0.0,0.0,0,0.0,0.0,0.0,0,0.0,0.0,0.0,1,0.1,0.5,0.20438239758848611
RCAEval,re1ob_productcatalogservice_loss_5,calib,loss,1,24,2,"['productcatalogservice_mem', 'frontend_cpu', 'currencyservice_cpu']","['productcatalogservice_cpu', 'productcatalogservice_mem']",0.5,0.24381963406726725,0.0865,0.0865,0.04325,0.0865,0.237,0.08216666666666683,0.12325,0.10915357815040802,0.3775,0.08359999999999976,0.209,0.1520229242893111,0.665,0.08284999999999826,0.41425,0.2324551763554817,1.0,1,1.0,0.5,1.0,1,0.3333333333333333,0.5,0.6131471927654584,1,0.2,0.5,0.6131471927654584,1,0.2,1.0,0.8315546295836225
RCAEval,re1ob_adservice_mem_5,calib,mem,1,24,2,"['adservice_cpu', 'productcatalogservice_mem', 'adservice_mem']","['adservice_cpu', 'adservice_mem']",0.5,0.24148296765135568,0.0835,0.0835,0.04175,0.0835,0.24,0.08183333333333352,0.12275,0.10676323520752588,0.385,0.08459999999999963,0.2115,0.15139164774558597,0.679,0.08534999999999823,0.42675,0.2353171650328831,1.0,1,1.0,0.5,1.0,1,0.6666666666666666,1.0,0.9197207891481876,1,0.4,1.0,0.9197207891481876,1,0.2,1.0,0.9197207891481876
RCAEval,re1ob_cartservice_mem_5,calib,mem,1,24,2,"['cartservice_cpu', 'cartservice_mem', 'frontend_cpu']","['cartservice_cpu', 'cartservice_mem']",1.0,0.24101403237967167,0.086,0.086,0.043,0.086,0.235,0.08133333333333345,0.122,0.10727050683103806,0.377,0.08259999999999978,0.2065,0.1496543403272311,0.666,0.08304999999999832,0.41525,0.23143144742559313,1.0,1,1.0,0.5,1.0,1,0.6666666666666666,1.0,1.0,1,0.4,1.0,1.0,1,0.2,1.0,1.0
RCAEval,re1ob_checkoutservice_mem_5,calib,mem,1,24,2,"['checkoutservice_cpu', 'checkoutservice_mem', 'adservice_cpu']","['checkoutservice_cpu', 'checkoutservice_mem']",1.0,0.24286986198468102,0.079,0.079,0.0395,0.079,0.2485,0.08633333333333355,0.1295,0.1113286798191361,0.3855,0.08509999999999962,0.21275,0.1531329542383077,0.6785,0.08384999999999818,0.41925,0.23398844926888376,1.0,1,1.0,0.5,1.0,1,0.6666666666666666,1.0,1.0,1,0.4,1.0,1.0,1,0.2,1.0,1.0
RCAEval,re1ob_currencyservice_mem_5,calib,mem,1,24,2,"['currencyservice_cpu', 'currencyservice_mem', 'frontend_cpu']","['currencyservice_cpu', 'currencyservice_mem']",1.0,0.24135667747126535,0.0845,0.0845,0.04225,0.0845,0.2395,0.08266666666666676,0.124,0.10896015174679102,0.374,0.0823999999999998,0.206,0.1500102094252192,0.655,0.08079999999999833,0.404,0.22729832380426485,1.0,1,1.0,0.5,1.0,1,0.6666666666666666,1.0,1.0,1,0.4,1.0,1.0,1,0.2,1.0,1.0
RCAEval,re1ob_productcatalogservice_mem_5,calib,mem,1,24,2,"['productcatalogservice_mem', 'productcatalogservice_cpu', 'checkoutservice_cpu']","['productcatalogservice_cpu', 'productcatalogservice_mem']",1.0,0.24381963406726725,0.0865,0.0865,0.04325,0.0865,0.237,0.08216666666666683,0.12325,0.10915357815040802,0.3775,0.08359999999999976,0.209,0.1520229242893111,0.665,0.08284999999999826,0.41425,0.2324551763554817,1.0,1,1.0,0.5,1.0,1,0.6666666666666666,1.0,1.0,1,0.4,1.0,1.0,1,0.2,1.0,1.0
RCAEval,re1ob_adservice_cpu_1,train,cpu,2,24,2,"['adservice_cpu', 'adservice_mem', 'currencyservice_mem']","['adservice_cpu', 'adservice_mem']",1.0,0.24155936633922764,0.0795,0.0795,0.03975,0.0795,0.2455,0.08533333333333354,0.128,0.11060238543360514,0.3785,0.08459999999999979,0.2115,0.15249838829935816,0.671,0.08319999999999816,0.416,0.23236702052465533,1.0,1,1.0,0.5,1.0,1,0.6666666666666666,1.0,1.0,1,0.4,1.0,1.0,1,0.2,1.0,1.0
RCAEval,re1ob_adservice_cpu_2,train,cpu,2,24,2,"['adservice_cpu', 'adservice_mem', 'frontend_cpu']","['adservice_cpu', 'adservice_mem']",1.0,0.24155936633922764,0.0795,0.0795,0.03975,0.0795,0.2455,0.08533333333333354,0.128,0.11060238543360514,0.3785,0.08459999999999979,0.2115,0.15249838829935816,0.671,0.08319999999999816,0.416,0.23236702052465533,1.0,1,1.0,0.5,1.0,1,0.6666666666666666,1.0,1.0,1,0.4,1.0,1.0,1,0.2,1.0,1.0
RCAEval,re1ob_adservice_cpu_3,train,cpu,2,24,2,"['adservice_cpu', 'adservice_mem', 'frontend_cpu']","['adservice_cpu', 'adservice_mem']",1.0,0.24155936633922764,0.0795,0.0795,0.03975,0.0795,0.2455,0.08533333333333354,0.128,0.11060238543360514,0.3785,0.08459999999999979,0.2115,0.15249838829935816,0.671,0.08319999999999816,0.416,0.23236702052465533,1.0,1,1.0,0.5,1.0,1,0.6666666666666666,1.0,1.0,1,0.4,1.0,1.0,1,0.2,1.0,1.0
RCAEval,re1ob_cartservice_cpu_1,train,cpu,2,24,2,"['cartservice_cpu', 'cartservice_mem', 'adservice_cpu']","['cartservice_cpu', 'cartservice_mem']",1.0,0.23740315080198712,0.079,0.079,0.0395,0.079,0.2275,0.07950000000000014,0.11925,0.10420098937934635,0.367,0.08019999999999987,0.2005,0.1451236489719485,0.6695,0.08254999999999822,0.41275,0.228438450151884,1.0,1,1.0,0.5,1.0,1,0.6666666666666666,1.0,1.0,1,0.4,1.0,1.0,1,0.2,1.0,1.0
RCAEval,re1ob_cartservice_cpu_2,train,cpu,2,24,2,"['cartservice_cpu', 'cartservice_mem', 'currencyservice_mem']","['cartservice_cpu', 'cartservice_mem']",1.0,0.23740315080198712,0.079,0.079,0.0395,0.079,0.2275,0.07950000000000014,0.11925,0.10420098937934635,0.367,0.08019999999999987,0.2005,0.1451236489719485,0.6695,0.08254999999999822,0.41275,0.228438450151884,1.0,1,1.0,0.5,1.0,1,0.6666666666666666,1.0,1.0,1,0.4,1.0,1.0,1,0.2,1.0,1.0
RCAEval,re1ob_cartservice_cpu_3,train,cpu,2,24,2,"['cartservice_cpu', 'cartservice_mem', 'currencyservice_mem']","['cartservice_cpu', 'cartservice_mem']",1.0,0.23740315080198712,0.079,0.079,0.0395,0.079,0.2275,0.07950000000000014,0.11925,0.10420098937934635,0.367,0.08019999999999987,0.2005,0.1451236489719485,0.6695,0.08254999999999822,0.41275,0.228438450151884,1.0,1,1.0,0.5,1.0,1,0.6666666666666666,1.0,1.0,1,0.4,1.0,1.0,1,0.2,1.0,1.0
RCAEval,re1ob_checkoutservice_cpu_1,train,cpu,2,24,2,"['checkoutservice_cpu', 'checkoutservice_mem', 'currencyservice_mem']","['checkoutservice_cpu', 'checkoutservice_mem']",1.0,0.24509011544711795,0.091,0.091,0.0455,0.091,0.239,0.0846666666666669,0.127,0.11235078604189001,0.376,0.08239999999999978,0.206,0.15204483346821043,0.6625,0.08304999999999821,0.41525,0.23370293342665618,1.0,1,1.0,0.5,1.0,1,0.6666666666666666,1.0,1.0,1,0.4,1.0,1.0,1,0.2,1.0,1.0
RCAEval,re1ob_checkoutservice_cpu_2,train,cpu,2,24,2,"['checkoutservice_cpu', 'checkoutservice_mem', 'frontend_cpu']","['checkoutservice_cpu', 'checkoutservice_mem']",1.0,0.24509011544711795,0.091,0.091,0.0455,0.091,0.239,0.0846666666666669,0.127,0.11235078604189001,0.376,0.08239999999999978,0.206,0.15204483346821043,0.6625,0.08304999999999821,0.41525,0.23370293342665618,1.0,1,1.0,0.5,1.0,1,0.6666666666666666,1.0,1.0,1,0.4,1.0,1.0,1,0.2,1.0,1.0
RCAEval,re1ob_checkoutservice_cpu_3,train,cpu,2,24,2,"['checkoutservice_cpu', 'checkoutservice_mem', 'cartservice_mem']","['checkoutservice_cpu', 'checkoutservice_mem']",1.0,0.24509011544711795,0.091,0.091,0.0455,0.091,0.239,0.0846666666666669,0.127,0.11235078604189001,0.376,0.08239999999999978,0.206,0.15204483346821043,0.6625,0.08304999999999821,0.41525,0.23370293342665618,1.0,1,1.0,0.5,1.0,1,0.6666666666666666,1.0,1.0,1,0.4,1.0,1.0,1,0.2,1.0,1.0
RCAEval,re1ob_currencyservice_cpu_1,train,cpu,2,24,2,"['currencyservice_cpu', 'checkoutservice_cpu', 'currencyservice_mem']","['currencyservice_cpu', 'currencyservice_mem']",0.5,0.23596716718010258,0.079,0.079,0.0395,0.079,0.23,0.08200000000000016,0.123,0.10621931411423546,0.3725,0.08349999999999963,0.20875,0.14926331791685973,0.673,0.0839999999999982,0.42,0.23182515851047136,1.0,1,1.0,0.5,1.0,1,0.6666666666666666,1.0,0.9197207891481876,1,0.4,1.0,0.9197207891481876,1,0.2,1.0,0.9197207891481876
RCAEval,re1ob_currencyservice_cpu_2,train,cpu,2,24,2,"['currencyservice_cpu', 'currencyservice_mem', 'frontend_cpu']","['currencyservice_cpu', 'currencyservice_mem']",1.0,0.23596716718010258,0.079,0.079,0.0395,0.079,0.23,0.08200000000000016,0.123,0.10621931411423546,0.3725,0.08349999999999963,0.20875,0.14926331791685973,0.673,0.0839999999999982,0.42,0.23182515851047136,1.0,1,1.0,0.5,1.0,1,0.6666666666666666,1.0,1.0,1,0.4,1.0,1.0,1,0.2,1.0,1.0
RCAEval,re1ob_currencyservice_cpu_3,train,cpu,2,24,2,"['currencyservice_cpu', 'currencyservice_mem', 'frontend_cpu']","['currencyservice_cpu', 'currencyservice_mem']",1.0,0.23596716718010258,0.079,0.079,0.0395,0.079,0.23,0.08200000000000016,0.123,0.10621931411423546,0.3725,0.08349999999999963,0.20875,0.14926331791685973,0.673,0.0839999999999982,0.42,0.23182515851047136,1.0,1,1.0,0.5,1.0,1,0.6666666666666666,1.0,1.0,1,0.4,1.0,1.0,1,0.2,1.0,1.0
RCAEval,re1ob_productcatalogservice_cpu_1,train,cpu,2,24,2,"['productcatalogservice_mem', 'productcatalogservice_cpu', 'frontend_cpu']","['productcatalogservice_cpu', 'productcatalogservice_mem']",1.0,0.24280734802515394,0.0815,0.0815,0.04075,0.0815,0.25,0.0890000000000003,0.1335,0.11410616692146969,0.3935,0.0875999999999996,0.219,0.15688378461379177,0.6625,0.0831999999999983,0.416,0.2338917524906306,1.0,1,1.0,0.5,1.0,1,0.6666666666666666,1.0,1.0,1,0.4,1.0,1.0,1,0.2,1.0,1.0
RCAEval,re1ob_productcatalogservice_cpu_2,train,cpu,2,24,2,"['productcatalogservice_mem', 'productcatalogservice_cpu', 'frontend_cpu']","['productcatalogservice_cpu', 'productcatalogservice_mem']",1.0,0.24280734802515394,0.0815,0.0815,0.04075,0.0815,0.25,0.0890000000000003,0.1335,0.11410616692146969,0.3935,0.0875999999999996,0.219,0.15688378461379177,0.6625,0.0831999999999983,0.416,0.2338917524906306,1.0,1,1.0,0.5,1.0,1,0.6666666666666666,1.0,1.0,1,0.4,1.0,1.0,1,0.2,1.0,1.0
RCAEval,re1ob_adservice_delay_1,train,delay,2,24,2,"['frontend_cpu', 'currencyservice_cpu', 'adservice_cpu']","['adservice_cpu', 'adservice_mem']",0.0,0.24155936633922764,0.0795,0.0795,0.03975,0.0795,0.2455,0.08533333333333354,0.128,0.11060238543360514,0.3785,0.08459999999999979,0.2115,0.15249838829935816,0.671,0.08319999999999816,0.416,0.23236702052465533,0.3333333333333333,0,0.0,0.0,0.0,1,0.3333333333333333,0.5,0.3065735963827292,1,0.2,0.5,0.3065735963827292,1,0.2,1.0,0.4911492931622974
RCAEval,re1ob_adservice_delay_2,train,delay,2,24,2,"['frontend_cpu', 'checkoutservice_mem', 'cartservice_mem']","['adservice_cpu', 'adservice_mem']",0.0,0.24155936633922764,0.0795,0.0795,0.03975,0.0795,0.2455,0.08533333333333354,0.128,0.11060238543360514,0.3785,0.08459999999999979,0.2115,0.15249838829935816,0.671,0.08319999999999816,0.416,0.23236702052465533,0.16666666666666666,0,0.0,0.0,0.0,0,0.0,0.0,0.0,0,0.0,0.0,0.0,1,0.2,1.0,0.4227898344066503
RCAEval,re1ob_adservice_delay_3,train,delay,2,24,2,"['frontend_cpu', 'currencyservice_cpu', 'adservice_mem']","['adservice_cpu', 'adservice_mem']",0.0,0.24155936633922764,0.0795,0.0795,0.03975,0.0795,0.2455,0.08533333333333354,0.128,0.11060238543360514,0.3785,0.08459999999999979,0.2115,0.15249838829935816,0.671,0.08319999999999816,0.416,0.23236702052465533,0.3333333333333333,0,0.0,0.0,0.0,1,0.3333333333333333,0.5,0.3065735963827292,1,0.2,0.5,0.3065735963827292,1,0.2,1.0,0.5249810332008933
RCAEval,re1ob_cartservice_delay_1,train,delay,2,24,2,"['frontend_cpu', 'frontend_mem', 'productcatalogservice_cpu']","['cartservice_cpu', 'cartservice_mem']",0.0,0.23740315080198712,0.079,0.079,0.0395,0.079,0.2275,0.07950000000000014,0.11925,0.10420098937934635,0.367,0.08019999999999987,0.2005,0.1451236489719485,0.6695,0.08254999999999822,0.41275,0.228438450151884,0.07142857142857142,0,0.0,0.0,0.0,0,0.0,0.0,0.0,0,0.0,0.0,0.0,0,0.0,0.0,0.0
RCAEval,re1ob_cartservice_delay_2,train,delay,2,24,2,"['frontend_cpu', 'productcatalogservice_cpu', 'checkoutservice_mem']","['cartservice_cpu', 'cartservice_mem']",0.0,0.23740315080198712,0.079,0.079,0.0395,0.079,0.2275,0.07950000000000014,0.11925,0.10420098937934635,0.367,0.08019999999999987,0.2005,0.1451236489719485,0.6695,0.08254999999999822,0.41275,0.228438450151884,0.1111111111111111,0,0.0,0.0,0.0,0,0.0,0.0,0.0,0,0.0,0.0,0.0,1,0.1,0.5,0.18457569677956817
RCAEval,re1ob_cartservice_delay_3,train,delay,2,24,2,"['frontend_cpu', 'frontend_mem', 'currencyservice_cpu']","['cartservice_cpu', 'cartservice_mem']",0.0,0.23740315080198712,0.079,0.079,0.0395,0.079,0.2275,0.07950000000000014,0.11925,0.10420098937934635,0.367,0.08019999999999987,0.2005,0.1451236489719485,0.6695,0.08254999999999822,0.41275,0.228438450151884,0.16666666666666666,0,0.0,0.0,0.0,0,0.0,0.0,0.0,0,0.0,0.0,0.0,1,0.1,0.5,0.21840743681816419
RCAEval,re1ob_checkoutservice_delay_1,train,delay,2,24,2,"['frontend_cpu', 'currencyservice_cpu', 'adservice_cpu']","['checkoutservice_cpu', 'checkoutservice_mem']",0.0,0.24509011544711795,0.091,0.091,0.0455,0.091,0.239,0.0846666666666669,0.127,0.11235078604189001,0.376,0.08239999999999978,0.206,0.15204483346821043,0.6625,0.08304999999999821,0.41525,0.23370293342665618,0.1111111111111111,0,0.0,0.0,0.0,0,0.0,0.0,0.0,0,0.0,0.0,0.0,1,0.2,1.0,0.36181498356361597
RCAEval,re1ob_checkoutservice_delay_2,train,delay,2,24,2,"['frontend_cpu', 'checkoutservice_mem', 'currencyservice_cpu']","['checkoutservice_cpu', 'checkoutservice_mem']",0.5,0.24509011544711795,0.091,0.091,0.0455,0.091,0.239,0.0846666666666669,0.127,0.11235078604189001,0.376,0.08239999999999978,0.206,0.15204483346821043,0.6625,0.08304999999999821,0.41525,0.23370293342665618,0.5,0,0.0,0.0,0.0,1,0.3333333333333333,0.5,0.38685280723454163,1,0.2,0.5,0.38685280723454163,1,0.2,1.0,0.5640920940185894
RCAEval,re1ob_checkoutservice_delay_3,train,delay,2,24,2,"['frontend_cpu', 'adservice_mem', 'frontend_mem']","['checkoutservice_cpu', 'checkoutservice_mem']",0.0,0.24509011544711795,0.091,0.091,0.0455,0.091,0.239,0.0846666666666669,0.127,0.11235078604189001,0.376,0.08239999999999978,0.206,0.15204483346821043,0.6625,0.08304999999999821,0.41525,0.23370293342665618,0.07142857142857142,0,0.0,0.0,0.0,0,0.0,0.0,0.0,0,0.0,0.0,0.0,0,0.0,0.0,0.0
RCAEval,re1ob_currencyservice_delay_1,train,delay,2,24,2,"['frontend_cpu', 'frontend_mem', 'recommendationservice_cpu']","['currencyservice_cpu', 'currencyservice_mem']",0.0,0.23596716718010258,0.079,0.079,0.0395,0.079,0.23,0.08200000000000016,0.123,0.10621931411423546,0.3725,0.08349999999999963,0.20875,0.14926331791685973,0.673,0.0839999999999982,0.42,0.23182515851047136,0.16666666666666666,0,0.0,0.0,0.0,0,0.0,0.0,0.0,0,0.0,0.0,0.0,1,0.2,1.0,0.40298313359773236
RCAEval,re1ob_currencyservice_delay_2,train,delay,2,24,2,"['frontend_cpu', 'frontend_mem', 'cartservice_mem']","['currencyservice_cpu', 'currencyservice_mem']",0.0,0.23596716718010258,0.079,0.079,0.0395,0.079,0.23,0.08200000000000016,0.123,0.10621931411423546,0.3725,0.08349999999999963,0.20875,0.14926331791685973,0.673,0.0839999999999982,0.42,0.23182515851047136,0.125,0,0.0,0.0,0.0,0,0.0,0.0,0.0,0,0.0,0.0,0.0,1,0.1,0.5,0.19342640361727081
RCAEval,re1ob_currencyservice_delay_3,train,delay,2,24,2,"['frontend_cpu', 'frontend_mem', 'currencyservice_cpu']","['currencyservice_cpu', 'currencyservice_mem']",0.0,0.23596716718010258,0.079,0.079,0.0395,0.079,0.23,0.08200000000000016,0.123,0.10621931411423546,0.3725,0.08349999999999963,0.20875,0.14926331791685973,0.673,0.0839999999999982,0.42,0.23182515851047136,0.3333333333333333,0,0.0,0.0,0.0,1,0.3333333333333333,0.5,0.3065735963827292,1,0.2,0.5,0.3065735963827292,1,0.1,0.5,0.3065735963827292
RCAEval,re1ob_productcatalogservice_delay_1,train,delay,2,24,2,"['frontend_cpu', 'recommendationservice_cpu', 'frontend_mem']","['productcatalogservice_cpu', 'productcatalogservice_mem']",0.0,0.24280734802515394,0.0815,0.0815,0.04075,0.0815,0.25,0.0890000000000003,0.1335,0.11410616692146969,0.3935,0.0875999999999996,0.219,0.15688378461379177,0.6625,0.0831999999999983,0.416,0.2338917524906306,0.07142857142857142,0,0.0,0.0,0.0,0,0.0,0.0,0.0,0,0.0,0.0,0.0,0,0.0,0.0,0.0
RCAEval,re1ob_productcatalogservice_delay_2,train,delay,2,24,2,"['frontend_cpu', 'frontend_mem', 'productcatalogservice_cpu']","['productcatalogservice_cpu', 'productcatalogservice_mem']",0.0,0.24280734802515394,0.0815,0.0815,0.04075,0.0815,0.25,0.0890000000000003,0.1335,0.11410616692146969,0.3935,0.0875999999999996,0.219,0.15688378461379177,0.6625,0.0831999999999983,0.416,0.2338917524906306,0.3333333333333333,0,0.0,0.0,0.0,1,0.3333333333333333,0.5,0.3065735963827292,1,0.2,0.5,0.3065735963827292,1,0.2,1.0,0.4911492931622974
RCAEval,re1ob_productcatalogservice_delay_3,train,delay,2,24,2,"['frontend_cpu', 'frontend_mem', 'currencyservice_cpu']","['productcatalogservice_cpu', 'productcatalogservice_mem']",0.0,0.24280734802515394,0.0815,0.0815,0.04075,0.0815,0.25,0.0890000000000003,0.1335,0.11410616692146969,0.3935,0.0875999999999996,0.219,0.15688378461379177,0.6625,0.0831999999999983,0.416,0.2338917524906306,0.25,0,0.0,0.0,0.0,0,0.0,0.0,0.0,1,0.2,0.5,0.2640681225725909,1,0.1,0.5,0.2640681225725909
RCAEval,re1ob_adservice_disk_1,train,disk,2,24,2,"['adservice_cpu', 'adservice_mem', 'recommendationservice_cpu']","['adservice_cpu', 'adservice_mem']",1.0,0.24155936633922764,0.0795,0.0795,0.03975,0.0795,0.2455,0.08533333333333354,0.128,0.11060238543360514,0.3785,0.08459999999999979,0.2115,0.15249838829935816,0.671,0.08319999999999816,0.416,0.23236702052465533,1.0,1,1.0,0.5,1.0,1,0.6666666666666666,1.0,1.0,1,0.4,1.0,1.0,1,0.2,1.0,1.0
RCAEval,re1ob_adservice_disk_2,train,disk,2,24,2,"['adservice_cpu', 'cartservice_cpu', 'currencyservice_cpu']","['adservice_cpu', 'adservice_mem']",0.5,0.24155936633922764,0.0795,0.0795,0.03975,0.0795,0.2455,0.08533333333333354,0.128,0.11060238543360514,0.3785,0.08459999999999979,0.2115,0.15249838829935816,0.671,0.08319999999999816,0.416,0.23236702052465533,1.0,1,1.0,0.5,1.0,1,0.3333333333333333,0.5,0.6131471927654584,1,0.2,0.5,0.6131471927654584,1,0.2,1.0,0.8315546295836225
RCAEval,re1ob_adservice_disk_3,train,disk,2,24,2,"['adservice_cpu', 'cartservice_mem', 'adservice_mem']","['adservice_cpu', 'adservice_mem']",0.5,0.24155936633922764,0.0795,0.0795,0.03975,0.0795,0.2455,0.08533333333333354,0.128,0.11060238543360514,0.3785,0.08459999999999979,0.2115,0.15249838829935816,0.671,0.08319999999999816,0.416,0.23236702052465533,1.0,1,1.0,0.5,1.0,1,0.6666666666666666,1.0,0.9197207891481876,1,0.4,1.0,0.9197207891481876,1,0.2,1.0,0.9197207891481876
RCAEval,re1ob_cartservice_disk_1,train,disk,2,24,2,"['cartservice_cpu', 'cartservice_mem', 'currencyservice_cpu']","['cartservice_cpu', 'cartservice_mem']",1.0,0.23740315080198712,0.079,0.079,0.0395,0.079,0.2275,0.07950000000000014,0.11925,0.10420098937934635,0.367,0.08019999999999987,0.2005,0.1451236489719485,0.6695,0.08254999999999822,0.41275,0.228438450151884,1.0,1,1.0,0.5,1.0,1,0.6666666666666666,1.0,1.0,1,0.4,1.0,1.0,1,0.2,1.0,1.0
RCAEval,re1ob_cartservice_disk_2,train,disk,2,24,2,"['cartservice_cpu', 'cartservice_mem', 'frontend_cpu']","['cartservice_cpu', 'cartservice_mem']",1.0,0.23740315080198712,0.079,0.079,0.0395,0.079,0.2275,0.07950000000000014,0.11925,0.10420098937934635,0.367,0.08019999999999987,0.2005,0.1451236489719485,0.6695,0.08254999999999822,0.41275,0.228438450151884,1.0,1,1.0,0.5,1.0,1,0.6666666666666666,1.0,1.0,1,0.4,1.0,1.0,1,0.2,1.0,1.0
RCAEval,re1ob_cartservice_disk_3,train,disk,2,24,2,"['cartservice_cpu', 'cartservice_mem', 'frontend_cpu']","['cartservice_cpu', 'cartservice_mem']",1.0,0.23740315080198712,0.079,0.079,0.0395,0.079,0.2275,0.07950000000000014,0.11925,0.10420098937934635,0.367,0.08019999999999987,0.2005,0.1451236489719485,0.6695,0.08254999999999822,0.41275,0.228438450151884,1.0,1,1.0,0.5,1.0,1,0.6666666666666666,1.0,1.0,1,0.4,1.0,1.0,1,0.2,1.0,1.0
RCAEval,re1ob_checkoutservice_disk_1,train,disk,2,24,2,"['checkoutservice_cpu', 'checkoutservice_mem', 'adservice_cpu']","['checkoutservice_cpu', 'checkoutservice_mem']",1.0,0.24509011544711795,0.091,0.091,0.0455,0.091,0.239,0.0846666666666669,0.127,0.11235078604189001,0.376,0.08239999999999978,0.206,0.15204483346821043,0.6625,0.08304999999999821,0.41525,0.23370293342665618,1.0,1,1.0,0.5,1.0,1,0.6666666666666666,1.0,1.0,1,0.4,1.0,1.0,1,0.2,1.0,1.0
RCAEval,re1ob_checkoutservice_disk_2,train,disk,2,24,2,"['checkoutservice_cpu', 'checkoutservice_mem', 'adservice_cpu']","['checkoutservice_cpu', 'checkoutservice_mem']",1.0,0.24509011544711795,0.091,0.091,0.0455,0.091,0.239,0.0846666666666669,0.127,0.11235078604189001,0.376,0.08239999999999978,0.206,0.15204483346821043,0.6625,0.08304999999999821,0.41525,0.23370293342665618,1.0,1,1.0,0.5,1.0,1,0.6666666666666666,1.0,1.0,1,0.4,1.0,1.0,1,0.2,1.0,1.0
RCAEval,re1ob_checkoutservice_disk_3,train,disk,2,24,2,"['checkoutservice_cpu', 'checkoutservice_mem', 'currencyservice_cpu']","['checkoutservice_cpu', 'checkoutservice_mem']",1.0,0.24509011544711795,0.091,0.091,0.0455,0.091,0.239,0.0846666666666669,0.127,0.11235078604189001,0.376,0.08239999999999978,0.206,0.15204483346821043,0.6625,0.08304999999999821,0.41525,0.23370293342665618,1.0,1,1.0,0.5,1.0,1,0.6666666666666666,1.0,1.0,1,0.4,1.0,1.0,1,0.2,1.0,1.0
RCAEval,re1ob_currencyservice_disk_1,train,disk,2,24,2,"['currencyservice_cpu', 'frontend_cpu', 'currencyservice_mem']","['currencyservice_cpu', 'currencyservice_mem']",0.5,0.23596716718010258,0.079,0.079,0.0395,0.079,0.23,0.08200000000000016,0.123,0.10621931411423546,0.3725,0.08349999999999963,0.20875,0.14926331791685973,0.673,0.0839999999999982,0.42,0.23182515851047136,1.0,1,1.0,0.5,1.0,1,0.6666666666666666,1.0,0.9197207891481876,1,0.4,1.0,0.9197207891481876,1,0.2,1.0,0.9197207891481876
RCAEval,re1ob_currencyservice_disk_2,train,disk,2,24,2,"['currencyservice_cpu', 'frontend_cpu', 'currencyservice_mem']","['currencyservice_cpu', 'currencyservice_mem']",0.5,0.23596716718010258,0.079,0.079,0.0395,0.079,0.23,0.08200000000000016,0.123,0.10621931411423546,0.3725,0.08349999999999963,0.20875,0.14926331791685973,0.673,0.0839999999999982,0.42,0.23182515851047136,1.0,1,1.0,0.5,1.0,1,0.6666666666666666,1.0,0.9197207891481876,1,0.4,1.0,0.9197207891481876,1,0.2,1.0,0.9197207891481876
RCAEval,re1ob_currencyservice_disk_3,train,disk,2,24,2,"['currencyservice_cpu', 'currencyservice_mem', 'cartservice_mem']","['currencyservice_cpu', 'currencyservice_mem']",1.0,0.23596716718010258,0.079,0.079,0.0395,0.079,0.23,0.08200000000000016,0.123,0.10621931411423546,0.3725,0.08349999999999963,0.20875,0.14926331791685973,0.673,0.0839999999999982,0.42,0.23182515851047136,1.0,1,1.0,0.5,1.0,1,0.6666666666666666,1.0,1.0,1,0.4,1.0,1.0,1,0.2,1.0,1.0
RCAEval,re1ob_productcatalogservice_disk_1,train,disk,2,24,2,"['productcatalogservice_mem', 'productcatalogservice_cpu', 'frontend_cpu']","['productcatalogservice_cpu', 'productcatalogservice_mem']",1.0,0.24280734802515394,0.0815,0.0815,0.04075,0.0815,0.25,0.0890000000000003,0.1335,0.11410616692146969,0.3935,0.0875999999999996,0.219,0.15688378461379177,0.6625,0.0831999999999983,0.416,0.2338917524906306,1.0,1,1.0,0.5,1.0,1,0.6666666666666666,1.0,1.0,1,0.4,1.0,1.0,1,0.2,1.0,1.0
RCAEval,re1ob_productcatalogservice_disk_2,train,disk,2,24,2,"['productcatalogservice_mem', 'productcatalogservice_cpu', 'frontend_cpu']","['productcatalogservice_cpu', 'productcatalogservice_mem']",1.0,0.24280734802515394,0.0815,0.0815,0.04075,0.0815,0.25,0.0890000000000003,0.1335,0.11410616692146969,0.3935,0.0875999999999996,0.219,0.15688378461379177,0.6625,0.0831999999999983,0.416,0.2338917524906306,1.0,1,1.0,0.5,1.0,1,0.6666666666666666,1.0,1.0,1,0.4,1.0,1.0,1,0.2,1.0,1.0
RCAEval,re1ob_productcatalogservice_disk_3,train,disk,2,24,2,"['productcatalogservice_mem', 'productcatalogservice_cpu', 'frontend_cpu']","['productcatalogservice_cpu', 'productcatalogservice_mem']",1.0,0.24280734802515394,0.0815,0.0815,0.04075,0.0815,0.25,0.0890000000000003,0.1335,0.11410616692146969,0.3935,0.0875999999999996,0.219,0.15688378461379177,0.6625,0.0831999999999983,0.416,0.2338917524906306,1.0,1,1.0,0.5,1.0,1,0.6666666666666666,1.0,1.0,1,0.4,1.0,1.0,1,0.2,1.0,1.0
RCAEval,re1ob_adservice_loss_1,train,loss,2,24,2,"['frontend_cpu', 'adservice_cpu', 'currencyservice_cpu']","['adservice_cpu', 'adservice_mem']",0.5,0.24155936633922764,0.0795,0.0795,0.03975,0.0795,0.2455,0.08533333333333354,0.128,0.11060238543360514,0.3785,0.08459999999999979,0.2115,0.15249838829935816,0.671,0.08319999999999816,0.416,0.23236702052465533,0.5,0,0.0,0.0,0.0,1,0.3333333333333333,0.5,0.38685280723454163,1,0.2,0.5,0.38685280723454163,1,0.2,1.0,0.5912352048230277
RCAEval,re1ob_adservice_loss_2,train,loss,2,24,2,"['frontend_cpu', 'adservice_cpu', 'currencyservice_cpu']","['adservice_cpu', 'adservice_mem']",0.5,0.24155936633922764,0.0795,0.0795,0.03975,0.0795,0.2455,0.08533333333333354,0.128,0.11060238543360514,0.3785,0.08459999999999979,0.2115,0.15249838829935816,0.671,0.08319999999999816,0.416,0.23236702052465533,0.5,0,0.0,0.0,0.0,1,0.3333333333333333,0.5,0.38685280723454163,1,0.4,1.0,0.6509209298071326,1,0.2,1.0,0.6509209298071326
RCAEval,re1ob_adservice_loss_3,train,loss,2,24,2,"['frontend_cpu', 'adservice_cpu', 'adservice_mem']","['adservice_cpu', 'adservice_mem']",0.5,0.24155936633922764,0.0795,0.0795,0.03975,0.0795,0.2455,0.08533333333333354,0.128,0.11060238543360514,0.3785,0.08459999999999979,0.2115,0.15249838829935816,0.671,0.08319999999999816,0.416,0.23236702052465533,0.5,0,0.0,0.0,0.0,1,0.6666666666666666,1.0,0.6934264036172708,1,0.4,1.0,0.6934264036172708,1,0.2,1.0,0.6934264036172708
RCAEval,re1ob_cartservice_loss_1,train,loss,2,24,2,"['frontend_cpu', 'adservice_cpu', 'cartservice_mem']","['cartservice_cpu', 'cartservice_mem']",0.0,0.23740315080198712,0.079,0.079,0.0395,0.079,0.2275,0.07950000000000014,0.11925,0.10420098937934635,0.367,0.08019999999999987,0.2005,0.1451236489719485,0.6695,0.08254999999999822,0.41275,0.228438450151884,0.3333333333333333,0,0.0,0.0,0.0,1,0.3333333333333333,0.5,0.3065735963827292,1,0.2,0.5,0.3065735963827292,1,0.1,0.5,0.3065735963827292
RCAEval,re1ob_cartservice_loss_2,train,loss,2,24,2,"['frontend_cpu', 'recommendationservice_mem', 'checkoutservice_mem']","['cartservice_cpu', 'cartservice_mem']",0.0,0.23740315080198712,0.079,0.079,0.0395,0.079,0.2275,0.07950000000000014,0.11925,0.10420098937934635,0.367,0.08019999999999987,0.2005,0.1451236489719485,0.6695,0.08254999999999822,0.41275,0.228438450151884,0.09090909090909091,0,0.0,0.0,0.0,0,0.0,0.0,0.0,0,0.0,0.0,0.0,0,0.0,0.0,0.0
RCAEval,re1ob_cartservice_loss_3,train,loss,2,24,2,"['frontend_cpu', 'recommendationservice_mem', 'recommendationservice_cpu']","['cartservice_cpu', 'cartservice_mem']",0.0,0.23740315080198712,0.079,0.079,0.0395,0.079,0.2275,0.07950000000000014,0.11925,0.10420098937934635,0.367,0.08019999999999987,0.2005,0.1451236489719485,0.6695,0.08254999999999822,0.41275,0.228438450151884,0.25,0,0.0,0.0,0.0,0,0.0,0.0,0.0,1,0.2,0.5,0.2640681225725909,1,0.1,0.5,0.2640681225725909
RCAEval,re1ob_checkoutservice_loss_1,train,loss,2,24,2,"['frontend_cpu', 'checkoutservice_mem', 'checkoutservice_cpu']","['checkoutservice_cpu', 'checkoutservice_mem']",0.5,0.24509011544711795,0.091,0.091,0.0455,0.091,0.239,0.0846666666666669,0.127,0.11235078604189001,0.376,0.08239999999999978,0.206,0.15204483346821043,0.6625,0.08304999999999821,0.41525,0.23370293342665618,0.5,0,0.0,0.0,0.0,1,0.6666666666666666,1.0,0.6934264036172708,1,0.4,1.0,0.6934264036172708,1,0.2,1.0,0.6934264036172708
RCAEval,re1ob_checkoutservice_loss_2,train,loss,2,24,2,"['frontend_cpu', 'checkoutservice_cpu', 'checkoutservice_mem']","['checkoutservice_cpu', 'checkoutservice_mem']",0.5,0.24509011544711795,0.091,0.091,0.0455,0.091,0.239,0.0846666666666669,0.127,0.11235078604189001,0.376,0.08239999999999978,0.206,0.15204483346821043,0.6625,0.08304999999999821,0.41525,0.23370293342665618,0.5,0,0.0,0.0,0.0,1,0.6666666666666666,1.0,0.6934264036172708,1,0.4,1.0,0.6934264036172708,1,0.2,1.0,0.6934264036172708
RCAEval,re1ob_checkoutservice_loss_3,train,loss,2,24,2,"['frontend_cpu', 'checkoutservice_cpu', 'checkoutservice_mem']","['checkoutservice_cpu', 'checkoutservice_mem']",0.5,0.24509011544711795,0.091,0.091,0.0455,0.091,0.239,0.0846666666666669,0.127,0.11235078604189001,0.376,0.08239999999999978,0.206,0.15204483346821043,0.6625,0.08304999999999821,0.41525,0.23370293342665618,0.5,0,0.0,0.0,0.0,1,0.6666666666666666,1.0,0.6934264036172708,1,0.4,1.0,0.6934264036172708,1,0.2,1.0,0.6934264036172708
RCAEval,re1ob_currencyservice_loss_2,train,loss,2,24,2,"['frontend_cpu', 'redis_cpu', 'recommendationservice_mem']","['currencyservice_cpu', 'currencyservice_mem']",0.0,0.23596716718010258,0.079,0.079,0.0395,0.079,0.23,0.08200000000000016,0.123,0.10621931411423546,0.3725,0.08349999999999963,0.20875,0.14926331791685973,0.673,0.0839999999999982,0.42,0.23182515851047136,0.2,0,0.0,0.0,0.0,0,0.0,0.0,0.0,1,0.2,0.5,0.23719771276929622,1,0.2,1.0,0.4415801103577823
RCAEval,re1ob_currencyservice_loss_3,train,loss,2,24,2,"['frontend_cpu', 'redis_cpu', 'checkoutservice_mem']","['currencyservice_cpu', 'currencyservice_mem']",0.0,0.23596716718010258,0.079,0.079,0.0395,0.079,0.23,0.08200000000000016,0.123,0.10621931411423546,0.3725,0.08349999999999963,0.20875,0.14926331791685973,0.673,0.0839999999999982,0.42,0.23182515851047136,0.125,0,0.0,0.0,0.0,0,0.0,0.0,0.0,0,0.0,0.0,0.0,1,0.2,1.0,0.3706656904013186
RCAEval,re1ob_productcatalogservice_loss_1,train,loss,2,24,2,"['frontend_cpu', 'productcatalogservice_mem', 'checkoutservice_mem']","['productcatalogservice_cpu', 'productcatalogservice_mem']",0.5,0.24280734802515394,0.0815,0.0815,0.04075,0.0815,0.25,0.0890000000000003,0.1335,0.11410616692146969,0.3935,0.0875999999999996,0.219,0.15688378461379177,0.6625,0.0831999999999983,0.416,0.2338917524906306,0.5,0,0.0,0.0,0.0,1,0.3333333333333333,0.5,0.38685280723454163,1,0.2,0.5,0.38685280723454163,1,0.1,0.5,0.38685280723454163
RCAEval,re1ob_productcatalogservice_loss_2,train,loss,2,24,2,"['frontend_cpu', 'checkoutservice_mem', 'productcatalogservice_mem']","['productcatalogservice_cpu', 'productcatalogservice_mem']",0.0,0.24280734802515394,0.0815,0.0815,0.04075,0.0815,0.25,0.0890000000000003,0.1335,0.11410616692146969,0.3935,0.0875999999999996,0.219,0.15688378461379177,0.6625,0.0831999999999983,0.416,0.2338917524906306,0.3333333333333333,0,0.0,0.0,0.0,1,0.3333333333333333,0.5,0.3065735963827292,1,0.2,0.5,0.3065735963827292,1,0.2,1.0,0.4911492931622974
RCAEval,re1ob_productcatalogservice_loss_3,train,loss,2,24,2,"['productcatalogservice_mem', 'frontend_cpu', 'checkoutservice_mem']","['productcatalogservice_cpu', 'productcatalogservice_mem']",0.5,0.24280734802515394,0.0815,0.0815,0.04075,0.0815,0.25,0.0890000000000003,0.1335,0.11410616692146969,0.3935,0.0875999999999996,0.219,0.15688378461379177,0.6625,0.0831999999999983,0.416,0.2338917524906306,1.0,1,1.0,0.5,1.0,1,0.3333333333333333,0.5,0.6131471927654584,1,0.2,0.5,0.6131471927654584,1,0.2,1.0,0.7903864795495061
RCAEval,re1ob_adservice_mem_1,train,mem,2,24,2,"['adservice_cpu', 'adservice_mem', 'currencyservice_cpu']","['adservice_cpu', 'adservice_mem']",1.0,0.24155936633922764,0.0795,0.0795,0.03975,0.0795,0.2455,0.08533333333333354,0.128,0.11060238543360514,0.3785,0.08459999999999979,0.2115,0.15249838829935816,0.671,0.08319999999999816,0.416,0.23236702052465533,1.0,1,1.0,0.5,1.0,1,0.6666666666666666,1.0,1.0,1,0.4,1.0,1.0,1,0.2,1.0,1.0
RCAEval,re1ob_adservice_mem_2,train,mem,2,24,2,"['adservice_cpu', 'adservice_mem', 'currencyservice_mem']","['adservice_cpu', 'adservice_mem']",1.0,0.24155936633922764,0.0795,0.0795,0.03975,0.0795,0.2455,0.08533333333333354,0.128,0.11060238543360514,0.3785,0.08459999999999979,0.2115,0.15249838829935816,0.671,0.08319999999999816,0.416,0.23236702052465533,1.0,1,1.0,0.5,1.0,1,0.6666666666666666,1.0,1.0,1,0.4,1.0,1.0,1,0.2,1.0,1.0
RCAEval,re1ob_adservice_mem_3,train,mem,2,24,2,"['adservice_cpu', 'currencyservice_cpu', 'adservice_mem']","['adservice_cpu', 'adservice_mem']",0.5,0.24155936633922764,0.0795,0.0795,0.03975,0.0795,0.2455,0.08533333333333354,0.128,0.11060238543360514,0.3785,0.08459999999999979,0.2115,0.15249838829935816,0.671,0.08319999999999816,0.416,0.23236702052465533,1.0,1,1.0,0.5,1.0,1,0.6666666666666666,1.0,0.9197207891481876,1,0.4,1.0,0.9197207891481876,1,0.2,1.0,0.9197207891481876
RCAEval,re1ob_cartservice_mem_1,train,mem,2,24,2,"['cartservice_cpu', 'cartservice_mem', 'frontend_cpu']","['cartservice_cpu', 'cartservice_mem']",1.0,0.23740315080198712,0.079,0.079,0.0395,0.079,0.2275,0.07950000000000014,0.11925,0.10420098937934635,0.367,0.08019999999999987,0.2005,0.1451236489719485,0.6695,0.08254999999999822,0.41275,0.228438450151884,1.0,1,1.0,0.5,1.0,1,0.6666666666666666,1.0,1.0,1,0.4,1.0,1.0,1,0.2,1.0,1.0
RCAEval,re1ob_cartservice_mem_2,train,mem,2,24,2,"['cartservice_cpu', 'cartservice_mem', 'redis_cpu']","['cartservice_cpu', 'cartservice_mem']",1.0,0.23740315080198712,0.079,0.079,0.0395,0.079,0.2275,0.07950000000000014,0.11925,0.10420098937934635,0.367,0.08019999999999987,0.2005,0.1451236489719485,0.6695,0.08254999999999822,0.41275,0.228438450151884,1.0,1,1.0,0.5,1.0,1,0.6666666666666666,1.0,1.0,1,0.4,1.0,1.0,1,0.2,1.0,1.0
RCAEval,re1ob_cartservice_mem_3,train,mem,2,24,2,"['cartservice_cpu', 'cartservice_mem', 'frontend_cpu']","['cartservice_cpu', 'cartservice_mem']",1.0,0.23740315080198712,0.079,0.079,0.0395,0.079,0.2275,0.07950000000000014,0.11925,0.10420098937934635,0.367,0.08019999999999987,0.2005,0.1451236489719485,0.6695,0.08254999999999822,0.41275,0.228438450151884,1.0,1,1.0,0.5,1.0,1,0.6666666666666666,1.0,1.0,1,0.4,1.0,1.0,1,0.2,1.0,1.0
RCAEval,re1ob_checkoutservice_mem_1,train,mem,2,24,2,"['checkoutservice_cpu', 'checkoutservice_mem', 'adservice_cpu']","['checkoutservice_cpu', 'checkoutservice_mem']",1.0,0.24509011544711795,0.091,0.091,0.0455,0.091,0.239,0.0846666666666669,0.127,0.11235078604189001,0.376,0.08239999999999978,0.206,0.15204483346821043,0.6625,0.08304999999999821,0.41525,0.23370293342665618,1.0,1,1.0,0.5,1.0,1,0.6666666666666666,1.0,1.0,1,0.4,1.0,1.0,1,0.2,1.0,1.0
RCAEval,re1ob_checkoutservice_mem_2,train,mem,2,24,2,"['checkoutservice_cpu', 'checkoutservice_mem', 'adservice_cpu']","['checkoutservice_cpu', 'checkoutservice_mem']",1.0,0.24509011544711795,0.091,0.091,0.0455,0.091,0.239,0.0846666666666669,0.127,0.11235078604189001,0.376,0.08239999999999978,0.206,0.15204483346821043,0.6625,0.08304999999999821,0.41525,0.23370293342665618,1.0,1,1.0,0.5,1.0,1,0.6666666666666666,1.0,1.0,1,0.4,1.0,1.0,1,0.2,1.0,1.0
RCAEval,re1ob_checkoutservice_mem_3,train,mem,2,24,2,"['checkoutservice_cpu', 'checkoutservice_mem', 'adservice_cpu']","['checkoutservice_cpu', 'checkoutservice_mem']",1.0,0.24509011544711795,0.091,0.091,0.0455,0.091,0.239,0.0846666666666669,0.127,0.11235078604189001,0.376,0.08239999999999978,0.206,0.15204483346821043,0.6625,0.08304999999999821,0.41525,0.23370293342665618,1.0,1,1.0,0.5,1.0,1,0.6666666666666666,1.0,1.0,1,0.4,1.0,1.0,1,0.2,1.0,1.0
RCAEval,re1ob_currencyservice_mem_1,train,mem,2,24,2,"['currencyservice_cpu', 'currencyservice_mem', 'frontend_cpu']","['currencyservice_cpu', 'currencyservice_mem']",1.0,0.23596716718010258,0.079,0.079,0.0395,0.079,0.23,0.08200000000000016,0.123,0.10621931411423546,0.3725,0.08349999999999963,0.20875,0.14926331791685973,0.673,0.0839999999999982,0.42,0.23182515851047136,1.0,1,1.0,0.5,1.0,1,0.6666666666666666,1.0,1.0,1,0.4,1.0,1.0,1,0.2,1.0,1.0
RCAEval,re1ob_currencyservice_mem_2,train,mem,2,24,2,"['currencyservice_cpu', 'frontend_cpu', 'currencyservice_mem']","['currencyservice_cpu', 'currencyservice_mem']",0.5,0.23596716718010258,0.079,0.079,0.0395,0.079,0.23,0.08200000000000016,0.123,0.10621931411423546,0.3725,0.08349999999999963,0.20875,0.14926331791685973,0.673,0.0839999999999982,0.42,0.23182515851047136,1.0,1,1.0,0.5,1.0,1,0.6666666666666666,1.0,0.9197207891481876,1,0.4,1.0,0.9197207891481876,1,0.2,1.0,0.9197207891481876
RCAEval,re1ob_currencyservice_mem_3,train,mem,2,24,2,"['currencyservice_cpu', 'currencyservice_mem', 'frontend_cpu']","['currencyservice_cpu', 'currencyservice_mem']",1.0,0.23596716718010258,0.079,0.079,0.0395,0.079,0.23,0.08200000000000016,0.123,0.10621931411423546,0.3725,0.08349999999999963,0.20875,0.14926331791685973,0.673,0.0839999999999982,0.42,0.23182515851047136,1.0,1,1.0,0.5,1.0,1,0.6666666666666666,1.0,1.0,1,0.4,1.0,1.0,1,0.2,1.0,1.0
RCAEval,re1ob_productcatalogservice_mem_1,train,mem,2,24,2,"['productcatalogservice_mem', 'productcatalogservice_cpu', 'frontend_cpu']","['productcatalogservice_cpu', 'productcatalogservice_mem']",1.0,0.24280734802515394,0.0815,0.0815,0.04075,0.0815,0.25,0.0890000000000003,0.1335,0.11410616692146969,0.3935,0.0875999999999996,0.219,0.15688378461379177,0.6625,0.0831999999999983,0.416,0.2338917524906306,1.0,1,1.0,0.5,1.0,1,0.6666666666666666,1.0,1.0,1,0.4,1.0,1.0,1,0.2,1.0,1.0
RCAEval,re1ob_productcatalogservice_mem_2,train,mem,2,24,2,"['productcatalogservice_mem', 'productcatalogservice_cpu', 'frontend_cpu']","['productcatalogservice_cpu', 'productcatalogservice_mem']",1.0,0.24280734802515394,0.0815,0.0815,0.04075,0.0815,0.25,0.0890000000000003,0.1335,0.11410616692146969,0.3935,0.0875999999999996,0.219,0.15688378461379177,0.6625,0.0831999999999983,0.416,0.2338917524906306,1.0,1,1.0,0.5,1.0,1,0.6666666666666666,1.0,1.0,1,0.4,1.0,1.0,1,0.2,1.0,1.0
RCAEval,re1ob_productcatalogservice_mem_3,train,mem,2,24,2,"['productcatalogservice_mem', 'productcatalogservice_cpu', 'frontend_cpu']","['productcatalogservice_cpu', 'productcatalogservice_mem']",1.0,0.24280734802515394,0.0815,0.0815,0.04075,0.0815,0.25,0.0890000000000003,0.1335,0.11410616692146969,0.3935,0.0875999999999996,0.219,0.15688378461379177,0.6625,0.0831999999999983,0.416,0.2338917524906306,1.0,1,1.0,0.5,1.0,1,0.6666666666666666,1.0,1.0,1,0.4,1.0,1.0,1,0.2,1.0,1.0
RCAEval,re1ob_adservice_cpu_4,eval,cpu,2,24,2,"['adservice_cpu', 'adservice_mem', 'frontend_cpu']","['adservice_cpu', 'adservice_mem']",1.0,0.24155936633922764,0.0795,0.0795,0.03975,0.0795,0.2455,0.08533333333333354,0.128,0.11060238543360514,0.3785,0.08459999999999979,0.2115,0.15249838829935816,0.671,0.08319999999999816,0.416,0.23236702052465533,1.0,1,1.0,0.5,1.0,1,0.6666666666666666,1.0,1.0,1,0.4,1.0,1.0,1,0.2,1.0,1.0
RCAEval,re1ob_cartservice_cpu_4,eval,cpu,2,24,2,"['cartservice_cpu', 'cartservice_mem', 'frontend_cpu']","['cartservice_cpu', 'cartservice_mem']",1.0,0.23740315080198712,0.079,0.079,0.0395,0.079,0.2275,0.07950000000000014,0.11925,0.10420098937934635,0.367,0.08019999999999987,0.2005,0.1451236489719485,0.6695,0.08254999999999822,0.41275,0.228438450151884,1.0,1,1.0,0.5,1.0,1,0.6666666666666666,1.0,1.0,1,0.4,1.0,1.0,1,0.2,1.0,1.0
RCAEval,re1ob_checkoutservice_cpu_4,eval,cpu,2,24,2,"['checkoutservice_cpu', 'checkoutservice_mem', 'frontend_cpu']","['checkoutservice_cpu', 'checkoutservice_mem']",1.0,0.24509011544711795,0.091,0.091,0.0455,0.091,0.239,0.0846666666666669,0.127,0.11235078604189001,0.376,0.08239999999999978,0.206,0.15204483346821043,0.6625,0.08304999999999821,0.41525,0.23370293342665618,1.0,1,1.0,0.5,1.0,1,0.6666666666666666,1.0,1.0,1,0.4,1.0,1.0,1,0.2,1.0,1.0
RCAEval,re1ob_currencyservice_cpu_4,eval,cpu,2,24,2,"['currencyservice_cpu', 'currencyservice_mem', 'frontend_cpu']","['currencyservice_cpu', 'currencyservice_mem']",1.0,0.23596716718010258,0.079,0.079,0.0395,0.079,0.23,0.08200000000000016,0.123,0.10621931411423546,0.3725,0.08349999999999963,0.20875,0.14926331791685973,0.673,0.0839999999999982,0.42,0.23182515851047136,1.0,1,1.0,0.5,1.0,1,0.6666666666666666,1.0,1.0,1,0.4,1.0,1.0,1,0.2,1.0,1.0
RCAEval,re1ob_productcatalogservice_cpu_4,eval,cpu,2,24,2,"['productcatalogservice_mem', 'cartservice_cpu', 'productcatalogservice_cpu']","['productcatalogservice_cpu', 'productcatalogservice_mem']",0.5,0.24280734802515394,0.0815,0.0815,0.04075,0.0815,0.25,0.0890000000000003,0.1335,0.11410616692146969,0.3935,0.0875999999999996,0.219,0.15688378461379177,0.6625,0.0831999999999983,0.416,0.2338917524906306,1.0,1,1.0,0.5,1.0,1,0.6666666666666666,1.0,0.9197207891481876,1,0.4,1.0,0.9197207891481876,1,0.2,1.0,0.9197207891481876
RCAEval,re1ob_adservice_delay_4,eval,delay,2,24,2,"['frontend_cpu', 'adservice_cpu', 'currencyservice_cpu']","['adservice_cpu', 'adservice_mem']",0.5,0.24155936633922764,0.0795,0.0795,0.03975,0.0795,0.2455,0.08533333333333354,0.128,0.11060238543360514,0.3785,0.08459999999999979,0.2115,0.15249838829935816,0.671,0.08319999999999816,0.416,0.23236702052465533,0.5,0,0.0,0.0,0.0,1,0.3333333333333333,0.5,0.38685280723454163,1,0.2,0.5,0.38685280723454163,1,0.2,1.0,0.6052602440527057
RCAEval,re1ob_cartservice_delay_4,eval,delay,2,24,2,"['frontend_cpu', 'productcatalogservice_mem', 'frontend_mem']","['cartservice_cpu', 'cartservice_mem']",0.0,0.23740315080198712,0.079,0.079,0.0395,0.079,0.2275,0.07950000000000014,0.11925,0.10420098937934635,0.367,0.08019999999999987,0.2005,0.1451236489719485,0.6695,0.08254999999999822,0.41275,0.228438450151884,0.08333333333333333,0,0.0,0.0,0.0,0,0.0,0.0,0.0,0,0.0,0.0,0.0,0,0.0,0.0,0.0
RCAEval,re1ob_checkoutservice_delay_4,eval,delay,2,24,2,"['frontend_cpu', 'currencyservice_mem', 'adservice_cpu']","['checkoutservice_cpu', 'checkoutservice_mem']",0.0,0.24509011544711795,0.091,0.091,0.0455,0.091,0.239,0.0846666666666669,0.127,0.11235078604189001,0.376,0.08239999999999978,0.206,0.15204483346821043,0.6625,0.08304999999999821,0.41525,0.23370293342665618,0.1111111111111111,0,0.0,0.0,0.0,0,0.0,0.0,0.0,0,0.0,0.0,0.0,1,0.1,0.5,0.18457569677956817
RCAEval,re1ob_currencyservice_delay_4,eval,delay,2,24,2,"['frontend_cpu', 'productcatalogservice_cpu', 'currencyservice_cpu']","['currencyservice_cpu', 'currencyservice_mem']",0.0,0.23596716718010258,0.079,0.079,0.0395,0.079,0.23,0.08200000000000016,0.123,0.10621931411423546,0.3725,0.08349999999999963,0.20875,0.14926331791685973,0.673,0.0839999999999982,0.42,0.23182515851047136,0.3333333333333333,0,0.0,0.0,0.0,1,0.3333333333333333,0.5,0.3065735963827292,1,0.2,0.5,0.3065735963827292,1,0.2,1.0,0.5
RCAEval,re1ob_productcatalogservice_delay_4,eval,delay,2,24,2,"['frontend_cpu', 'adservice_cpu', 'frontend_mem']","['productcatalogservice_cpu', 'productcatalogservice_mem']",0.0,0.24280734802515394,0.0815,0.0815,0.04075,0.0815,0.25,0.0890000000000003,0.1335,0.11410616692146969,0.3935,0.0875999999999996,0.219,0.15688378461379177,0.6625,0.0831999999999983,0.416,0.2338917524906306,0.25,0,0.0,0.0,0.0,0,0.0,0.0,0.0,1,0.2,0.5,0.2640681225725909,1,0.1,0.5,0.2640681225725909
RCAEval,re1ob_adservice_disk_4,eval,disk,2,24,2,"['adservice_cpu', 'cartservice_cpu', 'adservice_mem']","['adservice_cpu', 'adservice_mem']",0.5,0.24155936633922764,0.0795,0.0795,0.03975,0.0795,0.2455,0.08533333333333354,0.128,0.11060238543360514,0.3785,0.08459999999999979,0.2115,0.15249838829935816,0.671,0.08319999999999816,0.416,0.23236702052465533,1.0,1,1.0,0.5,1.0,1,0.6666666666666666,1.0,0.9197207891481876,1,0.4,1.0,0.9197207891481876,1,0.2,1.0,0.9197207891481876
RCAEval,re1ob_cartservice_disk_4,eval,disk,2,24,2,"['cartservice_cpu', 'cartservice_mem', 'currencyservice_cpu']","['cartservice_cpu', 'cartservice_mem']",1.0,0.23740315080198712,0.079,0.079,0.0395,0.079,0.2275,0.07950000000000014,0.11925,0.10420098937934635,0.367,0.08019999999999987,0.2005,0.1451236489719485,0.6695,0.08254999999999822,0.41275,0.228438450151884,1.0,1,1.0,0.5,1.0,1,0.6666666666666666,1.0,1.0,1,0.4,1.0,1.0,1,0.2,1.0,1.0
RCAEval,re1ob_checkoutservice_disk_4,eval,disk,2,24,2,"['checkoutservice_cpu', 'checkoutservice_mem', 'cartservice_mem']","['checkoutservice_cpu', 'checkoutservice_mem']",1.0,0.24509011544711795,0.091,0.091,0.0455,0.091,0.239,0.0846666666666669,0.127,0.11235078604189001,0.376,0.08239999999999978,0.206,0.15204483346821043,0.6625,0.08304999999999821,0.41525,0.23370293342665618,1.0,1,1.0,0.5,1.0,1,0.6666666666666666,1.0,1.0,1,0.4,1.0,1.0,1,0.2,1.0,1.0
RCAEval,re1ob_currencyservice_disk_4,eval,disk,2,24,2,"['currencyservice_cpu', 'frontend_cpu', 'currencyservice_mem']","['currencyservice_cpu', 'currencyservice_mem']",0.5,0.23596716718010258,0.079,0.079,0.0395,0.079,0.23,0.08200000000000016,0.123,0.10621931411423546,0.3725,0.08349999999999963,0.20875,0.14926331791685973,0.673,0.0839999999999982,0.42,0.23182515851047136,1.0,1,1.0,0.5,1.0,1,0.6666666666666666,1.0,0.9197207891481876,1,0.4,1.0,0.9197207891481876,1,0.2,1.0,0.9197207891481876
RCAEval,re1ob_productcatalogservice_disk_4,eval,disk,2,24,2,"['productcatalogservice_mem', 'productcatalogservice_cpu', 'frontend_cpu']","['productcatalogservice_cpu', 'productcatalogservice_mem']",1.0,0.24280734802515394,0.0815,0.0815,0.04075,0.0815,0.25,0.0890000000000003,0.1335,0.11410616692146969,0.3935,0.0875999999999996,0.219,0.15688378461379177,0.6625,0.0831999999999983,0.416,0.2338917524906306,1.0,1,1.0,0.5,1.0,1,0.6666666666666666,1.0,1.0,1,0.4,1.0,1.0,1,0.2,1.0,1.0
RCAEval,re1ob_adservice_loss_4,eval,loss,2,24,2,"['adservice_mem', 'frontend_cpu', 'recommendationservice_mem']","['adservice_cpu', 'adservice_mem']",0.5,0.24155936633922764,0.0795,0.0795,0.03975,0.0795,0.2455,0.08533333333333354,0.128,0.11060238543360514,0.3785,0.08459999999999979,0.2115,0.15249838829935816,0.671,0.08319999999999816,0.416,0.23236702052465533,1.0,1,1.0,0.5,1.0,1,0.3333333333333333,0.5,0.6131471927654584,1,0.4,1.0,0.8503449055347546,1,0.2,1.0,0.8503449055347546
RCAEval,re1ob_cartservice_loss_4,eval,loss,2,24,2,"['frontend_cpu', 'checkoutservice_mem', 'recommendationservice_mem']","['cartservice_cpu', 'cartservice_mem']",0.0,0.23740315080198712,0.079,0.079,0.0395,0.079,0.2275,0.07950000000000014,0.11925,0.10420098937934635,0.367,0.08019999999999987,0.2005,0.1451236489719485,0.6695,0.08254999999999822,0.41275,0.228438450151884,0.09090909090909091,0,0.0,0.0,0.0,0,0.0,0.0,0.0,0,0.0,0.0,0.0,0,0.0,0.0,0.0
RCAEval,re1ob_checkoutservice_loss_4,eval,loss,2,24,2,"['frontend_cpu', 'checkoutservice_cpu', 'checkoutservice_mem']","['checkoutservice_cpu', 'checkoutservice_mem']",0.5,0.24509011544711795,0.091,0.091,0.0455,0.091,0.239,0.0846666666666669,0.127,0.11235078604189001,0.376,0.08239999999999978,0.206,0.15204483346821043,0.6625,0.08304999999999821,0.41525,0.23370293342665618,0.5,0,0.0,0.0,0.0,1,0.6666666666666666,1.0,0.6934264036172708,1,0.4,1.0,0.6934264036172708,1,0.2,1.0,0.6934264036172708
RCAEval,re1ob_currencyservice_loss_4,eval,loss,2,24,2,"['frontend_cpu', 'checkoutservice_mem', 'recommendationservice_cpu']","['currencyservice_cpu', 'currencyservice_mem']",0.0,0.23596716718010258,0.079,0.079,0.0395,0.079,0.23,0.08200000000000016,0.123,0.10621931411423546,0.3725,0.08349999999999963,0.20875,0.14926331791685973,0.673,0.0839999999999982,0.42,0.23182515851047136,0.125,0,0.0,0.0,0.0,0,0.0,0.0,0.0,0,0.0,0.0,0.0,1,0.1,0.5,0.19342640361727081
RCAEval,re1ob_productcatalogservice_loss_4,eval,loss,2,24,2,"['frontend_cpu', 'currencyservice_cpu', 'productcatalogservice_mem']","['productcatalogservice_cpu', 'productcatalogservice_mem']",0.0,0.24280734802515394,0.0815,0.0815,0.04075,0.0815,0.25,0.0890000000000003,0.1335,0.11410616692146969,0.3935,0.0875999999999996,0.219,0.15688378461379177,0.6625,0.0831999999999983,0.416,0.2338917524906306,0.3333333333333333,0,0.0,0.0,0.0,1,0.3333333333333333,0.5,0.3065735963827292,1,0.2,0.5,0.3065735963827292,1,0.1,0.5,0.3065735963827292
RCAEval,re1ob_adservice_mem_4,eval,mem,2,24,2,"['adservice_cpu', 'adservice_mem', 'frontend_cpu']","['adservice_cpu', 'adservice_mem']",1.0,0.24155936633922764,0.0795,0.0795,0.03975,0.0795,0.2455,0.08533333333333354,0.128,0.11060238543360514,0.3785,0.08459999999999979,0.2115,0.15249838829935816,0.671,0.08319999999999816,0.416,0.23236702052465533,1.0,1,1.0,0.5,1.0,1,0.6666666666666666,1.0,1.0,1,0.4,1.0,1.0,1,0.2,1.0,1.0
RCAEval,re1ob_cartservice_mem_4,eval,mem,2,24,2,"['cartservice_cpu', 'adservice_cpu', 'cartservice_mem']","['cartservice_cpu', 'cartservice_mem']",0.5,0.23740315080198712,0.079,0.079,0.0395,0.079,0.2275,0.07950000000000014,0.11925,0.10420098937934635,0.367,0.08019999999999987,0.2005,0.1451236489719485,0.6695,0.08254999999999822,0.41275,0.228438450151884,1.0,1,1.0,0.5,1.0,1,0.6666666666666666,1.0,0.9197207891481876,1,0.4,1.0,0.9197207891481876,1,0.2,1.0,0.9197207891481876
RCAEval,re1ob_checkoutservice_mem_4,eval,mem,2,24,2,"['checkoutservice_cpu', 'checkoutservice_mem', 'frontend_cpu']","['checkoutservice_cpu', 'checkoutservice_mem']",1.0,0.24509011544711795,0.091,0.091,0.0455,0.091,0.239,0.0846666666666669,0.127,0.11235078604189001,0.376,0.08239999999999978,0.206,0.15204483346821043,0.6625,0.08304999999999821,0.41525,0.23370293342665618,1.0,1,1.0,0.5,1.0,1,0.6666666666666666,1.0,1.0,1,0.4,1.0,1.0,1,0.2,1.0,1.0
RCAEval,re1ob_currencyservice_mem_4,eval,mem,2,24,2,"['currencyservice_cpu', 'currencyservice_mem', 'frontend_cpu']","['currencyservice_cpu', 'currencyservice_mem']",1.0,0.23596716718010258,0.079,0.079,0.0395,0.079,0.23,0.08200000000000016,0.123,0.10621931411423546,0.3725,0.08349999999999963,0.20875,0.14926331791685973,0.673,0.0839999999999982,0.42,0.23182515851047136,1.0,1,1.0,0.5,1.0,1,0.6666666666666666,1.0,1.0,1,0.4,1.0,1.0,1,0.2,1.0,1.0
RCAEval,re1ob_productcatalogservice_mem_4,eval,mem,2,24,2,"['productcatalogservice_mem', 'productcatalogservice_cpu', 'frontend_cpu']","['productcatalogservice_cpu', 'productcatalogservice_mem']",1.0,0.24280734802515394,0.0815,0.0815,0.04075,0.0815,0.25,0.0890000000000003,0.1335,0.11410616692146969,0.3935,0.0875999999999996,0.219,0.15688378461379177,0.6625,0.0831999999999983,0.416,0.2338917524906306,1.0,1,1.0,0.5,1.0,1,0.6666666666666666,1.0,1.0,1,0.4,1.0,1.0,1,0.2,1.0,1.0
RCAEval,re1ob_adservice_cpu_5,calib,cpu,2,24,2,"['adservice_cpu', 'currencyservice_cpu', 'redis_cpu']","['adservice_cpu', 'adservice_mem']",0.5,0.24155936633922764,0.0795,0.0795,0.03975,0.0795,0.2455,0.08533333333333354,0.128,0.11060238543360514,0.3785,0.08459999999999979,0.2115,0.15249838829935816,0.671,0.08319999999999816,0.416,0.23236702052465533,1.0,1,1.0,0.5,1.0,1,0.3333333333333333,0.5,0.6131471927654584,1,0.4,1.0,0.8772153153380493,1,0.2,1.0,0.8772153153380493
RCAEval,re1ob_cartservice_cpu_5,calib,cpu,2,24,2,"['cartservice_cpu', 'cartservice_mem', 'frontend_cpu']","['cartservice_cpu', 'cartservice_mem']",1.0,0.23740315080198712,0.079,0.079,0.0395,0.079,0.2275,0.07950000000000014,0.11925,0.10420098937934635,0.367,0.08019999999999987,0.2005,0.1451236489719485,0.6695,0.08254999999999822,0.41275,0.228438450151884,1.0,1,1.0,0.5,1.0,1,0.6666666666666666,1.0,1.0,1,0.4,1.0,1.0,1,0.2,1.0,1.0
RCAEval,re1ob_checkoutservice_cpu_5,calib,cpu,2,24,2,"['checkoutservice_cpu', 'checkoutservice_mem', 'frontend_cpu']","['checkoutservice_cpu', 'checkoutservice_mem']",1.0,0.24509011544711795,0.091,0.091,0.0455,0.091,0.239,0.0846666666666669,0.127,0.11235078604189001,0.376,0.08239999999999978,0.206,0.15204483346821043,0.6625,0.08304999999999821,0.41525,0.23370293342665618,1.0,1,1.0,0.5,1.0,1,0.6666666666666666,1.0,1.0,1,0.4,1.0,1.0,1,0.2,1.0,1.0
RCAEval,re1ob_currencyservice_cpu_5,calib,cpu,2,24,2,"['currencyservice_cpu', 'frontend_cpu', 'currencyservice_mem']","['currencyservice_cpu', 'currencyservice_mem']",0.5,0.23596716718010258,0.079,0.079,0.0395,0.079,0.23,0.08200000000000016,0.123,0.10621931411423546,0.3725,0.08349999999999963,0.20875,0.14926331791685973,0.673,0.0839999999999982,0.42,0.23182515851047136,1.0,1,1.0,0.5,1.0,1,0.6666666666666666,1.0,0.9197207891481876,1,0.4,1.0,0.9197207891481876,1,0.2,1.0,0.9197207891481876
RCAEval,re1ob_productcatalogservice_cpu_5,calib,cpu,2,24,2,"['productcatalogservice_mem', 'productcatalogservice_cpu', 'frontend_cpu']","['productcatalogservice_cpu', 'productcatalogservice_mem']",1.0,0.24280734802515394,0.0815,0.0815,0.04075,0.0815,0.25,0.0890000000000003,0.1335,0.11410616692146969,0.3935,0.0875999999999996,0.219,0.15688378461379177,0.6625,0.0831999999999983,0.416,0.2338917524906306,1.0,1,1.0,0.5,1.0,1,0.6666666666666666,1.0,1.0,1,0.4,1.0,1.0,1,0.2,1.0,1.0
RCAEval,re1ob_adservice_delay_5,calib,delay,2,24,2,"['frontend_cpu', 'adservice_cpu', 'currencyservice_mem']","['adservice_cpu', 'adservice_mem']",0.5,0.24155936633922764,0.0795,0.0795,0.03975,0.0795,0.2455,0.08533333333333354,0.128,0.11060238543360514,0.3785,0.08459999999999979,0.2115,0.15249838829935816,0.671,0.08319999999999816,0.416,0.23236702052465533,0.5,0,0.0,0.0,0.0,1,0.3333333333333333,0.5,0.38685280723454163,1,0.4,1.0,0.6240505200038379,1,0.2,1.0,0.6240505200038379
RCAEval,re1ob_cartservice_delay_5,calib,delay,2,24,2,"['frontend_cpu', 'productcatalogservice_cpu', 'checkoutservice_cpu']","['cartservice_cpu', 'cartservice_mem']",0.0,0.23740315080198712,0.079,0.079,0.0395,0.079,0.2275,0.07950000000000014,0.11925,0.10420098937934635,0.367,0.08019999999999987,0.2005,0.1451236489719485,0.6695,0.08254999999999822,0.41275,0.228438450151884,0.125,0,0.0,0.0,0.0,0,0.0,0.0,0.0,0,0.0,0.0,0.0,1,0.1,0.5,0.19342640361727081
RCAEval,re1ob_checkoutservice_delay_5,calib,delay,2,24,2,"['frontend_cpu', 'currencyservice_cpu', 'adservice_cpu']","['checkoutservice_cpu', 'checkoutservice_mem']",0.0,0.24509011544711795,0.091,0.091,0.0455,0.091,0.239,0.0846666666666669,0.127,0.11235078604189001,0.376,0.08239999999999978,0.206,0.15204483346821043,0.6625,0.08304999999999821,0.41525,0.23370293342665618,0.16666666666666666,0,0.0,0.0,0.0,0,0.0,0.0,0.0,0,0.0,0.0,0.0,1,0.1,0.5,0.21840743681816419
RCAEval,re1ob_currencyservice_delay_5,calib,delay,2,24,2,"['frontend_cpu', 'recommendationservice_cpu', 'currencyservice_mem']","['currencyservice_cpu', 'currencyservice_mem']",0.0,0.23596716718010258,0.079,0.079,0.0395,0.079,0.23,0.08200000000000016,0.123,0.10621931411423546,0.3725,0.08349999999999963,0.20875,0.14926331791685973,0.673,0.0839999999999982,0.42,0.23182515851047136,0.3333333333333333,0,0.0,0.0,0.0,1,0.3333333333333333,0.5,0.3065735963827292,1,0.2,0.5,0.3065735963827292,1,0.2,1.0,0.5249810332008933
RCAEval,re1ob_productcatalogservice_delay_5,calib,delay,2,24,2,"['frontend_cpu', 'currencyservice_cpu', 'frontend_mem']","['productcatalogservice_cpu', 'productcatalogservice_mem']",0.0,0.24280734802515394,0.0815,0.0815,0.04075,0.0815,0.25,0.0890000000000003,0.1335,0.11410616692146969,0.3935,0.0875999999999996,0.219,0.15688378461379177,0.6625,0.0831999999999983,0.416,0.2338917524906306,0.25,0,0.0,0.0,0.0,0,0.0,0.0,0.0,1,0.2,0.5,0.2640681225725909,1,0.2,1.0,0.45749452618986164
RCAEval,re1ob_adservice_disk_5,calib,disk,2,24,2,"['adservice_cpu', 'adservice_mem', 'currencyservice_cpu']","['adservice_cpu', 'adservice_mem']",1.0,0.24155936633922764,0.0795,0.0795,0.03975,0.0795,0.2455,0.08533333333333354,0.128,0.11060238543360514,0.3785,0.08459999999999979,0.2115,0.15249838829935816,0.671,0.08319999999999816,0.416,0.23236702052465533,1.0,1,1.0,0.5,1.0,1,0.6666666666666666,1.0,1.0,1,0.4,1.0,1.0,1,0.2,1.0,1.0
RCAEval,re1ob_cartservice_disk_5,calib,disk,2,24,2,"['cartservice_cpu', 'frontend_cpu', 'cartservice_mem']","['cartservice_cpu', 'cartservice_mem']",0.5,0.23740315080198712,0.079,0.079,0.0395,0.079,0.2275,0.07950000000000014,0.11925,0.10420098937934635,0.367,0.08019999999999987,0.2005,0.1451236489719485,0.6695,0.08254999999999822,0.41275,0.228438450151884,1.0,1,1.0,0.5,1.0,1,0.6666666666666666,1.0,0.9197207891481876,1,0.4,1.0,0.9197207891481876,1,0.2,1.0,0.9197207891481876
RCAEval,re1ob_checkoutservice_disk_5,calib,disk,2,24,2,"['checkoutservice_cpu', 'checkoutservice_mem', 'cartservice_mem']","['checkoutservice_cpu', 'checkoutservice_mem']",1.0,0.24509011544711795,0.091,0.091,0.0455,0.091,0.239,0.0846666666666669,0.127,0.11235078604189001,0.376,0.08239999999999978,0.206,0.15204483346821043,0.6625,0.08304999999999821,0.41525,0.23370293342665618,1.0,1,1.0,0.5,1.0,1,0.6666666666666666,1.0,1.0,1,0.4,1.0,1.0,1,0.2,1.0,1.0
RCAEval,re1ob_currencyservice_disk_5,calib,disk,2,24,2,"['currencyservice_cpu', 'currencyservice_mem', 'adservice_cpu']","['currencyservice_cpu', 'currencyservice_mem']",1.0,0.23596716718010258,0.079,0.079,0.0395,0.079,0.23,0.08200000000000016,0.123,0.10621931411423546,0.3725,0.08349999999999963,0.20875,0.14926331791685973,0.673,0.0839999999999982,0.42,0.23182515851047136,1.0,1,1.0,0.5,1.0,1,0.6666666666666666,1.0,1.0,1,0.4,1.0,1.0,1,0.2,1.0,1.0
RCAEval,re1ob_productcatalogservice_disk_5,calib,disk,2,24,2,"['productcatalogservice_mem', 'productcatalogservice_cpu', 'cartservice_cpu']","['productcatalogservice_cpu', 'productcatalogservice_mem']",1.0,0.24280734802515394,0.0815,0.0815,0.04075,0.0815,0.25,0.0890000000000003,0.1335,0.11410616692146969,0.3935,0.0875999999999996,0.219,0.15688378461379177,0.6625,0.0831999999999983,0.416,0.2338917524906306,1.0,1,1.0,0.5,1.0,1,0.6666666666666666,1.0,1.0,1,0.4,1.0,1.0,1,0.2,1.0,1.0
RCAEval,re1ob_adservice_loss_5,calib,loss,2,24,2,"['frontend_cpu', 'adservice_cpu', 'adservice_mem']","['adservice_cpu', 'adservice_mem']",0.5,0.24155936633922764,0.0795,0.0795,0.03975,0.0795,0.2455,0.08533333333333354,0.128,0.11060238543360514,0.3785,0.08459999999999979,0.2115,0.15249838829935816,0.671,0.08319999999999816,0.416,0.23236702052465533,0.5,0,0.0,0.0,0.0,1,0.6666666666666666,1.0,0.6934264036172708,1,0.4,1.0,0.6934264036172708,1,0.2,1.0,0.6934264036172708
RCAEval,re1ob_cartservice_loss_5,calib,loss,2,24,2,"['frontend_cpu', 'redis_cpu', 'recommendationservice_cpu']","['cartservice_cpu', 'cartservice_mem']",0.0,0.23740315080198712,0.079,0.079,0.0395,0.079,0.2275,0.07950000000000014,0.11925,0.10420098937934635,0.367,0.08019999999999987,0.2005,0.1451236489719485,0.6695,0.08254999999999822,0.41275,0.228438450151884,0.07692307692307693,0,0.0,0.0,0.0,0,0.0,0.0,0.0,0,0.0,0.0,0.0,0,0.0,0.0,0.0
RCAEval,re1ob_checkoutservice_loss_5,calib,loss,2,24,2,"['frontend_cpu', 'checkoutservice_cpu', 'checkoutservice_mem']","['checkoutservice_cpu', 'checkoutservice_mem']",0.5,0.24509011544711795,0.091,0.091,0.0455,0.091,0.239,0.0846666666666669,0.127,0.11235078604189001,0.376,0.08239999999999978,0.206,0.15204483346821043,0.6625,0.08304999999999821,0.41525,0.23370293342665618,0.5,0,0.0,0.0,0.0,1,0.6666666666666666,1.0,0.6934264036172708,1,0.4,1.0,0.6934264036172708,1,0.2,1.0,0.6934264036172708
RCAEval,re1ob_currencyservice_loss_5,calib,loss,2,24,2,"['frontend_cpu', 'redis_cpu', 'checkoutservice_mem']","['currencyservice_cpu', 'currencyservice_mem']",0.0,0.23596716718010258,0.079,0.079,0.0395,0.079,0.23,0.08200000000000016,0.123,0.10621931411423546,0.3725,0.08349999999999963,0.20875,0.14926331791685973,0.673,0.0839999999999982,0.42,0.23182515851047136,0.14285714285714285,0,0.0,0.0,0.0,0,0.0,0.0,0.0,0,0.0,0.0,0.0,1,0.1,0.5,0.20438239758848611
RCAEval,re1ob_productcatalogservice_loss_5,calib,loss,2,24,2,"['productcatalogservice_mem', 'frontend_cpu', 'currencyservice_cpu']","['productcatalogservice_cpu', 'productcatalogservice_mem']",0.5,0.24280734802515394,0.0815,0.0815,0.04075,0.0815,0.25,0.0890000000000003,0.1335,0.11410616692146969,0.3935,0.0875999999999996,0.219,0.15688378461379177,0.6625,0.0831999999999983,0.416,0.2338917524906306,1.0,1,1.0,0.5,1.0,1,0.3333333333333333,0.5,0.6131471927654584,1,0.2,0.5,0.6131471927654584,1,0.2,1.0,0.7977228895450266
RCAEval,re1ob_adservice_mem_5,calib,mem,2,24,2,"['adservice_cpu', 'productcatalogservice_mem', 'adservice_mem']","['adservice_cpu', 'adservice_mem']",0.5,0.24155936633922764,0.0795,0.0795,0.03975,0.0795,0.2455,0.08533333333333354,0.128,0.11060238543360514,0.3785,0.08459999999999979,0.2115,0.15249838829935816,0.671,0.08319999999999816,0.416,0.23236702052465533,1.0,1,1.0,0.5,1.0,1,0.6666666666666666,1.0,0.9197207891481876,1,0.4,1.0,0.9197207891481876,1,0.2,1.0,0.9197207891481876
RCAEval,re1ob_cartservice_mem_5,calib,mem,2,24,2,"['cartservice_cpu', 'cartservice_mem', 'frontend_cpu']","['cartservice_cpu', 'cartservice_mem']",1.0,0.23740315080198712,0.079,0.079,0.0395,0.079,0.2275,0.07950000000000014,0.11925,0.10420098937934635,0.367,0.08019999999999987,0.2005,0.1451236489719485,0.6695,0.08254999999999822,0.41275,0.228438450151884,1.0,1,1.0,0.5,1.0,1,0.6666666666666666,1.0,1.0,1,0.4,1.0,1.0,1,0.2,1.0,1.0
RCAEval,re1ob_checkoutservice_mem_5,calib,mem,2,24,2,"['checkoutservice_cpu', 'checkoutservice_mem', 'frontend_cpu']","['checkoutservice_cpu', 'checkoutservice_mem']",1.0,0.24509011544711795,0.091,0.091,0.0455,0.091,0.239,0.0846666666666669,0.127,0.11235078604189001,0.376,0.08239999999999978,0.206,0.15204483346821043,0.6625,0.08304999999999821,0.41525,0.23370293342665618,1.0,1,1.0,0.5,1.0,1,0.6666666666666666,1.0,1.0,1,0.4,1.0,1.0,1,0.2,1.0,1.0
RCAEval,re1ob_currencyservice_mem_5,calib,mem,2,24,2,"['currencyservice_cpu', 'currencyservice_mem', 'frontend_cpu']","['currencyservice_cpu', 'currencyservice_mem']",1.0,0.23596716718010258,0.079,0.079,0.0395,0.079,0.23,0.08200000000000016,0.123,0.10621931411423546,0.3725,0.08349999999999963,0.20875,0.14926331791685973,0.673,0.0839999999999982,0.42,0.23182515851047136,1.0,1,1.0,0.5,1.0,1,0.6666666666666666,1.0,1.0,1,0.4,1.0,1.0,1,0.2,1.0,1.0
RCAEval,re1ob_productcatalogservice_mem_5,calib,mem,2,24,2,"['productcatalogservice_mem', 'productcatalogservice_cpu', 'checkoutservice_cpu']","['productcatalogservice_cpu', 'productcatalogservice_mem']",1.0,0.24280734802515394,0.0815,0.0815,0.04075,0.0815,0.25,0.0890000000000003,0.1335,0.11410616692146969,0.3935,0.0875999999999996,0.219,0.15688378461379177,0.6625,0.0831999999999983,0.416,0.2338917524906306,1.0,1,1.0,0.5,1.0,1,0.6666666666666666,1.0,1.0,1,0.4,1.0,1.0,1,0.2,1.0,1.0
RCAEval,re1ob_adservice_cpu_1,train,cpu,3,24,2,"['adservice_cpu', 'adservice_mem', 'currencyservice_mem']","['adservice_cpu', 'adservice_mem']",1.0,0.22973780511181577,0.067,0.067,0.0335,0.067,0.235,0.08133333333333341,0.122,0.10252937784626572,0.368,0.08009999999999991,0.20025,0.14184075829362897,0.6645,0.08304999999999822,0.41525,0.22562811034669195,1.0,1,1.0,0.5,1.0,1,0.6666666666666666,1.0,1.0,1,0.4,1.0,1.0,1,0.2,1.0,1.0
RCAEval,re1ob_adservice_cpu_2,train,cpu,3,24,2,"['adservice_cpu', 'adservice_mem', 'frontend_cpu']","['adservice_cpu', 'adservice_mem']",1.0,0.22973780511181577,0.067,0.067,0.0335,0.067,0.235,0.08133333333333341,0.122,0.10252937784626572,0.368,0.08009999999999991,0.20025,0.14184075829362897,0.6645,0.08304999999999822,0.41525,0.22562811034669195,1.0,1,1.0,0.5,1.0,1,0.6666666666666666,1.0,1.0,1,0.4,1.0,1.0,1,0.2,1.0,1.0
RCAEval,re1ob_adservice_cpu_3,train,cpu,3,24,2,"['adservice_cpu', 'adservice_mem', 'currencyservice_cpu']","['adservice_cpu', 'adservice_mem']",1.0,0.22973780511181577,0.067,0.067,0.0335,0.067,0.235,0.08133333333333341,0.122,0.10252937784626572,0.368,0.08009999999999991,0.20025,0.14184075829362897,0.6645,0.08304999999999822,0.41525,0.22562811034669195,1.0,1,1.0,0.5,1.0,1,0.6666666666666666,1.0,1.0,1,0.4,1.0,1.0,1,0.2,1.0,1.0
RCAEval,re1ob_cartservice_cpu_1,train,cpu,3,24,2,"['cartservice_cpu', 'cartservice_mem', 'adservice_cpu']","['cartservice_cpu', 'cartservice_mem']",1.0,0.2406343538618004,0.088,0.088,0.044,0.088,0.231,0.08116666666666679,0.12175,0.10712827314422357,0.376,0.08239999999999978,0.206,0.14938007257913044,0.672,0.08414999999999821,0.42075,0.23337320927142888,1.0,1,1.0,0.5,1.0,1,0.6666666666666666,1.0,1.0,1,0.4,1.0,1.0,1,0.2,1.0,1.0
RCAEval,re1ob_cartservice_cpu_2,train,cpu,3,24,2,"['cartservice_cpu', 'cartservice_mem', 'frontend_cpu']","['cartservice_cpu', 'cartservice_mem']",1.0,0.2406343538618004,0.088,0.088,0.044,0.088,0.231,0.08116666666666679,0.12175,0.10712827314422357,0.376,0.08239999999999978,0.206,0.14938007257913044,0.672,0.08414999999999821,0.42075,0.23337320927142888,1.0,1,1.0,0.5,1.0,1,0.6666666666666666,1.0,1.0,1,0.4,1.0,1.0,1,0.2,1.0,1.0
RCAEval,re1ob_cartservice_cpu_3,train,cpu,3,24,2,"['cartservice_cpu', 'cartservice_mem', 'recommendationservice_cpu']","['cartservice_cpu', 'cartservice_mem']",1.0,0.2406343538618004,0.088,0.088,0.044,0.088,0.231,0.08116666666666679,0.12175,0.10712827314422357,0.376,0.08239999999999978,0.206,0.14938007257913044,0.672,0.08414999999999821,0.42075,0.23337320927142888,1.0,1,1.0,0.5,1.0,1,0.6666666666666666,1.0,1.0,1,0.4,1.0,1.0,1,0.2,1.0,1.0
RCAEval,re1ob_checkoutservice_cpu_1,train,cpu,3,24,2,"['checkoutservice_cpu', 'checkoutservice_mem', 'adservice_cpu']","['checkoutservice_cpu', 'checkoutservice_mem']",1.0,0.23711630117715363,0.076,0.076,0.038,0.076,0.239,0.08316666666666679,0.12475,0.1074965098643523,0.3765,0.08249999999999978,0.20625,0.1481750177809946,0.6555,0.08204999999999844,0.41025,0.22785538243610326,1.0,1,1.0,0.5,1.0,1,0.6666666666666666,1.0,1.0,1,0.4,1.0,1.0,1,0.2,1.0,1.0
RCAEval,re1ob_checkoutservice_cpu_2,train,cpu,3,24,2,"['checkoutservice_cpu', 'checkoutservice_mem', 'frontend_cpu']","['checkoutservice_cpu', 'checkoutservice_mem']",1.0,0.23711630117715363,0.076,0.076,0.038,0.076,0.239,0.08316666666666679,0.12475,0.1074965098643523,0.3765,0.08249999999999978,0.20625,0.1481750177809946,0.6555,0.08204999999999844,0.41025,0.22785538243610326,1.0,1,1.0,0.5,1.0,1,0.6666666666666666,1.0,1.0,1,0.4,1.0,1.0,1,0.2,1.0,1.0
RCAEval,re1ob_checkoutservice_cpu_3,train,cpu,3,24,2,"['checkoutservice_cpu', 'checkoutservice_mem', 'cartservice_mem']","['checkoutservice_cpu', 'checkoutservice_mem']",1.0,0.23711630117715363,0.076,0.076,0.038,0.076,0.239,0.08316666666666679,0.12475,0.1074965098643523,0.3765,0.08249999999999978,0.20625,0.1481750177809946,0.6555,0.08204999999999844,0.41025,0.22785538243610326,1.0,1,1.0,0.5,1.0,1,0.6666666666666666,1.0,1.0,1,0.4,1.0,1.0,1,0.2,1.0,1.0
RCAEval,re1ob_currencyservice_cpu_1,train,cpu,3,24,2,"['currencyservice_cpu', 'checkoutservice_cpu', 'currencyservice_mem']","['currencyservice_cpu', 'currencyservice_mem']",0.5,0.24315888423647167,0.083,0.083,0.0415,0.083,0.2425,0.0853333333333336,0.128,0.1104310652527417,0.3935,0.08719999999999964,0.218,0.15555842563841352,0.6775,0.08394999999999815,0.41975,0.2345760261627248,1.0,1,1.0,0.5,1.0,1,0.6666666666666666,1.0,0.9197207891481876,1,0.4,1.0,0.9197207891481876,1,0.2,1.0,0.9197207891481876
RCAEval,re1ob_currencyservice_cpu_2,train,cpu,3,24,2,"['currencyservice_cpu', 'currencyservice_mem', 'frontend_cpu']","['currencyservice_cpu', 'currencyservice_mem']",1.0,0.24315888423647167,0.083,0.083,0.0415,0.083,0.2425,0.0853333333333336,0.128,0.1104310652527417,0.3935,0.08719999999999964,0.218,0.15555842563841352,0.6775,0.08394999999999815,0.41975,0.2345760261627248,1.0,1,1.0,0.5,1.0,1,0.6666666666666666,1.0,1.0,1,0.4,1.0,1.0,1,0.2,1.0,1.0
RCAEval,re1ob_currencyservice_cpu_3,train,cpu,3,24,2,"['currencyservice_cpu', 'currencyservice_mem', 'frontend_cpu']","['currencyservice_cpu', 'currencyservice_mem']",1.0,0.24315888423647167,0.083,0.083,0.0415,0.083,0.2425,0.0853333333333336,0.128,0.1104310652527417,0.3935,0.08719999999999964,0.218,0.15555842563841352,0.6775,0.08394999999999815,0.41975,0.2345760261627248,1.0,1,1.0,0.5,1.0,1,0.6666666666666666,1.0,1.0,1,0.4,1.0,1.0,1,0.2,1.0,1.0
RCAEval,re1ob_productcatalogservice_cpu_1,train,cpu,3,24,2,"['productcatalogservice_mem', 'productcatalogservice_cpu', 'frontend_cpu']","['productcatalogservice_cpu', 'productcatalogservice_mem']",1.0,0.24813370388566458,0.089,0.089,0.0445,0.089,0.248,0.08716666666666686,0.13075,0.11471931411423539,0.3805,0.08269999999999968,0.20675,0.1528692584198255,0.6785,0.08649999999999813,0.4325,0.24139551064769715,1.0,1,1.0,0.5,1.0,1,0.6666666666666666,1.0,1.0,1,0.4,1.0,1.0,1,0.2,1.0,1.0
RCAEval,re1ob_productcatalogservice_cpu_2,train,cpu,3,24,2,"['productcatalogservice_mem', 'productcatalogservice_cpu', 'currencyservice_cpu']","['productcatalogservice_cpu', 'productcatalogservice_mem']",1.0,0.24813370388566458,0.089,0.089,0.0445,0.089,0.248,0.08716666666666686,0.13075,0.11471931411423539,0.3805,0.08269999999999968,0.20675,0.1528692584198255,0.6785,0.08649999999999813,0.4325,0.24139551064769715,1.0,1,1.0,0.5,1.0,1,0.6666666666666666,1.0,1.0,1,0.4,1.0,1.0,1,0.2,1.0,1.0
RCAEval,re1ob_adservice_delay_1,train,delay,3,24,2,"['frontend_cpu', 'currencyservice_cpu', 'currencyservice_mem']","['adservice_cpu', 'adservice_mem']",0.0,0.22973780511181577,0.067,0.067,0.0335,0.067,0.235,0.08133333333333341,0.122,0.10252937784626572,0.368,0.08009999999999991,0.20025,0.14184075829362897,0.6645,0.08304999999999822,0.41525,0.22562811034669195,0.2,0,0.0,0.0,0.0,0,0.0,0.0,0.0,1,0.2,0.5,0.23719771276929622,1,0.1,0.5,0.23719771276929622
RCAEval,re1ob_adservice_delay_2,train,delay,3,24,2,"['frontend_cpu', 'frontend_mem', 'checkoutservice_mem']","['adservice_cpu', 'adservice_mem']",0.0,0.22973780511181577,0.067,0.067,0.0335,0.067,0.235,0.08133333333333341,0.122,0.10252937784626572,0.368,0.08009999999999991,0.20025,0.14184075829362897,0.6645,0.08304999999999822,0.41525,0.22562811034669195,0.25,0,0.0,0.0,0.0,0,0.0,0.0,0.0,1,0.2,0.5,0.2640681225725909,1,0.2,1.0,0.448643819352159
RCAEval,re1ob_adservice_delay_3,train,delay,3,24,2,"['frontend_cpu', 'currencyservice_cpu', 'currencyservice_mem']","['adservice_cpu', 'adservice_mem']",0.0,0.22973780511181577,0.067,0.067,0.0335,0.067,0.235,0.08133333333333341,0.122,0.10252937784626572,0.368,0.08009999999999991,0.20025,0.14184075829362897,0.6645,0.08304999999999822,0.41525,0.22562811034669195,0.25,0,0.0,0.0,0.0,0,0.0,0.0,0.0,1,0.2,0.5,0.2640681225725909,1,0.1,0.5,0.2640681225725909
RCAEval,re1ob_cartservice_delay_1,train,delay,3,24,2,"['frontend_cpu', 'productcatalogservice_mem', 'frontend_mem']","['cartservice_cpu', 'cartservice_mem']",0.0,0.2406343538618004,0.088,0.088,0.044,0.088,0.231,0.08116666666666679,0.12175,0.10712827314422357,0.376,0.08239999999999978,0.206,0.14938007257913044,0.672,0.08414999999999821,0.42075,0.23337320927142888,0.1111111111111111,0,0.0,0.0,0.0,0,0.0,0.0,0.0,0,0.0,0.0,0.0,1,0.1,0.5,0.18457569677956817
RCAEval,re1ob_cartservice_delay_2,train,delay,3,24,2,"['frontend_cpu', 'productcatalogservice_cpu', 'recommendationservice_cpu']","['cartservice_cpu', 'cartservice_mem']",0.0,0.2406343538618004,0.088,0.088,0.044,0.088,0.231,0.08116666666666679,0.12175,0.10712827314422357,0.376,0.08239999999999978,0.206,0.14938007257913044,0.672,0.08414999999999821,0.42075,0.23337320927142888,0.125,0,0.0,0.0,0.0,0,0.0,0.0,0.0,0,0.0,0.0,0.0,1,0.1,0.5,0.19342640361727081
RCAEval,re1ob_cartservice_delay_3,train,delay,3,24,2,"['frontend_cpu', 'frontend_mem', 'cartservice_mem']","['cartservice_cpu', 'cartservice_mem']",0.0,0.2406343538618004,0.088,0.088,0.044,0.088,0.231,0.08116666666666679,0.12175,0.10712827314422357,0.376,0.08239999999999978,0.206,0.14938007257913044,0.672,0.08414999999999821,0.42075,0.23337320927142888,0.3333333333333333,0,0.0,0.0,0.0,1,0.3333333333333333,0.5,0.3065735963827292,1,0.2,0.5,0.3065735963827292,1,0.1,0.5,0.3065735963827292
RCAEval,re1ob_checkoutservice_delay_1,train,delay,3,24,2,"['frontend_cpu', 'adservice_cpu', 'currencyservice_cpu']","['checkoutservice_cpu', 'checkoutservice_mem']",0.0,0.23711630117715363,0.076,0.076,0.038,0.076,0.239,0.08316666666666679,0.12475,0.1074965098643523,0.3765,0.08249999999999978,0.20625,0.1481750177809946,0.6555,0.08204999999999844,0.41025,0.22785538243610326,0.125,0,0.0,0.0,0.0,0,0.0,0.0,0.0,0,0.0,0.0,0.0,1,0.1,0.5,0.19342640361727081
RCAEval,re1ob_checkoutservice_delay_2,train,delay,3,24,2,"['frontend_cpu', 'adservice_cpu', 'paymentservice_mem']","['checkoutservice_cpu', 'checkoutservice_mem']",0.0,0.23711630117715363,0.076,0.076,0.038,0.076,0.239,0.08316666666666679,0.12475,0.1074965098643523,0.3765,0.08249999999999978,0.20625,0.1481750177809946,0.6555,0.08204999999999844,0.41025,0.22785538243610326,0.16666666666666666,0,0.0,0.0,0.0,0,0.0,0.0,0.0,0,0.0,0.0,0.0,1,0.2,1.0,0.41183384043543503
RCAEval,re1ob_checkoutservice_delay_3,train,delay,3,24,2,"['frontend_cpu', 'adservice_mem', 'adservice_cpu']","['checkoutservice_cpu', 'checkoutservice_mem']",0.0,0.23711630117715363,0.076,0.076,0.038,0.076,0.239,0.08316666666666679,0.12475,0.1074965098643523,0.3765,0.08249999999999978,0.20625,0.1481750177809946,0.6555,0.08204999999999844,0.41025,0.22785538243610326,0.07142857142857142,0,0.0,0.0,0.0,0,0.0,0.0,0.0,0,0.0,0.0,0.0,0,0.0,0.0,0.0
RCAEval,re1ob_currencyservice_delay_1,train,delay,3,24,2,"['frontend_cpu', 'frontend_mem', 'recommendationservice_cpu']","['currencyservice_cpu', 'currencyservice_mem']",0.0,0.24315888423647167,0.083,0.083,0.0415,0.083,0.2425,0.0853333333333336,0.128,0.1104310652527417,0.3935,0.08719999999999964,0.218,0.15555842563841352,0.6775,0.08394999999999815,0.41975,0.2345760261627248,0.1111111111111111,0,0.0,0.0,0.0,0,0.0,0.0,0.0,0,0.0,0.0,0.0,1,0.1,0.5,0.18457569677956817
RCAEval,re1ob_currencyservice_delay_2,train,delay,3,24,2,"['frontend_cpu', 'frontend_mem', 'cartservice_mem']","['currencyservice_cpu', 'currencyservice_mem']",0.0,0.24315888423647167,0.083,0.083,0.0415,0.083,0.2425,0.0853333333333336,0.128,0.1104310652527417,0.3935,0.08719999999999964,0.218,0.15555842563841352,0.6775,0.08394999999999815,0.41975,0.2345760261627248,0.125,0,0.0,0.0,0.0,0,0.0,0.0,0.0,0,0.0,0.0,0.0,1,0.2,1.0,0.37800210039683896
RCAEval,re1ob_currencyservice_delay_3,train,delay,3,24,2,"['frontend_cpu', 'frontend_mem', 'productcatalogservice_cpu']","['currencyservice_cpu', 'currencyservice_mem']",0.0,0.24315888423647167,0.083,0.083,0.0415,0.083,0.2425,0.0853333333333336,0.128,0.1104310652527417,0.3935,0.08719999999999964,0.218,0.15555842563841352,0.6775,0.08394999999999815,0.41975,0.2345760261627248,0.25,0,0.0,0.0,0.0,0,0.0,0.0,0.0,1,0.2,0.5,0.2640681225725909,1,0.1,0.5,0.2640681225725909
RCAEval,re1ob_productcatalogservice_delay_1,train,delay,3,24,2,"['frontend_cpu', 'recommendationservice_cpu', 'frontend_mem']","['productcatalogservice_cpu', 'productcatalogservice_mem']",0.0,0.24813370388566458,0.089,0.089,0.0445,0.089,0.248,0.08716666666666686,0.13075,0.11471931411423539,0.3805,0.08269999999999968,0.20675,0.1528692584198255,0.6785,0.08649999999999813,0.4325,0.24139551064769715,0.14285714285714285,0,0.0,0.0,0.0,0,0.0,0.0,0.0,0,0.0,0.0,0.0,1,0.1,0.5,0.20438239758848611
RCAEval,re1ob_productcatalogservice_delay_2,train,delay,3,24,2,"['frontend_cpu', 'frontend_mem', 'productcatalogservice_cpu']","['productcatalogservice_cpu', 'productcatalogservice_mem']",0.0,0.24813370388566458,0.089,0.089,0.0445,0.089,0.248,0.08716666666666686,0.13075,0.11471931411423539,0.3805,0.08269999999999968,0.20675,0.1528692584198255,0.6785,0.08649999999999813,0.4325,0.24139551064769715,0.3333333333333333,0,0.0,0.0,0.0,1,0.3333333333333333,0.5,0.3065735963827292,1,0.2,0.5,0.3065735963827292,1,0.2,1.0,0.4911492931622974
RCAEval,re1ob_productcatalogservice_delay_3,train,delay,3,24,2,"['frontend_cpu', 'frontend_mem', 'currencyservice_cpu']","['productcatalogservice_cpu', 'productcatalogservice_mem']",0.0,0.24813370388566458,0.089,0.089,0.0445,0.089,0.248,0.08716666666666686,0.13075,0.11471931411423539,0.3805,0.08269999999999968,0.20675,0.1528692584198255,0.6785,0.08649999999999813,0.4325,0.24139551064769715,0.25,0,0.0,0.0,0.0,0,0.0,0.0,0.0,1,0.2,0.5,0.2640681225725909,1,0.1,0.5,0.2640681225725909
RCAEval,re1ob_adservice_disk_1,train,disk,3,24,2,"['adservice_cpu', 'adservice_mem', 'currencyservice_cpu']","['adservice_cpu', 'adservice_mem']",1.0,0.22973780511181577,0.067,0.067,0.0335,0.067,0.235,0.08133333333333341,0.122,0.10252937784626572,0.368,0.08009999999999991,0.20025,0.14184075829362897,0.6645,0.08304999999999822,0.41525,0.22562811034669195,1.0,1,1.0,0.5,1.0,1,0.6666666666666666,1.0,1.0,1,0.4,1.0,1.0,1,0.2,1.0,1.0
RCAEval,re1ob_adservice_disk_2,train,disk,3,24,2,"['adservice_cpu', 'cartservice_cpu', 'cartservice_mem']","['adservice_cpu', 'adservice_mem']",0.5,0.22973780511181577,0.067,0.067,0.0335,0.067,0.235,0.08133333333333341,0.122,0.10252937784626572,0.368,0.08009999999999991,0.20025,0.14184075829362897,0.6645,0.08304999999999822,0.41525,0.22562811034669195,1.0,1,1.0,0.5,1.0,1,0.3333333333333333,0.5,0.6131471927654584,1,0.2,0.5,0.6131471927654584,1,0.2,1.0,0.8315546295836225
RCAEval,re1ob_adservice_disk_3,train,disk,3,24,2,"['adservice_cpu', 'cartservice_mem', 'adservice_mem']","['adservice_cpu', 'adservice_mem']",0.5,0.22973780511181577,0.067,0.067,0.0335,0.067,0.235,0.08133333333333341,0.122,0.10252937784626572,0.368,0.08009999999999991,0.20025,0.14184075829362897,0.6645,0.08304999999999822,0.41525,0.22562811034669195,1.0,1,1.0,0.5,1.0,1,0.6666666666666666,1.0,0.9197207891481876,1,0.4,1.0,0.9197207891481876,1,0.2,1.0,0.9197207891481876
RCAEval,re1ob_cartservice_disk_1,train,disk,3,24,2,"['cartservice_cpu', 'cartservice_mem', 'currencyservice_cpu']","['cartservice_cpu', 'cartservice_mem']",1.0,0.2406343538618004,0.088,0.088,0.044,0.088,0.231,0.08116666666666679,0.12175,0.10712827314422357,0.376,0.08239999999999978,0.206,0.14938007257913044,0.672,0.08414999999999821,0.42075,0.23337320927142888,1.0,1,1.0,0.5,1.0,1,0.6666666666666666,1.0,1.0,1,0.4,1.0,1.0,1,0.2,1.0,1.0
RCAEval,re1ob_cartservice_disk_2,train,disk,3,24,2,"['cartservice_cpu', 'cartservice_mem', 'frontend_cpu']","['cartservice_cpu', 'cartservice_mem']",1.0,0.2406343538618004,0.088,0.088,0.044,0.088,0.231,0.08116666666666679,0.12175,0.10712827314422357,0.376,0.08239999999999978,0.206,0.14938007257913044,0.672,0.08414999999999821,0.42075,0.23337320927142888,1.0,1,1.0,0.5,1.0,1,0.6666666666666666,1.0,1.0,1,0.4,1.0,1.0,1,0.2,1.0,1.0
RCAEval,re1ob_cartservice_disk_3,train,disk,3,24,2,"['cartservice_cpu', 'cartservice_mem', 'frontend_cpu']","['cartservice_cpu', 'cartservice_mem']",1.0,0.2406343538618004,0.088,0.088,0.044,0.088,0.231,0.08116666666666679,0.12175,0.10712827314422357,0.376,0.08239999999999978,0.206,0.14938007257913044,0.672,0.08414999999999821,0.42075,0.23337320927142888,1.0,1,1.0,0.5,1.0,1,0.6666666666666666,1.0,1.0,1,0.4,1.0,1.0,1,0.2,1.0,1.0
RCAEval,re1ob_checkoutservice_disk_1,train,disk,3,24,2,"['checkoutservice_cpu', 'checkoutservice_mem', 'adservice_cpu']","['checkoutservice_cpu', 'checkoutservice_mem']",1.0,0.23711630117715363,0.076,0.076,0.038,0.076,0.239,0.08316666666666679,0.12475,0.1074965098643523,0.3765,0.08249999999999978,0.20625,0.1481750177809946,0.6555,0.08204999999999844,0.41025,0.22785538243610326,1.0,1,1.0,0.5,1.0,1,0.6666666666666666,1.0,1.0,1,0.4,1.0,1.0,1,0.2,1.0,1.0
RCAEval,re1ob_checkoutservice_disk_2,train,disk,3,24,2,"['checkoutservice_cpu', 'checkoutservice_mem', 'adservice_cpu']","['checkoutservice_cpu', 'checkoutservice_mem']",1.0,0.23711630117715363,0.076,0.076,0.038,0.076,0.239,0.08316666666666679,0.12475,0.1074965098643523,0.3765,0.08249999999999978,0.20625,0.1481750177809946,0.6555,0.08204999999999844,0.41025,0.22785538243610326,1.0,1,1.0,0.5,1.0,1,0.6666666666666666,1.0,1.0,1,0.4,1.0,1.0,1,0.2,1.0,1.0
RCAEval,re1ob_checkoutservice_disk_3,train,disk,3,24,2,"['checkoutservice_cpu', 'checkoutservice_mem', 'currencyservice_cpu']","['checkoutservice_cpu', 'checkoutservice_mem']",1.0,0.23711630117715363,0.076,0.076,0.038,0.076,0.239,0.08316666666666679,0.12475,0.1074965098643523,0.3765,0.08249999999999978,0.20625,0.1481750177809946,0.6555,0.08204999999999844,0.41025,0.22785538243610326,1.0,1,1.0,0.5,1.0,1,0.6666666666666666,1.0,1.0,1,0.4,1.0,1.0,1,0.2,1.0,1.0
RCAEval,re1ob_currencyservice_disk_1,train,disk,3,24,2,"['currencyservice_cpu', 'frontend_cpu', 'currencyservice_mem']","['currencyservice_cpu', 'currencyservice_mem']",0.5,0.24315888423647167,0.083,0.083,0.0415,0.083,0.2425,0.0853333333333336,0.128,0.1104310652527417,0.3935,0.08719999999999964,0.218,0.15555842563841352,0.6775,0.08394999999999815,0.41975,0.2345760261627248,1.0,1,1.0,0.5,1.0,1,0.6666666666666666,1.0,0.9197207891481876,1,0.4,1.0,0.9197207891481876,1,0.2,1.0,0.9197207891481876
RCAEval,re1ob_currencyservice_disk_2,train,disk,3,24,2,"['currencyservice_cpu', 'frontend_cpu', 'currencyservice_mem']","['currencyservice_cpu', 'currencyservice_mem']",0.5,0.24315888423647167,0.083,0.083,0.0415,0.083,0.2425,0.0853333333333336,0.128,0.1104310652527417,0.3935,0.08719999999999964,0.218,0.15555842563841352,0.6775,0.08394999999999815,0.41975,0.2345760261627248,1.0,1,1.0,0.5,1.0,1,0.6666666666666666,1.0,0.9197207891481876,1,0.4,1.0,0.9197207891481876,1,0.2,1.0,0.9197207891481876
RCAEval,re1ob_currencyservice_disk_3,train,disk,3,24,2,"['currencyservice_cpu', 'currencyservice_mem', 'cartservice_mem']","['currencyservice_cpu', 'currencyservice_mem']",1.0,0.24315888423647167,0.083,0.083,0.0415,0.083,0.2425,0.0853333333333336,0.128,0.1104310652527417,0.3935,0.08719999999999964,0.218,0.15555842563841352,0.6775,0.08394999999999815,0.41975,0.2345760261627248,1.0,1,1.0,0.5,1.0,1,0.6666666666666666,1.0,1.0,1,0.4,1.0,1.0,1,0.2,1.0,1.0
RCAEval,re1ob_productcatalogservice_disk_1,train,disk,3,24,2,"['productcatalogservice_mem', 'productcatalogservice_cpu', 'frontend_cpu']","['productcatalogservice_cpu', 'productcatalogservice_mem']",1.0,0.24813370388566458,0.089,0.089,0.0445,0.089,0.248,0.08716666666666686,0.13075,0.11471931411423539,0.3805,0.08269999999999968,0.20675,0.1528692584198255,0.6785,0.08649999999999813,0.4325,0.24139551064769715,1.0,1,1.0,0.5,1.0,1,0.6666666666666666,1.0,1.0,1,0.4,1.0,1.0,1,0.2,1.0,1.0
RCAEval,re1ob_productcatalogservice_disk_2,train,disk,3,24,2,"['productcatalogservice_mem', 'productcatalogservice_cpu', 'frontend_cpu']","['productcatalogservice_cpu', 'productcatalogservice_mem']",1.0,0.24813370388566458,0.089,0.089,0.0445,0.089,0.248,0.08716666666666686,0.13075,0.11471931411423539,0.3805,0.08269999999999968,0.20675,0.1528692584198255,0.6785,0.08649999999999813,0.4325,0.24139551064769715,1.0,1,1.0,0.5,1.0,1,0.6666666666666666,1.0,1.0,1,0.4,1.0,1.0,1,0.2,1.0,1.0
RCAEval,re1ob_productcatalogservice_disk_3,train,disk,3,24,2,"['productcatalogservice_mem', 'productcatalogservice_cpu', 'frontend_cpu']","['productcatalogservice_cpu', 'productcatalogservice_mem']",1.0,0.24813370388566458,0.089,0.089,0.0445,0.089,0.248,0.08716666666666686,0.13075,0.11471931411423539,0.3805,0.08269999999999968,0.20675,0.1528692584198255,0.6785,0.08649999999999813,0.4325,0.24139551064769715,1.0,1,1.0,0.5,1.0,1,0.6666666666666666,1.0,1.0,1,0.4,1.0,1.0,1,0.2,1.0,1.0
RCAEval,re1ob_adservice_loss_1,train,loss,3,24,2,"['adservice_cpu', 'frontend_cpu', 'cartservice_mem']","['adservice_cpu', 'adservice_mem']",0.5,0.22973780511181577,0.067,0.067,0.0335,0.067,0.235,0.08133333333333341,0.122,0.10252937784626572,0.368,0.08009999999999991,0.20025,0.14184075829362897,0.6645,0.08304999999999822,0.41525,0.22562811034669195,1.0,1,1.0,0.5,1.0,1,0.3333333333333333,0.5,0.6131471927654584,1,0.2,0.5,0.6131471927654584,1,0.2,1.0,0.7977228895450266
RCAEval,re1ob_adservice_loss_2,train,loss,3,24,2,"['frontend_cpu', 'adservice_cpu', 'currencyservice_mem']","['adservice_cpu', 'adservice_mem']",0.5,0.22973780511181577,0.067,0.067,0.0335,0.067,0.235,0.08133333333333341,0.122,0.10252937784626572,0.368,0.08009999999999991,0.20025,0.14184075829362897,0.6645,0.08304999999999822,0.41525,0.22562811034669195,0.5,0,0.0,0.0,0.0,1,0.3333333333333333,0.5,0.38685280723454163,1,0.2,0.5,0.38685280723454163,1,0.2,1.0,0.6052602440527057
RCAEval,re1ob_adservice_loss_3,train,loss,3,24,2,"['frontend_cpu', 'adservice_cpu', 'adservice_mem']","['adservice_cpu', 'adservice_mem']",0.5,0.22973780511181577,0.067,0.067,0.0335,0.067,0.235,0.08133333333333341,0.122,0.10252937784626572,0.368,0.08009999999999991,0.20025,0.14184075829362897,0.6645,0.08304999999999822,0.41525,0.22562811034669195,0.5,0,0.0,0.0,0.0,1,0.6666666666666666,1.0,0.6934264036172708,1,0.4,1.0,0.6934264036172708,1,0.2,1.0,0.6934264036172708
RCAEval,re1ob_cartservice_loss_1,train,loss,3,24,2,"['frontend_cpu', 'adservice_cpu', 'cartservice_mem']","['cartservice_cpu', 'cartservice_mem']",0.0,0.2406343538618004,0.088,0.088,0.044,0.088,0.231,0.08116666666666679,0.12175,0.10712827314422357,0.376,0.08239999999999978,0.206,0.14938007257913044,0.672,0.08414999999999821,0.42075,0.23337320927142888,0.3333333333333333,0,0.0,0.0,0.0,1,0.3333333333333333,0.5,0.3065735963827292,1,0.2,0.5,0.3065735963827292,1,0.1,0.5,0.3065735963827292
RCAEval,re1ob_cartservice_loss_2,train,loss,3,24,2,"['frontend_cpu', 'recommendationservice_mem', 'checkoutservice_mem']","['cartservice_cpu', 'cartservice_mem']",0.0,0.2406343538618004,0.088,0.088,0.044,0.088,0.231,0.08116666666666679,0.12175,0.10712827314422357,0.376,0.08239999999999978,0.206,0.14938007257913044,0.672,0.08414999999999821,0.42075,0.23337320927142888,0.16666666666666666,0,0.0,0.0,0.0,0,0.0,0.0,0.0,0,0.0,0.0,0.0,1,0.1,0.5,0.21840743681816419
RCAEval,re1ob_cartservice_loss_3,train,loss,3,24,2,"['frontend_cpu', 'recommendationservice_mem', 'cartservice_mem']","['cartservice_cpu', 'cartservice_mem']",0.0,0.2406343538618004,0.088,0.088,0.044,0.088,0.231,0.08116666666666679,0.12175,0.10712827314422357,0.376,0.08239999999999978,0.206,0.14938007257913044,0.672,0.08414999999999821,0.42075,0.23337320927142888,0.3333333333333333,0,0.0,0.0,0.0,1,0.3333333333333333,0.5,0.3065735963827292,1,0.2,0.5,0.3065735963827292,1,0.1,0.5,0.3065735963827292
RCAEval,re1ob_checkoutservice_loss_1,train,loss,3,24,2,"['frontend_cpu', 'checkoutservice_mem', 'checkoutservice_cpu']","['checkoutservice_cpu', 'checkoutservice_mem']",0.5,0.23711630117715363,0.076,0.076,0.038,0.076,0.239,0.08316666666666679,0.12475,0.1074965098643523,0.3765,0.08249999999999978,0.20625,0.1481750177809946,0.6555,0.08204999999999844,0.41025,0.22785538243610326,0.5,0,0.0,0.0,0.0,1,0.6666666666666666,1.0,0.6934264036172708,1,0.4,1.0,0.6934264036172708,1,0.2,1.0,0.6934264036172708
RCAEval,re1ob_checkoutservice_loss_2,train,loss,3,24,2,"['frontend_cpu', 'checkoutservice_cpu', 'checkoutservice_mem']","['checkoutservice_cpu', 'checkoutservice_mem']",0.5,0.23711630117715363,0.076,0.076,0.038,0.076,0.239,0.08316666666666679,0.12475,0.1074965098643523,0.3765,0.08249999999999978,0.20625,0.1481750177809946,0.6555,0.08204999999999844,0.41025,0.22785538243610326,0.5,0,0.0,0.0,0.0,1,0.6666666666666666,1.0,0.6934264036172708,1,0.4,1.0,0.6934264036172708,1,0.2,1.0,0.6934264036172708
RCAEval,re1ob_checkoutservice_loss_3,train,loss,3,24,2,"['frontend_cpu', 'checkoutservice_cpu', 'checkoutservice_mem']","['checkoutservice_cpu', 'checkoutservice_mem']",0.5,0.23711630117715363,0.076,0.076,0.038,0.076,0.239,0.08316666666666679,0.12475,0.1074965098643523,0.3765,0.08249999999999978,0.20625,0.1481750177809946,0.6555,0.08204999999999844,0.41025,0.22785538243610326,0.5,0,0.0,0.0,0.0,1,0.6666666666666666,1.0,0.6934264036172708,1,0.4,1.0,0.6934264036172708,1,0.2,1.0,0.6934264036172708
RCAEval,re1ob_currencyservice_loss_2,train,loss,3,24,2,"['frontend_cpu', 'redis_cpu', 'checkoutservice_mem']","['currencyservice_cpu', 'currencyservice_mem']",0.0,0.24315888423647167,0.083,0.083,0.0415,0.083,0.2425,0.0853333333333336,0.128,0.1104310652527417,0.3935,0.08719999999999964,0.218,0.15555842563841352,0.6775,0.08394999999999815,0.41975,0.2345760261627248,0.2,0,0.0,0.0,0.0,0,0.0,0.0,0.0,1,0.2,0.5,0.23719771276929622,1,0.2,1.0,0.430624116386567
RCAEval,re1ob_currencyservice_loss_3,train,loss,3,24,2,"['frontend_cpu', 'redis_cpu', 'frontend_mem']","['currencyservice_cpu', 'currencyservice_mem']",0.0,0.24315888423647167,0.083,0.083,0.0415,0.083,0.2425,0.0853333333333336,0.128,0.1104310652527417,0.3935,0.08719999999999964,0.218,0.15555842563841352,0.6775,0.08394999999999815,0.41975,0.2345760261627248,0.16666666666666666,0,0.0,0.0,0.0,0,0.0,0.0,0.0,0,0.0,0.0,0.0,1,0.2,1.0,0.41183384043543503
RCAEval,re1ob_productcatalogservice_loss_1,train,loss,3,24,2,"['frontend_cpu', 'checkoutservice_mem', 'productcatalogservice_mem']","['productcatalogservice_cpu', 'productcatalogservice_mem']",0.0,0.24813370388566458,0.089,0.089,0.0445,0.089,0.248,0.08716666666666686,0.13075,0.11471931411423539,0.3805,0.08269999999999968,0.20675,0.1528692584198255,0.6785,0.08649999999999813,0.4325,0.24139551064769715,0.3333333333333333,0,0.0,0.0,0.0,1,0.3333333333333333,0.5,0.3065735963827292,1,0.2,0.5,0.3065735963827292,1,0.1,0.5,0.3065735963827292
RCAEval,re1ob_productcatalogservice_loss_2,train,loss,3,24,2,"['frontend_cpu', 'checkoutservice_mem', 'productcatalogservice_mem']","['productcatalogservice_cpu', 'productcatalogservice_mem']",0.0,0.24813370388566458,0.089,0.089,0.0445,0.089,0.248,0.08716666666666686,0.13075,0.11471931411423539,0.3805,0.08269999999999968,0.20675,0.1528692584198255,0.6785,0.08649999999999813,0.4325,0.24139551064769715,0.3333333333333333,0,0.0,0.0,0.0,1,0.3333333333333333,0.5,0.3065735963827292,1,0.2,0.5,0.3065735963827292,1,0.2,1.0,0.5
RCAEval,re1ob_productcatalogservice_loss_3,train,loss,3,24,2,"['productcatalogservice_mem', 'frontend_cpu', 'checkoutservice_mem']","['productcatalogservice_cpu', 'productcatalogservice_mem']",0.5,0.24813370388566458,0.089,0.089,0.0445,0.089,0.248,0.08716666666666686,0.13075,0.11471931411423539,0.3805,0.08269999999999968,0.20675,0.1528692584198255,0.6785,0.08649999999999813,0.4325,0.24139551064769715,1.0,1,1.0,0.5,1.0,1,0.3333333333333333,0.5,0.6131471927654584,1,0.2,0.5,0.6131471927654584,1,0.1,0.5,0.6131471927654584
RCAEval,re1ob_adservice_mem_1,train,mem,3,24,2,"['adservice_cpu', 'adservice_mem', 'frontend_cpu']","['adservice_cpu', 'adservice_mem']",1.0,0.22973780511181577,0.067,0.067,0.0335,0.067,0.235,0.08133333333333341,0.122,0.10252937784626572,0.368,0.08009999999999991,0.20025,0.14184075829362897,0.6645,0.08304999999999822,0.41525,0.22562811034669195,1.0,1,1.0,0.5,1.0,1,0.6666666666666666,1.0,1.0,1,0.4,1.0,1.0,1,0.2,1.0,1.0
RCAEval,re1ob_adservice_mem_2,train,mem,3,24,2,"['adservice_cpu', 'adservice_mem', 'recommendationservice_cpu']","['adservice_cpu', 'adservice_mem']",1.0,0.22973780511181577,0.067,0.067,0.0335,0.067,0.235,0.08133333333333341,0.122,0.10252937784626572,0.368,0.08009999999999991,0.20025,0.14184075829362897,0.6645,0.08304999999999822,0.41525,0.22562811034669195,1.0,1,1.0,0.5,1.0,1,0.6666666666666666,1.0,1.0,1,0.4,1.0,1.0,1,0.2,1.0,1.0
RCAEval,re1ob_adservice_mem_3,train,mem,3,24,2,"['adservice_cpu', 'currencyservice_cpu', 'adservice_mem']","['adservice_cpu', 'adservice_mem']",0.5,0.22973780511181577,0.067,0.067,0.0335,0.067,0.235,0.08133333333333341,0.122,0.10252937784626572,0.368,0.08009999999999991,0.20025,0.14184075829362897,0.6645,0.08304999999999822,0.41525,0.22562811034669195,1.0,1,1.0,0.5,1.0,1,0.6666666666666666,1.0,0.9197207891481876,1,0.4,1.0,0.9197207891481876,1,0.2,1.0,0.9197207891481876
RCAEval,re1ob_cartservice_mem_1,train,mem,3,24,2,"['cartservice_cpu', 'cartservice_mem', 'adservice_cpu']","['cartservice_cpu', 'cartservice_mem']",1.0,0.2406343538618004,0.088,0.088,0.044,0.088,0.231,0.08116666666666679,0.12175,0.10712827314422357,0.376,0.08239999999999978,0.206,0.14938007257913044,0.672,0.08414999999999821,0.42075,0.23337320927142888,1.0,1,1.0,0.5,1.0,1,0.6666666666666666,1.0,1.0,1,0.4,1.0,1.0,1,0.2,1.0,1.0
RCAEval,re1ob_cartservice_mem_2,train,mem,3,24,2,"['cartservice_cpu', 'cartservice_mem', 'redis_cpu']","['cartservice_cpu', 'cartservice_mem']",1.0,0.2406343538618004,0.088,0.088,0.044,0.088,0.231,0.08116666666666679,0.12175,0.10712827314422357,0.376,0.08239999999999978,0.206,0.14938007257913044,0.672,0.08414999999999821,0.42075,0.23337320927142888,1.0,1,1.0,0.5,1.0,1,0.6666666666666666,1.0,1.0,1,0.4,1.0,1.0,1,0.2,1.0,1.0
RCAEval,re1ob_cartservice_mem_3,train,mem,3,24,2,"['cartservice_cpu', 'cartservice_mem', 'frontend_cpu']","['cartservice_cpu', 'cartservice_mem']",1.0,0.2406343538618004,0.088,0.088,0.044,0.088,0.231,0.08116666666666679,0.12175,0.10712827314422357,0.376,0.08239999999999978,0.206,0.14938007257913044,0.672,0.08414999999999821,0.42075,0.23337320927142888,1.0,1,1.0,0.5,1.0,1,0.6666666666666666,1.0,1.0,1,0.4,1.0,1.0,1,0.2,1.0,1.0
RCAEval,re1ob_checkoutservice_mem_1,train,mem,3,24,2,"['checkoutservice_cpu', 'checkoutservice_mem', 'adservice_cpu']","['checkoutservice_cpu', 'checkoutservice_mem']",1.0,0.23711630117715363,0.076,0.076,0.038,0.076,0.239,0.08316666666666679,0.12475,0.1074965098643523,0.3765,0.08249999999999978,0.20625,0.1481750177809946,0.6555,0.08204999999999844,0.41025,0.22785538243610326,1.0,1,1.0,0.5,1.0,1,0.6666666666666666,1.0,1.0,1,0.4,1.0,1.0,1,0.2,1.0,1.0
RCAEval,re1ob_checkoutservice_mem_2,train,mem,3,24,2,"['checkoutservice_cpu', 'checkoutservice_mem', 'adservice_cpu']","['checkoutservice_cpu', 'checkoutservice_mem']",1.0,0.23711630117715363,0.076,0.076,0.038,0.076,0.239,0.08316666666666679,0.12475,0.1074965098643523,0.3765,0.08249999999999978,0.20625,0.1481750177809946,0.6555,0.08204999999999844,0.41025,0.22785538243610326,1.0,1,1.0,0.5,1.0,1,0.6666666666666666,1.0,1.0,1,0.4,1.0,1.0,1,0.2,1.0,1.0
RCAEval,re1ob_checkoutservice_mem_3,train,mem,3,24,2,"['checkoutservice_cpu', 'checkoutservice_mem', 'adservice_cpu']","['checkoutservice_cpu', 'checkoutservice_mem']",1.0,0.23711630117715363,0.076,0.076,0.038,0.076,0.239,0.08316666666666679,0.12475,0.1074965098643523,0.3765,0.08249999999999978,0.20625,0.1481750177809946,0.6555,0.08204999999999844,0.41025,0.22785538243610326,1.0,1,1.0,0.5,1.0,1,0.6666666666666666,1.0,1.0,1,0.4,1.0,1.0,1,0.2,1.0,1.0
RCAEval,re1ob_currencyservice_mem_1,train,mem,3,24,2,"['currencyservice_cpu', 'currencyservice_mem', 'frontend_cpu']","['currencyservice_cpu', 'currencyservice_mem']",1.0,0.24315888423647167,0.083,0.083,0.0415,0.083,0.2425,0.0853333333333336,0.128,0.1104310652527417,0.3935,0.08719999999999964,0.218,0.15555842563841352,0.6775,0.08394999999999815,0.41975,0.2345760261627248,1.0,1,1.0,0.5,1.0,1,0.6666666666666666,1.0,1.0,1,0.4,1.0,1.0,1,0.2,1.0,1.0
RCAEval,re1ob_currencyservice_mem_2,train,mem,3,24,2,"['currencyservice_cpu', 'frontend_cpu', 'currencyservice_mem']","['currencyservice_cpu', 'currencyservice_mem']",0.5,0.24315888423647167,0.083,0.083,0.0415,0.083,0.2425,0.0853333333333336,0.128,0.1104310652527417,0.3935,0.08719999999999964,0.218,0.15555842563841352,0.6775,0.08394999999999815,0.41975,0.2345760261627248,1.0,1,1.0,0.5,1.0,1,0.6666666666666666,1.0,0.9197207891481876,1,0.4,1.0,0.9197207891481876,1,0.2,1.0,0.9197207891481876
RCAEval,re1ob_currencyservice_mem_3,train,mem,3,24,2,"['currencyservice_cpu', 'currencyservice_mem', 'frontend_cpu']","['currencyservice_cpu', 'currencyservice_mem']",1.0,0.24315888423647167,0.083,0.083,0.0415,0.083,0.2425,0.0853333333333336,0.128,0.1104310652527417,0.3935,0.08719999999999964,0.218,0.15555842563841352,0.6775,0.08394999999999815,0.41975,0.2345760261627248,1.0,1,1.0,0.5,1.0,1,0.6666666666666666,1.0,1.0,1,0.4,1.0,1.0,1,0.2,1.0,1.0
RCAEval,re1ob_productcatalogservice_mem_1,train,mem,3,24,2,"['productcatalogservice_mem', 'productcatalogservice_cpu', 'frontend_cpu']","['productcatalogservice_cpu', 'productcatalogservice_mem']",1.0,0.24813370388566458,0.089,0.089,0.0445,0.089,0.248,0.08716666666666686,0.13075,0.11471931411423539,0.3805,0.08269999999999968,0.20675,0.1528692584198255,0.6785,0.08649999999999813,0.4325,0.24139551064769715,1.0,1,1.0,0.5,1.0,1,0.6666666666666666,1.0,1.0,1,0.4,1.0,1.0,1,0.2,1.0,1.0
RCAEval,re1ob_productcatalogservice_mem_2,train,mem,3,24,2,"['productcatalogservice_mem', 'productcatalogservice_cpu', 'frontend_cpu']","['productcatalogservice_cpu', 'productcatalogservice_mem']",1.0,0.24813370388566458,0.089,0.089,0.0445,0.089,0.248,0.08716666666666686,0.13075,0.11471931411423539,0.3805,0.08269999999999968,0.20675,0.1528692584198255,0.6785,0.08649999999999813,0.4325,0.24139551064769715,1.0,1,1.0,0.5,1.0,1,0.6666666666666666,1.0,1.0,1,0.4,1.0,1.0,1,0.2,1.0,1.0
RCAEval,re1ob_productcatalogservice_mem_3,train,mem,3,24,2,"['productcatalogservice_mem', 'productcatalogservice_cpu', 'frontend_cpu']","['productcatalogservice_cpu', 'productcatalogservice_mem']",1.0,0.24813370388566458,0.089,0.089,0.0445,0.089,0.248,0.08716666666666686,0.13075,0.11471931411423539,0.3805,0.08269999999999968,0.20675,0.1528692584198255,0.6785,0.08649999999999813,0.4325,0.24139551064769715,1.0,1,1.0,0.5,1.0,1,0.6666666666666666,1.0,1.0,1,0.4,1.0,1.0,1,0.2,1.0,1.0
RCAEval,re1ob_adservice_cpu_4,eval,cpu,3,24,2,"['adservice_cpu', 'adservice_mem', 'frontend_cpu']","['adservice_cpu', 'adservice_mem']",1.0,0.22973780511181577,0.067,0.067,0.0335,0.067,0.235,0.08133333333333341,0.122,0.10252937784626572,0.368,0.08009999999999991,0.20025,0.14184075829362897,0.6645,0.08304999999999822,0.41525,0.22562811034669195,1.0,1,1.0,0.5,1.0,1,0.6666666666666666,1.0,1.0,1,0.4,1.0,1.0,1,0.2,1.0,1.0
RCAEval,re1ob_cartservice_cpu_4,eval,cpu,3,24,2,"['cartservice_cpu', 'cartservice_mem', 'frontend_cpu']","['cartservice_cpu', 'cartservice_mem']",1.0,0.2406343538618004,0.088,0.088,0.044,0.088,0.231,0.08116666666666679,0.12175,0.10712827314422357,0.376,0.08239999999999978,0.206,0.14938007257913044,0.672,0.08414999999999821,0.42075,0.23337320927142888,1.0,1,1.0,0.5,1.0,1,0.6666666666666666,1.0,1.0,1,0.4,1.0,1.0,1,0.2,1.0,1.0
RCAEval,re1ob_checkoutservice_cpu_4,eval,cpu,3,24,2,"['checkoutservice_cpu', 'checkoutservice_mem', 'frontend_cpu']","['checkoutservice_cpu', 'checkoutservice_mem']",1.0,0.23711630117715363,0.076,0.076,0.038,0.076,0.239,0.08316666666666679,0.12475,0.1074965098643523,0.3765,0.08249999999999978,0.20625,0.1481750177809946,0.6555,0.08204999999999844,0.41025,0.22785538243610326,1.0,1,1.0,0.5,1.0,1,0.6666666666666666,1.0,1.0,1,0.4,1.0,1.0,1,0.2,1.0,1.0
RCAEval,re1ob_currencyservice_cpu_4,eval,cpu,3,24,2,"['currencyservice_cpu', 'currencyservice_mem', 'frontend_cpu']","['currencyservice_cpu', 'currencyservice_mem']",1.0,0.24315888423647167,0.083,0.083,0.0415,0.083,0.2425,0.0853333333333336,0.128,0.1104310652527417,0.3935,0.08719999999999964,0.218,0.15555842563841352,0.6775,0.08394999999999815,0.41975,0.2345760261627248,1.0,1,1.0,0.5,1.0,1,0.6666666666666666,1.0,1.0,1,0.4,1.0,1.0,1,0.2,1.0,1.0
RCAEval,re1ob_productcatalogservice_cpu_4,eval,cpu,3,24,2,"['productcatalogservice_mem', 'cartservice_cpu', 'productcatalogservice_cpu']","['productcatalogservice_cpu', 'productcatalogservice_mem']",0.5,0.24813370388566458,0.089,0.089,0.0445,0.089,0.248,0.08716666666666686,0.13075,0.11471931411423539,0.3805,0.08269999999999968,0.20675,0.1528692584198255,0.6785,0.08649999999999813,0.4325,0.24139551064769715,1.0,1,1.0,0.5,1.0,1,0.6666666666666666,1.0,0.9197207891481876,1,0.4,1.0,0.9197207891481876,1,0.2,1.0,0.9197207891481876
RCAEval,re1ob_adservice_delay_4,eval,delay,3,24,2,"['frontend_cpu', 'adservice_cpu', 'currencyservice_cpu']","['adservice_cpu', 'adservice_mem']",0.5,0.22973780511181577,0.067,0.067,0.0335,0.067,0.235,0.08133333333333341,0.122,0.10252937784626572,0.368,0.08009999999999991,0.20025,0.14184075829362897,0.6645,0.08304999999999822,0.41525,0.22562811034669195,0.5,0,0.0,0.0,0.0,1,0.3333333333333333,0.5,0.38685280723454163,1,0.2,0.5,0.38685280723454163,1,0.1,0.5,0.38685280723454163
RCAEval,re1ob_cartservice_delay_4,eval,delay,3,24,2,"['frontend_cpu', 'productcatalogservice_mem', 'frontend_mem']","['cartservice_cpu', 'cartservice_mem']",0.0,0.2406343538618004,0.088,0.088,0.044,0.088,0.231,0.08116666666666679,0.12175,0.10712827314422357,0.376,0.08239999999999978,0.206,0.14938007257913044,0.672,0.08414999999999821,0.42075,0.23337320927142888,0.07692307692307693,0,0.0,0.0,0.0,0,0.0,0.0,0.0,0,0.0,0.0,0.0,0,0.0,0.0,0.0
RCAEval,re1ob_checkoutservice_delay_4,eval,delay,3,24,2,"['frontend_cpu', 'currencyservice_mem', 'adservice_cpu']","['checkoutservice_cpu', 'checkoutservice_mem']",0.0,0.23711630117715363,0.076,0.076,0.038,0.076,0.239,0.08316666666666679,0.12475,0.1074965098643523,0.3765,0.08249999999999978,0.20625,0.1481750177809946,0.6555,0.08204999999999844,0.41025,0.22785538243610326,0.125,0,0.0,0.0,0.0,0,0.0,0.0,0.0,0,0.0,0.0,0.0,1,0.1,0.5,0.19342640361727081
RCAEval,re1ob_currencyservice_delay_4,eval,delay,3,24,2,"['frontend_cpu', 'checkoutservice_cpu', 'productcatalogservice_cpu']","['currencyservice_cpu', 'currencyservice_mem']",0.0,0.24315888423647167,0.083,0.083,0.0415,0.083,0.2425,0.0853333333333336,0.128,0.1104310652527417,0.3935,0.08719999999999964,0.218,0.15555842563841352,0.6775,0.08394999999999815,0.41975,0.2345760261627248,0.2,0,0.0,0.0,0.0,0,0.0,0.0,0.0,1,0.2,0.5,0.23719771276929622,1,0.2,1.0,0.45560514958746035
RCAEval,re1ob_productcatalogservice_delay_4,eval,delay,3,24,2,"['frontend_cpu', 'adservice_cpu', 'frontend_mem']","['productcatalogservice_cpu', 'productcatalogservice_mem']",0.0,0.24813370388566458,0.089,0.089,0.0445,0.089,0.248,0.08716666666666686,0.13075,0.11471931411423539,0.3805,0.08269999999999968,0.20675,0.1528692584198255,0.6785,0.08649999999999813,0.4325,0.24139551064769715,0.25,0,0.0,0.0,0.0,0,0.0,0.0,0.0,1,0.2,0.5,0.2640681225725909,1,0.1,0.5,0.2640681225725909
RCAEval,re1ob_adservice_disk_4,eval,disk,3,24,2,"['adservice_cpu', 'cartservice_cpu', 'adservice_mem']","['adservice_cpu', 'adservice_mem']",0.5,0.22973780511181577,0.067,0.067,0.0335,0.067,0.235,0.08133333333333341,0.122,0.10252937784626572,0.368,0.08009999999999991,0.20025,0.14184075829362897,0.6645,0.08304999999999822,0.41525,0.22562811034669195,1.0,1,1.0,0.5,1.0,1,0.6666666666666666,1.0,0.9197207891481876,1,0.4,1.0,0.9197207891481876,1,0.2,1.0,0.9197207891481876
RCAEval,re1ob_cartservice_disk_4,eval,disk,3,24,2,"['cartservice_cpu', 'cartservice_mem', 'currencyservice_cpu']","['cartservice_cpu', 'cartservice_mem']",1.0,0.2406343538618004,0.088,0.088,0.044,0.088,0.231,0.08116666666666679,0.12175,0.10712827314422357,0.376,0.08239999999999978,0.206,0.14938007257913044,0.672,0.08414999999999821,0.42075,0.23337320927142888,1.0,1,1.0,0.5,1.0,1,0.6666666666666666,1.0,1.0,1,0.4,1.0,1.0,1,0.2,1.0,1.0
RCAEval,re1ob_checkoutservice_disk_4,eval,disk,3,24,2,"['checkoutservice_cpu', 'checkoutservice_mem', 'currencyservice_cpu']","['checkoutservice_cpu', 'checkoutservice_mem']",1.0,0.23711630117715363,0.076,0.076,0.038,0.076,0.239,0.08316666666666679,0.12475,0.1074965098643523,0.3765,0.08249999999999978,0.20625,0.1481750177809946,0.6555,0.08204999999999844,0.41025,0.22785538243610326,1.0,1,1.0,0.5,1.0,1,0.6666666666666666,1.0,1.0,1,0.4,1.0,1.0,1,0.2,1.0,1.0
RCAEval,re1ob_currencyservice_disk_4,eval,disk,3,24,2,"['currencyservice_cpu', 'frontend_cpu', 'currencyservice_mem']","['currencyservice_cpu', 'currencyservice_mem']",0.5,0.24315888423647167,0.083,0.083,0.0415,0.083,0.2425,0.0853333333333336,0.128,0.1104310652527417,0.3935,0.08719999999999964,0.218,0.15555842563841352,0.6775,0.08394999999999815,0.41975,0.2345760261627248,1.0,1,1.0,0.5,1.0,1,0.6666666666666666,1.0,0.9197207891481876,1,0.4,1.0,0.9197207891481876,1,0.2,1.0,0.9197207891481876
RCAEval,re1ob_productcatalogservice_disk_4,eval,disk,3,24,2,"['productcatalogservice_mem', 'productcatalogservice_cpu', 'frontend_cpu']","['productcatalogservice_cpu', 'productcatalogservice_mem']",1.0,0.24813370388566458,0.089,0.089,0.0445,0.089,0.248,0.08716666666666686,0.13075,0.11471931411423539,0.3805,0.08269999999999968,0.20675,0.1528692584198255,0.6785,0.08649999999999813,0.4325,0.24139551064769715,1.0,1,1.0,0.5,1.0,1,0.6666666666666666,1.0,1.0,1,0.4,1.0,1.0,1,0.2,1.0,1.0
RCAEval,re1ob_adservice_loss_4,eval,loss,3,24,2,"['adservice_mem', 'recommendationservice_mem', 'frontend_cpu']","['adservice_cpu', 'adservice_mem']",0.5,0.22973780511181577,0.067,0.067,0.0335,0.067,0.235,0.08133333333333341,0.122,0.10252937784626572,0.368,0.08009999999999991,0.20025,0.14184075829362897,0.6645,0.08304999999999822,0.41525,0.22562811034669195,1.0,1,1.0,0.5,1.0,1,0.3333333333333333,0.5,0.6131471927654584,1,0.4,1.0,0.8772153153380493,1,0.2,1.0,0.8772153153380493
RCAEval,re1ob_cartservice_loss_4,eval,loss,3,24,2,"['frontend_cpu', 'checkoutservice_mem', 'recommendationservice_cpu']","['cartservice_cpu', 'cartservice_mem']",0.0,0.2406343538618004,0.088,0.088,0.044,0.088,0.231,0.08116666666666679,0.12175,0.10712827314422357,0.376,0.08239999999999978,0.206,0.14938007257913044,0.672,0.08414999999999821,0.42075,0.23337320927142888,0.06666666666666667,0,0.0,0.0,0.0,0,0.0,0.0,0.0,0,0.0,0.0,0.0,0,0.0,0.0,0.0
RCAEval,re1ob_checkoutservice_loss_4,eval,loss,3,24,2,"['frontend_cpu', 'checkoutservice_cpu', 'recommendationservice_cpu']","['checkoutservice_cpu', 'checkoutservice_mem']",0.5,0.23711630117715363,0.076,0.076,0.038,0.076,0.239,0.08316666666666679,0.12475,0.1074965098643523,0.3765,0.08249999999999978,0.20625,0.1481750177809946,0.6555,0.08204999999999844,0.41025,0.22785538243610326,0.5,0,0.0,0.0,0.0,1,0.3333333333333333,0.5,0.38685280723454163,1,0.4,1.0,0.6509209298071326,1,0.2,1.0,0.6509209298071326
RCAEval,re1ob_currencyservice_loss_4,eval,loss,3,24,2,"['frontend_cpu', 'recommendationservice_cpu', 'recommendationservice_mem']","['currencyservice_cpu', 'currencyservice_mem']",0.0,0.24315888423647167,0.083,0.083,0.0415,0.083,0.2425,0.0853333333333336,0.128,0.1104310652527417,0.3935,0.08719999999999964,0.218,0.15555842563841352,0.6775,0.08394999999999815,0.41975,0.2345760261627248,0.125,0,0.0,0.0,0.0,0,0.0,0.0,0.0,0,0.0,0.0,0.0,1,0.1,0.5,0.19342640361727081
RCAEval,re1ob_productcatalogservice_loss_4,eval,loss,3,24,2,"['frontend_cpu', 'currencyservice_cpu', 'productcatalogservice_mem']","['productcatalogservice_cpu', 'productcatalogservice_mem']",0.0,0.24813370388566458,0.089,0.089,0.0445,0.089,0.248,0.08716666666666686,0.13075,0.11471931411423539,0.3805,0.08269999999999968,0.20675,0.1528692584198255,0.6785,0.08649999999999813,0.4325,0.24139551064769715,0.3333333333333333,0,0.0,0.0,0.0,1,0.3333333333333333,0.5,0.3065735963827292,1,0.2,0.5,0.3065735963827292,1,0.1,0.5,0.3065735963827292
RCAEval,re1ob_adservice_mem_4,eval,mem,3,24,2,"['adservice_cpu', 'adservice_mem', 'frontend_cpu']","['adservice_cpu', 'adservice_mem']",1.0,0.22973780511181577,0.067,0.067,0.0335,0.067,0.235,0.08133333333333341,0.122,0.10252937784626572,0.368,0.08009999999999991,0.20025,0.14184075829362897,0.6645,0.08304999999999822,0.41525,0.22562811034669195,1.0,1,1.0,0.5,1.0,1,0.6666666666666666,1.0,1.0,1,0.4,1.0,1.0,1,0.2,1.0,1.0
RCAEval,re1ob_cartservice_mem_4,eval,mem,3,24,2,"['cartservice_cpu', 'adservice_cpu', 'cartservice_mem']","['cartservice_cpu', 'cartservice_mem']",0.5,0.2406343538618004,0.088,0.088,0.044,0.088,0.231,0.08116666666666679,0.12175,0.10712827314422357,0.376,0.08239999999999978,0.206,0.14938007257913044,0.672,0.08414999999999821,0.42075,0.23337320927142888,1.0,1,1.0,0.5,1.0,1,0.6666666666666666,1.0,0.9197207891481876,1,0.4,1.0,0.9197207891481876,1,0.2,1.0,0.9197207891481876
RCAEval,re1ob_checkoutservice_mem_4,eval,mem,3,24,2,"['checkoutservice_cpu', 'checkoutservice_mem', 'currencyservice_cpu']","['checkoutservice_cpu', 'checkoutservice_mem']",1.0,0.23711630117715363,0.076,0.076,0.038,0.076,0.239,0.08316666666666679,0.12475,0.1074965098643523,0.3765,0.08249999999999978,0.20625,0.1481750177809946,0.6555,0.08204999999999844,0.41025,0.22785538243610326,1.0,1,1.0,0.5,1.0,1,0.6666666666666666,1.0,1.0,1,0.4,1.0,1.0,1,0.2,1.0,1.0
RCAEval,re1ob_currencyservice_mem_4,eval,mem,3,24,2,"['currencyservice_cpu', 'currencyservice_mem', 'frontend_cpu']","['currencyservice_cpu', 'currencyservice_mem']",1.0,0.24315888423647167,0.083,0.083,0.0415,0.083,0.2425,0.0853333333333336,0.128,0.1104310652527417,0.3935,0.08719999999999964,0.218,0.15555842563841352,0.6775,0.08394999999999815,0.41975,0.2345760261627248,1.0,1,1.0,0.5,1.0,1,0.6666666666666666,1.0,1.0,1,0.4,1.0,1.0,1,0.2,1.0,1.0
RCAEval,re1ob_productcatalogservice_mem_4,eval,mem,3,24,2,"['productcatalogservice_mem', 'productcatalogservice_cpu', 'frontend_cpu']","['productcatalogservice_cpu', 'productcatalogservice_mem']",1.0,0.24813370388566458,0.089,0.089,0.0445,0.089,0.248,0.08716666666666686,0.13075,0.11471931411423539,0.3805,0.08269999999999968,0.20675,0.1528692584198255,0.6785,0.08649999999999813,0.4325,0.24139551064769715,1.0,1,1.0,0.5,1.0,1,0.6666666666666666,1.0,1.0,1,0.4,1.0,1.0,1,0.2,1.0,1.0
RCAEval,re1ob_adservice_cpu_5,calib,cpu,3,24,2,"['adservice_cpu', 'adservice_mem', 'redis_cpu']","['adservice_cpu', 'adservice_mem']",1.0,0.22973780511181577,0.067,0.067,0.0335,0.067,0.235,0.08133333333333341,0.122,0.10252937784626572,0.368,0.08009999999999991,0.20025,0.14184075829362897,0.6645,0.08304999999999822,0.41525,0.22562811034669195,1.0,1,1.0,0.5,1.0,1,0.6666666666666666,1.0,1.0,1,0.4,1.0,1.0,1,0.2,1.0,1.0
RCAEval,re1ob_cartservice_cpu_5,calib,cpu,3,24,2,"['cartservice_cpu', 'cartservice_mem', 'frontend_cpu']","['cartservice_cpu', 'cartservice_mem']",1.0,0.2406343538618004,0.088,0.088,0.044,0.088,0.231,0.08116666666666679,0.12175,0.10712827314422357,0.376,0.08239999999999978,0.206,0.14938007257913044,0.672,0.08414999999999821,0.42075,0.23337320927142888,1.0,1,1.0,0.5,1.0,1,0.6666666666666666,1.0,1.0,1,0.4,1.0,1.0,1,0.2,1.0,1.0
RCAEval,re1ob_checkoutservice_cpu_5,calib,cpu,3,24,2,"['checkoutservice_cpu', 'checkoutservice_mem', 'frontend_cpu']","['checkoutservice_cpu', 'checkoutservice_mem']",1.0,0.23711630117715363,0.076,0.076,0.038,0.076,0.239,0.08316666666666679,0.12475,0.1074965098643523,0.3765,0.08249999999999978,0.20625,0.1481750177809946,0.6555,0.08204999999999844,0.41025,0.22785538243610326,1.0,1,1.0,0.5,1.0,1,0.6666666666666666,1.0,1.0,1,0.4,1.0,1.0,1,0.2,1.0,1.0
RCAEval,re1ob_currencyservice_cpu_5,calib,cpu,3,24,2,"['currencyservice_cpu', 'adservice_mem', 'currencyservice_mem']","['currencyservice_cpu', 'currencyservice_mem']",0.5,0.24315888423647167,0.083,0.083,0.0415,0.083,0.2425,0.0853333333333336,0.128,0.1104310652527417,0.3935,0.08719999999999964,0.218,0.15555842563841352,0.6775,0.08394999999999815,0.41975,0.2345760261627248,1.0,1,1.0,0.5,1.0,1,0.6666666666666666,1.0,0.9197207891481876,1,0.4,1.0,0.9197207891481876,1,0.2,1.0,0.9197207891481876
RCAEval,re1ob_productcatalogservice_cpu_5,calib,cpu,3,24,2,"['productcatalogservice_mem', 'productcatalogservice_cpu', 'frontend_cpu']","['productcatalogservice_cpu', 'productcatalogservice_mem']",1.0,0.24813370388566458,0.089,0.089,0.0445,0.089,0.248,0.08716666666666686,0.13075,0.11471931411423539,0.3805,0.08269999999999968,0.20675,0.1528692584198255,0.6785,0.08649999999999813,0.4325,0.24139551064769715,1.0,1,1.0,0.5,1.0,1,0.6666666666666666,1.0,1.0,1,0.4,1.0,1.0,1,0.2,1.0,1.0
RCAEval,re1ob_adservice_delay_5,calib,delay,3,24,2,"['frontend_cpu', 'currencyservice_mem', 'adservice_cpu']","['adservice_cpu', 'adservice_mem']",0.0,0.22973780511181577,0.067,0.067,0.0335,0.067,0.235,0.08133333333333341,0.122,0.10252937784626572,0.368,0.08009999999999991,0.20025,0.14184075829362897,0.6645,0.08304999999999822,0.41525,0.22562811034669195,0.3333333333333333,0,0.0,0.0,0.0,1,0.3333333333333333,0.5,0.3065735963827292,1,0.2,0.5,0.3065735963827292,1,0.2,1.0,0.5109559939712153
RCAEval,re1ob_cartservice_delay_5,calib,delay,3,24,2,"['frontend_cpu', 'productcatalogservice_cpu', 'checkoutservice_cpu']","['cartservice_cpu', 'cartservice_mem']",0.0,0.2406343538618004,0.088,0.088,0.044,0.088,0.231,0.08116666666666679,0.12175,0.10712827314422357,0.376,0.08239999999999978,0.206,0.14938007257913044,0.672,0.08414999999999821,0.42075,0.23337320927142888,0.125,0,0.0,0.0,0.0,0,0.0,0.0,0.0,0,0.0,0.0,0.0,1,0.1,0.5,0.19342640361727081
RCAEval,re1ob_checkoutservice_delay_5,calib,delay,3,24,2,"['frontend_cpu', 'currencyservice_cpu', 'adservice_cpu']","['checkoutservice_cpu', 'checkoutservice_mem']",0.0,0.23711630117715363,0.076,0.076,0.038,0.076,0.239,0.08316666666666679,0.12475,0.1074965098643523,0.3765,0.08249999999999978,0.20625,0.1481750177809946,0.6555,0.08204999999999844,0.41025,0.22785538243610326,0.25,0,0.0,0.0,0.0,0,0.0,0.0,0.0,1,0.2,0.5,0.2640681225725909,1,0.1,0.5,0.2640681225725909
RCAEval,re1ob_currencyservice_delay_5,calib,delay,3,24,2,"['frontend_cpu', 'recommendationservice_cpu', 'currencyservice_mem']","['currencyservice_cpu', 'currencyservice_mem']",0.0,0.24315888423647167,0.083,0.083,0.0415,0.083,0.2425,0.0853333333333336,0.128,0.1104310652527417,0.3935,0.08719999999999964,0.218,0.15555842563841352,0.6775,0.08394999999999815,0.41975,0.2345760261627248,0.3333333333333333,0,0.0,0.0,0.0,1,0.3333333333333333,0.5,0.3065735963827292,1,0.2,0.5,0.3065735963827292,1,0.2,1.0,0.5109559939712153
RCAEval,re1ob_productcatalogservice_delay_5,calib,delay,3,24,2,"['frontend_cpu', 'currencyservice_cpu', 'frontend_mem']","['productcatalogservice_cpu', 'productcatalogservice_mem']",0.0,0.24813370388566458,0.089,0.089,0.0445,0.089,0.248,0.08716666666666686,0.13075,0.11471931411423539,0.3805,0.08269999999999968,0.20675,0.1528692584198255,0.6785,0.08649999999999813,0.4325,0.24139551064769715,0.25,0,0.0,0.0,0.0,0,0.0,0.0,0.0,1,0.2,0.5,0.2640681225725909,1,0.2,1.0,0.448643819352159
RCAEval,re1ob_adservice_disk_5,calib,disk,3,24,2,"['adservice_cpu', 'adservice_mem', 'cartservice_mem']","['adservice_cpu', 'adservice_mem']",1.0,0.22973780511181577,0.067,0.067,0.0335,0.067,0.235,0.08133333333333341,0.122,0.10252937784626572,0.368,0.08009999999999991,0.20025,0.14184075829362897,0.6645,0.08304999999999822,0.41525,0.22562811034669195,1.0,1,1.0,0.5,1.0,1,0.6666666666666666,1.0,1.0,1,0.4,1.0,1.0,1,0.2,1.0,1.0
RCAEval,re1ob_cartservice_disk_5,calib,disk,3,24,2,"['cartservice_cpu', 'frontend_cpu', 'cartservice_mem']","['cartservice_cpu', 'cartservice_mem']",0.5,0.2406343538618004,0.088,0.088,0.044,0.088,0.231,0.08116666666666679,0.12175,0.10712827314422357,0.376,0.08239999999999978,0.206,0.14938007257913044,0.672,0.08414999999999821,0.42075,0.23337320927142888,1.0,1,1.0,0.5,1.0,1,0.6666666666666666,1.0,0.9197207891481876,1,0.4,1.0,0.9197207891481876,1,0.2,1.0,0.9197207891481876
RCAEval,re1ob_checkoutservice_disk_5,calib,disk,3,24,2,"['checkoutservice_cpu', 'checkoutservice_mem', 'currencyservice_cpu']","['checkoutservice_cpu', 'checkoutservice_mem']",1.0,0.23711630117715363,0.076,0.076,0.038,0.076,0.239,0.08316666666666679,0.12475,0.1074965098643523,0.3765,0.08249999999999978,0.20625,0.1481750177809946,0.6555,0.08204999999999844,0.41025,0.22785538243610326,1.0,1,1.0,0.5,1.0,1,0.6666666666666666,1.0,1.0,1,0.4,1.0,1.0,1,0.2,1.0,1.0
RCAEval,re1ob_currencyservice_disk_5,calib,disk,3,24,2,"['currencyservice_cpu', 'currencyservice_mem', 'adservice_cpu']","['currencyservice_cpu', 'currencyservice_mem']",1.0,0.24315888423647167,0.083,0.083,0.0415,0.083,0.2425,0.0853333333333336,0.128,0.1104310652527417,0.3935,0.08719999999999964,0.218,0.15555842563841352,0.6775,0.08394999999999815,0.41975,0.2345760261627248,1.0,1,1.0,0.5,1.0,1,0.6666666666666666,1.0,1.0,1,0.4,1.0,1.0,1,0.2,1.0,1.0
RCAEval,re1ob_productcatalogservice_disk_5,calib,disk,3,24,2,"['productcatalogservice_mem', 'productcatalogservice_cpu', 'cartservice_cpu']","['productcatalogservice_cpu', 'productcatalogservice_mem']",1.0,0.24813370388566458,0.089,0.089,0.0445,0.089,0.248,0.08716666666666686,0.13075,0.11471931411423539,0.3805,0.08269999999999968,0.20675,0.1528692584198255,0.6785,0.08649999999999813,0.4325,0.24139551064769715,1.0,1,1.0,0.5,1.0,1,0.6666666666666666,1.0,1.0,1,0.4,1.0,1.0,1,0.2,1.0,1.0
RCAEval,re1ob_adservice_loss_5,calib,loss,3,24,2,"['frontend_cpu', 'adservice_cpu', 'adservice_mem']","['adservice_cpu', 'adservice_mem']",0.5,0.22973780511181577,0.067,0.067,0.0335,0.067,0.235,0.08133333333333341,0.122,0.10252937784626572,0.368,0.08009999999999991,0.20025,0.14184075829362897,0.6645,0.08304999999999822,0.41525,0.22562811034669195,0.5,0,0.0,0.0,0.0,1,0.6666666666666666,1.0,0.6934264036172708,1,0.4,1.0,0.6934264036172708,1,0.2,1.0,0.6934264036172708
RCAEval,re1ob_cartservice_loss_5,calib,loss,3,24,2,"['frontend_cpu', 'redis_cpu', 'recommendationservice_cpu']","['cartservice_cpu', 'cartservice_mem']",0.0,0.2406343538618004,0.088,0.088,0.044,0.088,0.231,0.08116666666666679,0.12175,0.10712827314422357,0.376,0.08239999999999978,0.206,0.14938007257913044,0.672,0.08414999999999821,0.42075,0.23337320927142888,0.1,0,0.0,0.0,0.0,0,0.0,0.0,0.0,0,0.0,0.0,0.0,1,0.1,0.5,0.17723928678404774
RCAEval,re1ob_checkoutservice_loss_5,calib,loss,3,24,2,"['frontend_cpu', 'checkoutservice_cpu', 'checkoutservice_mem']","['checkoutservice_cpu', 'checkoutservice_mem']",0.5,0.23711630117715363,0.076,0.076,0.038,0.076,0.239,0.08316666666666679,0.12475,0.1074965098643523,0.3765,0.08249999999999978,0.20625,0.1481750177809946,0.6555,0.08204999999999844,0.41025,0.22785538243610326,0.5,0,0.0,0.0,0.0,1,0.6666666666666666,1.0,0.6934264036172708,1,0.4,1.0,0.6934264036172708,1,0.2,1.0,0.6934264036172708
RCAEval,re1ob_currencyservice_loss_5,calib,loss,3,24,2,"['frontend_cpu', 'redis_cpu', 'checkoutservice_mem']","['currencyservice_cpu', 'currencyservice_mem']",0.0,0.24315888423647167,0.083,0.083,0.0415,0.083,0.2425,0.0853333333333336,0.128,0.1104310652527417,0.3935,0.08719999999999964,0.218,0.15555842563841352,0.6775,0.08394999999999815,0.41975,0.2345760261627248,0.14285714285714285,0,0.0,0.0,0.0,0,0.0,0.0,0.0,0,0.0,0.0,0.0,1,0.1,0.5,0.20438239758848611
RCAEval,re1ob_productcatalogservice_loss_5,calib,loss,3,24,2,"['productcatalogservice_mem', 'frontend_cpu', 'currencyservice_cpu']","['productcatalogservice_cpu', 'productcatalogservice_mem']",0.5,0.24813370388566458,0.089,0.089,0.0445,0.089,0.248,0.08716666666666686,0.13075,0.11471931411423539,0.3805,0.08269999999999968,0.20675,0.1528692584198255,0.6785,0.08649999999999813,0.4325,0.24139551064769715,1.0,1,1.0,0.5,1.0,1,0.3333333333333333,0.5,0.6131471927654584,1,0.2,0.5,0.6131471927654584,1,0.2,1.0,0.8065735963827293
RCAEval,re1ob_adservice_mem_5,calib,mem,3,24,2,"['adservice_cpu', 'productcatalogservice_mem', 'adservice_mem']","['adservice_cpu', 'adservice_mem']",0.5,0.22973780511181577,0.067,0.067,0.0335,0.067,0.235,0.08133333333333341,0.122,0.10252937784626572,0.368,0.08009999999999991,0.20025,0.14184075829362897,0.6645,0.08304999999999822,0.41525,0.22562811034669195,1.0,1,1.0,0.5,1.0,1,0.6666666666666666,1.0,0.9197207891481876,1,0.4,1.0,0.9197207891481876,1,0.2,1.0,0.9197207891481876
RCAEval,re1ob_cartservice_mem_5,calib,mem,3,24,2,"['cartservice_cpu', 'cartservice_mem', 'frontend_cpu']","['cartservice_cpu', 'cartservice_mem']",1.0,0.2406343538618004,0.088,0.088,0.044,0.088,0.231,0.08116666666666679,0.12175,0.10712827314422357,0.376,0.08239999999999978,0.206,0.14938007257913044,0.672,0.08414999999999821,0.42075,0.23337320927142888,1.0,1,1.0,0.5,1.0,1,0.6666666666666666,1.0,1.0,1,0.4,1.0,1.0,1,0.2,1.0,1.0
RCAEval,re1ob_checkoutservice_mem_5,calib,mem,3,24,2,"['checkoutservice_cpu', 'checkoutservice_mem', 'frontend_cpu']","['checkoutservice_cpu', 'checkoutservice_mem']",1.0,0.23711630117715363,0.076,0.076,0.038,0.076,0.239,0.08316666666666679,0.12475,0.1074965098643523,0.3765,0.08249999999999978,0.20625,0.1481750177809946,0.6555,0.08204999999999844,0.41025,0.22785538243610326,1.0,1,1.0,0.5,1.0,1,0.6666666666666666,1.0,1.0,1,0.4,1.0,1.0,1,0.2,1.0,1.0
RCAEval,re1ob_currencyservice_mem_5,calib,mem,3,24,2,"['currencyservice_cpu', 'currencyservice_mem', 'frontend_cpu']","['currencyservice_cpu', 'currencyservice_mem']",1.0,0.24315888423647167,0.083,0.083,0.0415,0.083,0.2425,0.0853333333333336,0.128,0.1104310652527417,0.3935,0.08719999999999964,0.218,0.15555842563841352,0.6775,0.08394999999999815,0.41975,0.2345760261627248,1.0,1,1.0,0.5,1.0,1,0.6666666666666666,1.0,1.0,1,0.4,1.0,1.0,1,0.2,1.0,1.0
RCAEval,re1ob_productcatalogservice_mem_5,calib,mem,3,24,2,"['productcatalogservice_mem', 'checkoutservice_cpu', 'productcatalogservice_cpu']","['productcatalogservice_cpu', 'productcatalogservice_mem']",0.5,0.24813370388566458,0.089,0.089,0.0445,0.089,0.248,0.08716666666666686,0.13075,0.11471931411423539,0.3805,0.08269999999999968,0.20675,0.1528692584198255,0.6785,0.08649999999999813,0.4325,0.24139551064769715,1.0,1,1.0,0.5,1.0,1,0.6666666666666666,1.0,0.9197207891481876,1,0.4,1.0,0.9197207891481876,1,0.2,1.0,0.9197207891481876
RCAEval,re1ob_adservice_cpu_1,train,cpu,4,24,2,"['adservice_cpu', 'adservice_mem', 'frontend_cpu']","['adservice_cpu', 'adservice_mem']",1.0,0.24241004243126255,0.0835,0.0835,0.04175,0.0835,0.24,0.08416666666666683,0.12625,0.10987260091242669,0.39,0.08539999999999964,0.2135,0.15370880908276893,0.6675,0.08239999999999825,0.412,0.23114609293653907,1.0,1,1.0,0.5,1.0,1,0.6666666666666666,1.0,1.0,1,0.4,1.0,1.0,1,0.2,1.0,1.0
RCAEval,re1ob_adservice_cpu_2,train,cpu,4,24,2,"['adservice_cpu', 'adservice_mem', 'frontend_cpu']","['adservice_cpu', 'adservice_mem']",1.0,0.24241004243126255,0.0835,0.0835,0.04175,0.0835,0.24,0.08416666666666683,0.12625,0.10987260091242669,0.39,0.08539999999999964,0.2135,0.15370880908276893,0.6675,0.08239999999999825,0.412,0.23114609293653907,1.0,1,1.0,0.5,1.0,1,0.6666666666666666,1.0,1.0,1,0.4,1.0,1.0,1,0.2,1.0,1.0
RCAEval,re1ob_adservice_cpu_3,train,cpu,4,24,2,"['adservice_cpu', 'adservice_mem', 'currencyservice_cpu']","['adservice_cpu', 'adservice_mem']",1.0,0.24241004243126255,0.0835,0.0835,0.04175,0.0835,0.24,0.08416666666666683,0.12625,0.10987260091242669,0.39,0.08539999999999964,0.2135,0.15370880908276893,0.6675,0.08239999999999825,0.412,0.23114609293653907,1.0,1,1.0,0.5,1.0,1,0.6666666666666666,1.0,1.0,1,0.4,1.0,1.0,1,0.2,1.0,1.0
RCAEval,re1ob_cartservice_cpu_1,train,cpu,4,24,2,"['cartservice_cpu', 'cartservice_mem', 'adservice_cpu']","['cartservice_cpu', 'cartservice_mem']",1.0,0.22441242410176768,0.0655,0.0655,0.03275,0.0655,0.217,0.07549999999999993,0.11325,0.09537987253593914,0.365,0.08089999999999993,0.20225,0.14010001352058024,0.6685,0.08334999999999824,0.41675,0.2237434194273227,1.0,1,1.0,0.5,1.0,1,0.6666666666666666,1.0,1.0,1,0.4,1.0,1.0,1,0.2,1.0,1.0
RCAEval,re1ob_cartservice_cpu_2,train,cpu,4,24,2,"['cartservice_cpu', 'cartservice_mem', 'currencyservice_mem']","['cartservice_cpu', 'cartservice_mem']",1.0,0.22441242410176768,0.0655,0.0655,0.03275,0.0655,0.217,0.07549999999999993,0.11325,0.09537987253593914,0.365,0.08089999999999993,0.20225,0.14010001352058024,0.6685,0.08334999999999824,0.41675,0.2237434194273227,1.0,1,1.0,0.5,1.0,1,0.6666666666666666,1.0,1.0,1,0.4,1.0,1.0,1,0.2,1.0,1.0
RCAEval,re1ob_cartservice_cpu_3,train,cpu,4,24,2,"['cartservice_cpu', 'cartservice_mem', 'currencyservice_mem']","['cartservice_cpu', 'cartservice_mem']",1.0,0.22441242410176768,0.0655,0.0655,0.03275,0.0655,0.217,0.07549999999999993,0.11325,0.09537987253593914,0.365,0.08089999999999993,0.20225,0.14010001352058024,0.6685,0.08334999999999824,0.41675,0.2237434194273227,1.0,1,1.0,0.5,1.0,1,0.6666666666666666,1.0,1.0,1,0.4,1.0,1.0,1,0.2,1.0,1.0
RCAEval,re1ob_checkoutservice_cpu_1,train,cpu,4,24,2,"['checkoutservice_cpu', 'checkoutservice_mem', 'currencyservice_mem']","['checkoutservice_cpu', 'checkoutservice_mem']",1.0,0.2504989995854435,0.094,0.094,0.047,0.094,0.2435,0.08483333333333348,0.12725,0.11426672534317356,0.3855,0.08399999999999964,0.21,0.15564570918095233,0.675,0.08489999999999817,0.4245,0.23956054273039482,1.0,1,1.0,0.5,1.0,1,0.6666666666666666,1.0,1.0,1,0.4,1.0,1.0,1,0.2,1.0,1.0
RCAEval,re1ob_checkoutservice_cpu_2,train,cpu,4,24,2,"['checkoutservice_cpu', 'checkoutservice_mem', 'adservice_mem']","['checkoutservice_cpu', 'checkoutservice_mem']",1.0,0.2504989995854435,0.094,0.094,0.047,0.094,0.2435,0.08483333333333348,0.12725,0.11426672534317356,0.3855,0.08399999999999964,0.21,0.15564570918095233,0.675,0.08489999999999817,0.4245,0.23956054273039482,1.0,1,1.0,0.5,1.0,1,0.6666666666666666,1.0,1.0,1,0.4,1.0,1.0,1,0.2,1.0,1.0
RCAEval,re1ob_checkoutservice_cpu_3,train,cpu,4,24,2,"['checkoutservice_cpu', 'checkoutservice_mem', 'cartservice_mem']","['checkoutservice_cpu', 'checkoutservice_mem']",1.0,0.2504989995854435,0.094,0.094,0.047,0.094,0.2435,0.08483333333333348,0.12725,0.11426672534317356,0.3855,0.08399999999999964,0.21,0.15564570918095233,0.675,0.08489999999999817,0.4245,0.23956054273039482,1.0,1,1.0,0.5,1.0,1,0.6666666666666666,1.0,1.0,1,0.4,1.0,1.0,1,0.2,1.0,1.0
RCAEval,re1ob_currencyservice_cpu_1,train,cpu,4,24,2,"['currencyservice_cpu', 'checkoutservice_cpu', 'currencyservice_mem']","['currencyservice_cpu', 'currencyservice_mem']",0.5,0.24211142773270697,0.083,0.083,0.0415,0.083,0.245,0.08550000000000027,0.12825,0.11094560849976624,0.3795,0.08339999999999965,0.2085,0.15109829815899378,0.6755,0.08419999999999818,0.421,0.2342117400524303,1.0,1,1.0,0.5,1.0,1,0.6666666666666666,1.0,0.9197207891481876,1,0.4,1.0,0.9197207891481876,1,0.2,1.0,0.9197207891481876
RCAEval,re1ob_currencyservice_cpu_2,train,cpu,4,24,2,"['currencyservice_cpu', 'currencyservice_mem', 'frontend_cpu']","['currencyservice_cpu', 'currencyservice_mem']",1.0,0.24211142773270697,0.083,0.083,0.0415,0.083,0.245,0.08550000000000027,0.12825,0.11094560849976624,0.3795,0.08339999999999965,0.2085,0.15109829815899378,0.6755,0.08419999999999818,0.421,0.2342117400524303,1.0,1,1.0,0.5,1.0,1,0.6666666666666666,1.0,1.0,1,0.4,1.0,1.0,1,0.2,1.0,1.0
RCAEval,re1ob_currencyservice_cpu_3,train,cpu,4,24,2,"['currencyservice_cpu', 'currencyservice_mem', 'frontend_cpu']","['currencyservice_cpu', 'currencyservice_mem']",1.0,0.24211142773270697,0.083,0.083,0.0415,0.083,0.245,0.08550000000000027,0.12825,0.11094560849976624,0.3795,0.08339999999999965,0.2085,0.15109829815899378,0.6755,0.08419999999999818,0.421,0.2342117400524303,1.0,1,1.0,0.5,1.0,1,0.6666666666666666,1.0,1.0,1,0.4,1.0,1.0,1,0.2,1.0,1.0
RCAEval,re1ob_productcatalogservice_cpu_1,train,cpu,4,24,2,"['productcatalogservice_mem', 'productcatalogservice_cpu', 'frontend_cpu']","['productcatalogservice_cpu', 'productcatalogservice_mem']",1.0,0.24244768924073207,0.0875,0.0875,0.04375,0.0875,0.2345,0.08100000000000011,0.1215,0.10806602731604417,0.378,0.08229999999999967,0.20575,0.15031782675095065,0.664,0.0823999999999983,0.412,0.23087052893771773,1.0,1,1.0,0.5,1.0,1,0.6666666666666666,1.0,1.0,1,0.4,1.0,1.0,1,0.2,1.0,1.0
RCAEval,re1ob_productcatalogservice_cpu_2,train,cpu,4,24,2,"['productcatalogservice_mem', 'productcatalogservice_cpu', 'frontend_cpu']","['productcatalogservice_cpu', 'productcatalogservice_mem']",1.0,0.24244768924073207,0.0875,0.0875,0.04375,0.0875,0.2345,0.08100000000000011,0.1215,0.10806602731604417,0.378,0.08229999999999967,0.20575,0.15031782675095065,0.664,0.0823999999999983,0.412,0.23087052893771773,1.0,1,1.0,0.5,1.0,1,0.6666666666666666,1.0,1.0,1,0.4,1.0,1.0,1,0.2,1.0,1.0
RCAEval,re1ob_adservice_delay_1,train,delay,4,24,2,"['frontend_cpu', 'currencyservice_cpu', 'cartservice_mem']","['adservice_cpu', 'adservice_mem']",0.0,0.24241004243126255,0.0835,0.0835,0.04175,0.0835,0.24,0.08416666666666683,0.12625,0.10987260091242669,0.39,0.08539999999999964,0.2135,0.15370880908276893,0.6675,0.08239999999999825,0.412,0.23114609293653907,0.2,0,0.0,0.0,0.0,0,0.0,0.0,0.0,1,0.2,0.5,0.23719771276929622,1,0.1,0.5,0.23719771276929622
RCAEval,re1ob_adservice_delay_2,train,delay,4,24,2,"['frontend_cpu', 'checkoutservice_mem', 'recommendationservice_cpu']","['adservice_cpu', 'adservice_mem']",0.0,0.24241004243126255,0.0835,0.0835,0.04175,0.0835,0.24,0.08416666666666683,0.12625,0.10987260091242669,0.39,0.08539999999999964,0.2135,0.15370880908276893,0.6675,0.08239999999999825,0.412,0.23114609293653907,0.16666666666666666,0,0.0,0.0,0.0,0,0.0,0.0,0.0,0,0.0,0.0,0.0,1,0.2,1.0,0.4227898344066503
RCAEval,re1ob_adservice_delay_3,train,delay,4,24,2,"['frontend_cpu', 'currencyservice_cpu', 'cartservice_mem']","['adservice_cpu', 'adservice_mem']",0.0,0.24241004243126255,0.0835,0.0835,0.04175,0.0835,0.24,0.08416666666666683,0.12625,0.10987260091242669,0.39,0.08539999999999964,0.2135,0.15370880908276893,0.6675,0.08239999999999825,0.412,0.23114609293653907,0.2,0,0.0,0.0,0.0,0,0.0,0.0,0.0,1,0.2,0.5,0.23719771276929622,1,0.2,1.0,0.45560514958746035
RCAEval,re1ob_cartservice_delay_1,train,delay,4,24,2,"['frontend_cpu', 'frontend_mem', 'productcatalogservice_cpu']","['cartservice_cpu', 'cartservice_mem']",0.0,0.22441242410176768,0.0655,0.0655,0.03275,0.0655,0.217,0.07549999999999993,0.11325,0.09537987253593914,0.365,0.08089999999999993,0.20225,0.14010001352058024,0.6685,0.08334999999999824,0.41675,0.2237434194273227,0.09090909090909091,0,0.0,0.0,0.0,0,0.0,0.0,0.0,0,0.0,0.0,0.0,0,0.0,0.0,0.0
RCAEval,re1ob_cartservice_delay_2,train,delay,4,24,2,"['frontend_cpu', 'productcatalogservice_cpu', 'checkoutservice_mem']","['cartservice_cpu', 'cartservice_mem']",0.0,0.22441242410176768,0.0655,0.0655,0.03275,0.0655,0.217,0.07549999999999993,0.11325,0.09537987253593914,0.365,0.08089999999999993,0.20225,0.14010001352058024,0.6685,0.08334999999999824,0.41675,0.2237434194273227,0.125,0,0.0,0.0,0.0,0,0.0,0.0,0.0,0,0.0,0.0,0.0,1,0.1,0.5,0.19342640361727081
RCAEval,re1ob_cartservice_delay_3,train,delay,4,24,2,"['frontend_cpu', 'frontend_mem', 'cartservice_mem']","['cartservice_cpu', 'cartservice_mem']",0.0,0.22441242410176768,0.0655,0.0655,0.03275,0.0655,0.217,0.07549999999999993,0.11325,0.09537987253593914,0.365,0.08089999999999993,0.20225,0.14010001352058024,0.6685,0.08334999999999824,0.41675,0.2237434194273227,0.3333333333333333,0,0.0,0.0,0.0,1,0.3333333333333333,0.5,0.3065735963827292,1,0.2,0.5,0.3065735963827292,1,0.1,0.5,0.3065735963827292
RCAEval,re1ob_checkoutservice_delay_1,train,delay,4,24,2,"['frontend_cpu', 'adservice_cpu', 'currencyservice_cpu']","['checkoutservice_cpu', 'checkoutservice_mem']",0.0,0.2504989995854435,0.094,0.094,0.047,0.094,0.2435,0.08483333333333348,0.12725,0.11426672534317356,0.3855,0.08399999999999964,0.21,0.15564570918095233,0.675,0.08489999999999817,0.4245,0.23956054273039482,0.1111111111111111,0,0.0,0.0,0.0,0,0.0,0.0,0.0,0,0.0,0.0,0.0,1,0.1,0.5,0.18457569677956817
RCAEval,re1ob_checkoutservice_delay_2,train,delay,4,24,2,"['frontend_cpu', 'adservice_cpu', 'currencyservice_mem']","['checkoutservice_cpu', 'checkoutservice_mem']",0.0,0.2504989995854435,0.094,0.094,0.047,0.094,0.2435,0.08483333333333348,0.12725,0.11426672534317356,0.3855,0.08399999999999964,0.21,0.15564570918095233,0.675,0.08489999999999817,0.4245,0.23956054273039482,0.25,0,0.0,0.0,0.0,0,0.0,0.0,0.0,1,0.2,0.5,0.2640681225725909,1,0.2,1.0,0.448643819352159
RCAEval,re1ob_checkoutservice_delay_3,train,delay,4,24,2,"['frontend_cpu', 'adservice_mem', 'currencyservice_cpu']","['checkoutservice_cpu', 'checkoutservice_mem']",0.0,0.2504989995854435,0.094,0.094,0.047,0.094,0.2435,0.08483333333333348,0.12725,0.11426672534317356,0.3855,0.08399999999999964,0.21,0.15564570918095233,0.675,0.08489999999999817,0.4245,0.23956054273039482,0.08333333333333333,0,0.0,0.0,0.0,0,0.0,0.0,0.0,0,0.0,0.0,0.0,0,0.0,0.0,0.0
RCAEval,re1ob_currencyservice_delay_1,train,delay,4,24,2,"['frontend_cpu', 'frontend_mem', 'recommendationservice_cpu']","['currencyservice_cpu', 'currencyservice_mem']",0.0,0.24211142773270697,0.083,0.083,0.0415,0.083,0.245,0.08550000000000027,0.12825,0.11094560849976624,0.3795,0.08339999999999965,0.2085,0.15109829815899378,0.6755,0.08419999999999818,0.421,0.2342117400524303,0.14285714285714285,0,0.0,0.0,0.0,0,0.0,0.0,0.0,0,0.0,0.0,0.0,1,0.1,0.5,0.20438239758848611
RCAEval,re1ob_currencyservice_delay_2,train,delay,4,24,2,"['frontend_cpu', 'frontend_mem', 'adservice_cpu']","['currencyservice_cpu', 'currencyservice_mem']",0.0,0.24211142773270697,0.083,0.083,0.0415,0.083,0.245,0.08550000000000027,0.12825,0.11094560849976624,0.3795,0.08339999999999965,0.2085,0.15109829815899378,0.6755,0.08419999999999818,0.421,0.2342117400524303,0.16666666666666666,0,0.0,0.0,0.0,0,0.0,0.0,0.0,0,0.0,0.0,0.0,1,0.1,0.5,0.21840743681816419
RCAEval,re1ob_currencyservice_delay_3,train,delay,4,24,2,"['frontend_cpu', 'frontend_mem', 'productcatalogservice_cpu']","['currencyservice_cpu', 'currencyservice_mem']",0.0,0.24211142773270697,0.083,0.083,0.0415,0.083,0.245,0.08550000000000027,0.12825,0.11094560849976624,0.3795,0.08339999999999965,0.2085,0.15109829815899378,0.6755,0.08419999999999818,0.421,0.2342117400524303,0.25,0,0.0,0.0,0.0,0,0.0,0.0,0.0,1,0.2,0.5,0.2640681225725909,1,0.1,0.5,0.2640681225725909
RCAEval,re1ob_productcatalogservice_delay_1,train,delay,4,24,2,"['frontend_cpu', 'recommendationservice_cpu', 'adservice_mem']","['productcatalogservice_cpu', 'productcatalogservice_mem']",0.0,0.24244768924073207,0.0875,0.0875,0.04375,0.0875,0.2345,0.08100000000000011,0.1215,0.10806602731604417,0.378,0.08229999999999967,0.20575,0.15031782675095065,0.664,0.0823999999999983,0.412,0.23087052893771773,0.125,0,0.0,0.0,0.0,0,0.0,0.0,0.0,0,0.0,0.0,0.0,1,0.1,0.5,0.19342640361727081
RCAEval,re1ob_productcatalogservice_delay_2,train,delay,4,24,2,"['frontend_cpu', 'frontend_mem', 'productcatalogservice_cpu']","['productcatalogservice_cpu', 'productcatalogservice_mem']",0.0,0.24244768924073207,0.0875,0.0875,0.04375,0.0875,0.2345,0.08100000000000011,0.1215,0.10806602731604417,0.378,0.08229999999999967,0.20575,0.15031782675095065,0.664,0.0823999999999983,0.412,0.23087052893771773,0.3333333333333333,0,0.0,0.0,0.0,1,0.3333333333333333,0.5,0.3065735963827292,1,0.2,0.5,0.3065735963827292,1,0.2,1.0,0.48381288316677695
RCAEval,re1ob_productcatalogservice_delay_3,train,delay,4,24,2,"['frontend_cpu', 'frontend_mem', 'currencyservice_cpu']","['productcatalogservice_cpu', 'productcatalogservice_mem']",0.0,0.24244768924073207,0.0875,0.0875,0.04375,0.0875,0.2345,0.08100000000000011,0.1215,0.10806602731604417,0.378,0.08229999999999967,0.20575,0.15031782675095065,0.664,0.0823999999999983,0.412,0.23087052893771773,0.25,0,0.0,0.0,0.0,0,0.0,0.0,0.0,1,0.2,0.5,0.2640681225725909,1,0.1,0.5,0.2640681225725909
RCAEval,re1ob_adservice_disk_1,train,disk,4,24,2,"['adservice_cpu', 'adservice_mem', 'currencyservice_cpu']","['adservice_cpu', 'adservice_mem']",1.0,0.24241004243126255,0.0835,0.0835,0.04175,0.0835,0.24,0.08416666666666683,0.12625,0.10987260091242669,0.39,0.08539999999999964,0.2135,0.15370880908276893,0.6675,0.08239999999999825,0.412,0.23114609293653907,1.0,1,1.0,0.5,1.0,1,0.6666666666666666,1.0,1.0,1,0.4,1.0,1.0,1,0.2,1.0,1.0
RCAEval,re1ob_adservice_disk_2,train,disk,4,24,2,"['adservice_cpu', 'cartservice_cpu', 'currencyservice_cpu']","['adservice_cpu', 'adservice_mem']",0.5,0.24241004243126255,0.0835,0.0835,0.04175,0.0835,0.24,0.08416666666666683,0.12625,0.10987260091242669,0.39,0.08539999999999964,0.2135,0.15370880908276893,0.6675,0.08239999999999825,0.412,0.23114609293653907,1.0,1,1.0,0.5,1.0,1,0.3333333333333333,0.5,0.6131471927654584,1,0.2,0.5,0.6131471927654584,1,0.2,1.0,0.8315546295836225
RCAEval,re1ob_adservice_disk_3,train,disk,4,24,2,"['adservice_cpu', 'adservice_mem', 'cartservice_mem']","['adservice_cpu', 'adservice_mem']",1.0,0.24241004243126255,0.0835,0.0835,0.04175,0.0835,0.24,0.08416666666666683,0.12625,0.10987260091242669,0.39,0.08539999999999964,0.2135,0.15370880908276893,0.6675,0.08239999999999825,0.412,0.23114609293653907,1.0,1,1.0,0.5,1.0,1,0.6666666666666666,1.0,1.0,1,0.4,1.0,1.0,1,0.2,1.0,1.0
RCAEval,re1ob_cartservice_disk_1,train,disk,4,24,2,"['cartservice_cpu', 'cartservice_mem', 'currencyservice_cpu']","['cartservice_cpu', 'cartservice_mem']",1.0,0.22441242410176768,0.0655,0.0655,0.03275,0.0655,0.217,0.07549999999999993,0.11325,0.09537987253593914,0.365,0.08089999999999993,0.20225,0.14010001352058024,0.6685,0.08334999999999824,0.41675,0.2237434194273227,1.0,1,1.0,0.5,1.0,1,0.6666666666666666,1.0,1.0,1,0.4,1.0,1.0,1,0.2,1.0,1.0
RCAEval,re1ob_cartservice_disk_2,train,disk,4,24,2,"['cartservice_cpu', 'cartservice_mem', 'currencyservice_cpu']","['cartservice_cpu', 'cartservice_mem']",1.0,0.22441242410176768,0.0655,0.0655,0.03275,0.0655,0.217,0.07549999999999993,0.11325,0.09537987253593914,0.365,0.08089999999999993,0.20225,0.14010001352058024,0.6685,0.08334999999999824,0.41675,0.2237434194273227,1.0,1,1.0,0.5,1.0,1,0.6666666666666666,1.0,1.0,1,0.4,1.0,1.0,1,0.2,1.0,1.0
RCAEval,re1ob_cartservice_disk_3,train,disk,4,24,2,"['cartservice_cpu', 'cartservice_mem', 'frontend_cpu']","['cartservice_cpu', 'cartservice_mem']",1.0,0.22441242410176768,0.0655,0.0655,0.03275,0.0655,0.217,0.07549999999999993,0.11325,0.09537987253593914,0.365,0.08089999999999993,0.20225,0.14010001352058024,0.6685,0.08334999999999824,0.41675,0.2237434194273227,1.0,1,1.0,0.5,1.0,1,0.6666666666666666,1.0,1.0,1,0.4,1.0,1.0,1,0.2,1.0,1.0
RCAEval,re1ob_checkoutservice_disk_1,train,disk,4,24,2,"['checkoutservice_cpu', 'checkoutservice_mem', 'adservice_cpu']","['checkoutservice_cpu', 'checkoutservice_mem']",1.0,0.2504989995854435,0.094,0.094,0.047,0.094,0.2435,0.08483333333333348,0.12725,0.11426672534317356,0.3855,0.08399999999999964,0.21,0.15564570918095233,0.675,0.08489999999999817,0.4245,0.23956054273039482,1.0,1,1.0,0.5,1.0,1,0.6666666666666666,1.0,1.0,1,0.4,1.0,1.0,1,0.2,1.0,1.0
RCAEval,re1ob_checkoutservice_disk_2,train,disk,4,24,2,"['checkoutservice_cpu', 'checkoutservice_mem', 'adservice_cpu']","['checkoutservice_cpu', 'checkoutservice_mem']",1.0,0.2504989995854435,0.094,0.094,0.047,0.094,0.2435,0.08483333333333348,0.12725,0.11426672534317356,0.3855,0.08399999999999964,0.21,0.15564570918095233,0.675,0.08489999999999817,0.4245,0.23956054273039482,1.0,1,1.0,0.5,1.0,1,0.6666666666666666,1.0,1.0,1,0.4,1.0,1.0,1,0.2,1.0,1.0
RCAEval,re1ob_checkoutservice_disk_3,train,disk,4,24,2,"['checkoutservice_cpu', 'checkoutservice_mem', 'currencyservice_cpu']","['checkoutservice_cpu', 'checkoutservice_mem']",1.0,0.2504989995854435,0.094,0.094,0.047,0.094,0.2435,0.08483333333333348,0.12725,0.11426672534317356,0.3855,0.08399999999999964,0.21,0.15564570918095233,0.675,0.08489999999999817,0.4245,0.23956054273039482,1.0,1,1.0,0.5,1.0,1,0.6666666666666666,1.0,1.0,1,0.4,1.0,1.0,1,0.2,1.0,1.0
RCAEval,re1ob_currencyservice_disk_1,train,disk,4,24,2,"['currencyservice_cpu', 'frontend_cpu', 'currencyservice_mem']","['currencyservice_cpu', 'currencyservice_mem']",0.5,0.24211142773270697,0.083,0.083,0.0415,0.083,0.245,0.08550000000000027,0.12825,0.11094560849976624,0.3795,0.08339999999999965,0.2085,0.15109829815899378,0.6755,0.08419999999999818,0.421,0.2342117400524303,1.0,1,1.0,0.5,1.0,1,0.6666666666666666,1.0,0.9197207891481876,1,0.4,1.0,0.9197207891481876,1,0.2,1.0,0.9197207891481876
RCAEval,re1ob_currencyservice_disk_2,train,disk,4,24,2,"['currencyservice_cpu', 'frontend_cpu', 'currencyservice_mem']","['currencyservice_cpu', 'currencyservice_mem']",0.5,0.24211142773270697,0.083,0.083,0.0415,0.083,0.245,0.08550000000000027,0.12825,0.11094560849976624,0.3795,0.08339999999999965,0.2085,0.15109829815899378,0.6755,0.08419999999999818,0.421,0.2342117400524303,1.0,1,1.0,0.5,1.0,1,0.6666666666666666,1.0,0.9197207891481876,1,0.4,1.0,0.9197207891481876,1,0.2,1.0,0.9197207891481876
RCAEval,re1ob_currencyservice_disk_3,train,disk,4,24,2,"['currencyservice_cpu', 'currencyservice_mem', 'adservice_cpu']","['currencyservice_cpu', 'currencyservice_mem']",1.0,0.24211142773270697,0.083,0.083,0.0415,0.083,0.245,0.08550000000000027,0.12825,0.11094560849976624,0.3795,0.08339999999999965,0.2085,0.15109829815899378,0.6755,0.08419999999999818,0.421,0.2342117400524303,1.0,1,1.0,0.5,1.0,1,0.6666666666666666,1.0,1.0,1,0.4,1.0,1.0,1,0.2,1.0,1.0
RCAEval,re1ob_productcatalogservice_disk_1,train,disk,4,24,2,"['productcatalogservice_mem', 'productcatalogservice_cpu', 'frontend_cpu']","['productcatalogservice_cpu', 'productcatalogservice_mem']",1.0,0.24244768924073207,0.0875,0.0875,0.04375,0.0875,0.2345,0.08100000000000011,0.1215,0.10806602731604417,0.378,0.08229999999999967,0.20575,0.15031782675095065,0.664,0.0823999999999983,0.412,0.23087052893771773,1.0,1,1.0,0.5,1.0,1,0.6666666666666666,1.0,1.0,1,0.4,1.0,1.0,1,0.2,1.0,1.0
RCAEval,re1ob_productcatalogservice_disk_2,train,disk,4,24,2,"['productcatalogservice_mem', 'productcatalogservice_cpu', 'frontend_cpu']","['productcatalogservice_cpu', 'productcatalogservice_mem']",1.0,0.24244768924073207,0.0875,0.0875,0.04375,0.0875,0.2345,0.08100000000000011,0.1215,0.10806602731604417,0.378,0.08229999999999967,0.20575,0.15031782675095065,0.664,0.0823999999999983,0.412,0.23087052893771773,1.0,1,1.0,0.5,1.0,1,0.6666666666666666,1.0,1.0,1,0.4,1.0,1.0,1,0.2,1.0,1.0
RCAEval,re1ob_productcatalogservice_disk_3,train,disk,4,24,2,"['productcatalogservice_mem', 'productcatalogservice_cpu', 'frontend_cpu']","['productcatalogservice_cpu', 'productcatalogservice_mem']",1.0,0.24244768924073207,0.0875,0.0875,0.04375,0.0875,0.2345,0.08100000000000011,0.1215,0.10806602731604417,0.378,0.08229999999999967,0.20575,0.15031782675095065,0.664,0.0823999999999983,0.412,0.23087052893771773,1.0,1,1.0,0.5,1.0,1,0.6666666666666666,1.0,1.0,1,0.4,1.0,1.0,1,0.2,1.0,1.0
RCAEval,re1ob_adservice_loss_1,train,loss,4,24,2,"['frontend_cpu', 'adservice_cpu', 'currencyservice_cpu']","['adservice_cpu', 'adservice_mem']",0.5,0.24241004243126255,0.0835,0.0835,0.04175,0.0835,0.24,0.08416666666666683,0.12625,0.10987260091242669,0.39,0.08539999999999964,0.2135,0.15370880908276893,0.6675,0.08239999999999825,0.412,0.23114609293653907,0.5,0,0.0,0.0,0.0,1,0.3333333333333333,0.5,0.38685280723454163,1,0.2,0.5,0.38685280723454163,1,0.2,1.0,0.6052602440527057
RCAEval,re1ob_adservice_loss_2,train,loss,4,24,2,"['frontend_cpu', 'adservice_cpu', 'adservice_mem']","['adservice_cpu', 'adservice_mem']",0.5,0.24241004243126255,0.0835,0.0835,0.04175,0.0835,0.24,0.08416666666666683,0.12625,0.10987260091242669,0.39,0.08539999999999964,0.2135,0.15370880908276893,0.6675,0.08239999999999825,0.412,0.23114609293653907,0.5,0,0.0,0.0,0.0,1,0.6666666666666666,1.0,0.6934264036172708,1,0.4,1.0,0.6934264036172708,1,0.2,1.0,0.6934264036172708
RCAEval,re1ob_adservice_loss_3,train,loss,4,24,2,"['frontend_cpu', 'adservice_cpu', 'adservice_mem']","['adservice_cpu', 'adservice_mem']",0.5,0.24241004243126255,0.0835,0.0835,0.04175,0.0835,0.24,0.08416666666666683,0.12625,0.10987260091242669,0.39,0.08539999999999964,0.2135,0.15370880908276893,0.6675,0.08239999999999825,0.412,0.23114609293653907,0.5,0,0.0,0.0,0.0,1,0.6666666666666666,1.0,0.6934264036172708,1,0.4,1.0,0.6934264036172708,1,0.2,1.0,0.6934264036172708
RCAEval,re1ob_cartservice_loss_1,train,loss,4,24,2,"['frontend_cpu', 'adservice_cpu', 'cartservice_mem']","['cartservice_cpu', 'cartservice_mem']",0.0,0.22441242410176768,0.0655,0.0655,0.03275,0.0655,0.217,0.07549999999999993,0.11325,0.09537987253593914,0.365,0.08089999999999993,0.20225,0.14010001352058024,0.6685,0.08334999999999824,0.41675,0.2237434194273227,0.3333333333333333,0,0.0,0.0,0.0,1,0.3333333333333333,0.5,0.3065735963827292,1,0.2,0.5,0.3065735963827292,1,0.1,0.5,0.3065735963827292
RCAEval,re1ob_cartservice_loss_2,train,loss,4,24,2,"['frontend_cpu', 'recommendationservice_mem', 'checkoutservice_mem']","['cartservice_cpu', 'cartservice_mem']",0.0,0.22441242410176768,0.0655,0.0655,0.03275,0.0655,0.217,0.07549999999999993,0.11325,0.09537987253593914,0.365,0.08089999999999993,0.20225,0.14010001352058024,0.6685,0.08334999999999824,0.41675,0.2237434194273227,0.07142857142857142,0,0.0,0.0,0.0,0,0.0,0.0,0.0,0,0.0,0.0,0.0,0,0.0,0.0,0.0
RCAEval,re1ob_cartservice_loss_3,train,loss,4,24,2,"['frontend_cpu', 'recommendationservice_mem', 'cartservice_mem']","['cartservice_cpu', 'cartservice_mem']",0.0,0.22441242410176768,0.0655,0.0655,0.03275,0.0655,0.217,0.07549999999999993,0.11325,0.09537987253593914,0.365,0.08089999999999993,0.20225,0.14010001352058024,0.6685,0.08334999999999824,0.41675,0.2237434194273227,0.3333333333333333,0,0.0,0.0,0.0,1,0.3333333333333333,0.5,0.3065735963827292,1,0.2,0.5,0.3065735963827292,1,0.1,0.5,0.3065735963827292
RCAEval,re1ob_checkoutservice_loss_1,train,loss,4,24,2,"['frontend_cpu', 'checkoutservice_cpu', 'checkoutservice_mem']","['checkoutservice_cpu', 'checkoutservice_mem']",0.5,0.2504989995854435,0.094,0.094,0.047,0.094,0.2435,0.08483333333333348,0.12725,0.11426672534317356,0.3855,0.08399999999999964,0.21,0.15564570918095233,0.675,0.08489999999999817,0.4245,0.23956054273039482,0.5,0,0.0,0.0,0.0,1,0.6666666666666666,1.0,0.6934264036172708,1,0.4,1.0,0.6934264036172708,1,0.2,1.0,0.6934264036172708
RCAEval,re1ob_checkoutservice_loss_2,train,loss,4,24,2,"['checkoutservice_cpu', 'checkoutservice_mem', 'frontend_cpu']","['checkoutservice_cpu', 'checkoutservice_mem']",1.0,0.2504989995854435,0.094,0.094,0.047,0.094,0.2435,0.08483333333333348,0.12725,0.11426672534317356,0.3855,0.08399999999999964,0.21,0.15564570918095233,0.675,0.08489999999999817,0.4245,0.23956054273039482,1.0,1,1.0,0.5,1.0,1,0.6666666666666666,1.0,1.0,1,0.4,1.0,1.0,1,0.2,1.0,1.0
RCAEval,re1ob_checkoutservice_loss_3,train,loss,4,24,2,"['frontend_cpu', 'checkoutservice_cpu', 'checkoutservice_mem']","['checkoutservice_cpu', 'checkoutservice_mem']",0.5,0.2504989995854435,0.094,0.094,0.047,0.094,0.2435,0.08483333333333348,0.12725,0.11426672534317356,0.3855,0.08399999999999964,0.21,0.15564570918095233,0.675,0.08489999999999817,0.4245,0.23956054273039482,0.5,0,0.0,0.0,0.0,1,0.6666666666666666,1.0,0.6934264036172708,1,0.4,1.0,0.6934264036172708,1,0.2,1.0,0.6934264036172708
RCAEval,re1ob_currencyservice_loss_2,train,loss,4,24,2,"['frontend_cpu', 'redis_cpu', 'checkoutservice_mem']","['currencyservice_cpu', 'currencyservice_mem']",0.0,0.24211142773270697,0.083,0.083,0.0415,0.083,0.245,0.08550000000000027,0.12825,0.11094560849976624,0.3795,0.08339999999999965,0.2085,0.15109829815899378,0.6755,0.08419999999999818,0.421,0.2342117400524303,0.25,0,0.0,0.0,0.0,0,0.0,0.0,0.0,1,0.2,0.5,0.2640681225725909,1,0.2,1.0,0.46845052016107697
RCAEval,re1ob_currencyservice_loss_3,train,loss,4,24,2,"['frontend_cpu', 'redis_cpu', 'checkoutservice_mem']","['currencyservice_cpu', 'currencyservice_mem']",0.0,0.24211142773270697,0.083,0.083,0.0415,0.083,0.245,0.08550000000000027,0.12825,0.11094560849976624,0.3795,0.08339999999999965,0.2085,0.15109829815899378,0.6755,0.08419999999999818,0.421,0.2342117400524303,0.16666666666666666,0,0.0,0.0,0.0,0,0.0,0.0,0.0,0,0.0,0.0,0.0,1,0.2,1.0,0.4227898344066503
RCAEval,re1ob_productcatalogservice_loss_1,train,loss,4,24,2,"['frontend_cpu', 'productcatalogservice_mem', 'checkoutservice_mem']","['productcatalogservice_cpu', 'productcatalogservice_mem']",0.5,0.24244768924073207,0.0875,0.0875,0.04375,0.0875,0.2345,0.08100000000000011,0.1215,0.10806602731604417,0.378,0.08229999999999967,0.20575,0.15031782675095065,0.664,0.0823999999999983,0.412,0.23087052893771773,0.5,0,0.0,0.0,0.0,1,0.3333333333333333,0.5,0.38685280723454163,1,0.2,0.5,0.38685280723454163,1,0.1,0.5,0.38685280723454163
RCAEval,re1ob_productcatalogservice_loss_2,train,loss,4,24,2,"['frontend_cpu', 'checkoutservice_mem', 'productcatalogservice_mem']","['productcatalogservice_cpu', 'productcatalogservice_mem']",0.0,0.24244768924073207,0.0875,0.0875,0.04375,0.0875,0.2345,0.08100000000000011,0.1215,0.10806602731604417,0.378,0.08229999999999967,0.20575,0.15031782675095065,0.664,0.0823999999999983,0.412,0.23087052893771773,0.3333333333333333,0,0.0,0.0,0.0,1,0.3333333333333333,0.5,0.3065735963827292,1,0.2,0.5,0.3065735963827292,1,0.2,1.0,0.5
RCAEval,re1ob_productcatalogservice_loss_3,train,loss,4,24,2,"['productcatalogservice_mem', 'frontend_cpu', 'checkoutservice_mem']","['productcatalogservice_cpu', 'productcatalogservice_mem']",0.5,0.24244768924073207,0.0875,0.0875,0.04375,0.0875,0.2345,0.08100000000000011,0.1215,0.10806602731604417,0.378,0.08229999999999967,0.20575,0.15031782675095065,0.664,0.0823999999999983,0.412,0.23087052893771773,1.0,1,1.0,0.5,1.0,1,0.3333333333333333,0.5,0.6131471927654584,1,0.2,0.5,0.6131471927654584,1,0.2,1.0,0.7977228895450266
RCAEval,re1ob_adservice_mem_1,train,mem,4,24,2,"['adservice_cpu', 'adservice_mem', 'frontend_cpu']","['adservice_cpu', 'adservice_mem']",1.0,0.24241004243126255,0.0835,0.0835,0.04175,0.0835,0.24,0.08416666666666683,0.12625,0.10987260091242669,0.39,0.08539999999999964,0.2135,0.15370880908276893,0.6675,0.08239999999999825,0.412,0.23114609293653907,1.0,1,1.0,0.5,1.0,1,0.6666666666666666,1.0,1.0,1,0.4,1.0,1.0,1,0.2,1.0,1.0
RCAEval,re1ob_adservice_mem_2,train,mem,4,24,2,"['adservice_cpu', 'adservice_mem', 'recommendationservice_cpu']","['adservice_cpu', 'adservice_mem']",1.0,0.24241004243126255,0.0835,0.0835,0.04175,0.0835,0.24,0.08416666666666683,0.12625,0.10987260091242669,0.39,0.08539999999999964,0.2135,0.15370880908276893,0.6675,0.08239999999999825,0.412,0.23114609293653907,1.0,1,1.0,0.5,1.0,1,0.6666666666666666,1.0,1.0,1,0.4,1.0,1.0,1,0.2,1.0,1.0
RCAEval,re1ob_adservice_mem_3,train,mem,4,24,2,"['adservice_cpu', 'adservice_mem', 'currencyservice_cpu']","['adservice_cpu', 'adservice_mem']",1.0,0.24241004243126255,0.0835,0.0835,0.04175,0.0835,0.24,0.08416666666666683,0.12625,0.10987260091242669,0.39,0.08539999999999964,0.2135,0.15370880908276893,0.6675,0.08239999999999825,0.412,0.23114609293653907,1.0,1,1.0,0.5,1.0,1,0.6666666666666666,1.0,1.0,1,0.4,1.0,1.0,1,0.2,1.0,1.0
RCAEval,re1ob_cartservice_mem_1,train,mem,4,24,2,"['cartservice_cpu', 'cartservice_mem', 'adservice_cpu']","['cartservice_cpu', 'cartservice_mem']",1.0,0.22441242410176768,0.0655,0.0655,0.03275,0.0655,0.217,0.07549999999999993,0.11325,0.09537987253593914,0.365,0.08089999999999993,0.20225,0.14010001352058024,0.6685,0.08334999999999824,0.41675,0.2237434194273227,1.0,1,1.0,0.5,1.0,1,0.6666666666666666,1.0,1.0,1,0.4,1.0,1.0,1,0.2,1.0,1.0
RCAEval,re1ob_cartservice_mem_2,train,mem,4,24,2,"['cartservice_cpu', 'cartservice_mem', 'redis_cpu']","['cartservice_cpu', 'cartservice_mem']",1.0,0.22441242410176768,0.0655,0.0655,0.03275,0.0655,0.217,0.07549999999999993,0.11325,0.09537987253593914,0.365,0.08089999999999993,0.20225,0.14010001352058024,0.6685,0.08334999999999824,0.41675,0.2237434194273227,1.0,1,1.0,0.5,1.0,1,0.6666666666666666,1.0,1.0,1,0.4,1.0,1.0,1,0.2,1.0,1.0
RCAEval,re1ob_cartservice_mem_3,train,mem,4,24,2,"['cartservice_cpu', 'cartservice_mem', 'frontend_cpu']","['cartservice_cpu', 'cartservice_mem']",1.0,0.22441242410176768,0.0655,0.0655,0.03275,0.0655,0.217,0.07549999999999993,0.11325,0.09537987253593914,0.365,0.08089999999999993,0.20225,0.14010001352058024,0.6685,0.08334999999999824,0.41675,0.2237434194273227,1.0,1,1.0,0.5,1.0,1,0.6666666666666666,1.0,1.0,1,0.4,1.0,1.0,1,0.2,1.0,1.0
RCAEval,re1ob_checkoutservice_mem_1,train,mem,4,24,2,"['checkoutservice_cpu', 'checkoutservice_mem', 'adservice_cpu']","['checkoutservice_cpu', 'checkoutservice_mem']",1.0,0.2504989995854435,0.094,0.094,0.047,0.094,0.2435,0.08483333333333348,0.12725,0.11426672534317356,0.3855,0.08399999999999964,0.21,0.15564570918095233,0.675,0.08489999999999817,0.4245,0.23956054273039482,1.0,1,1.0,0.5,1.0,1,0.6666666666666666,1.0,1.0,1,0.4,1.0,1.0,1,0.2,1.0,1.0
RCAEval,re1ob_checkoutservice_mem_2,train,mem,4,24,2,"['checkoutservice_cpu', 'checkoutservice_mem', 'adservice_cpu']","['checkoutservice_cpu', 'checkoutservice_mem']",1.0,0.2504989995854435,0.094,0.094,0.047,0.094,0.2435,0.08483333333333348,0.12725,0.11426672534317356,0.3855,0.08399999999999964,0.21,0.15564570918095233,0.675,0.08489999999999817,0.4245,0.23956054273039482,1.0,1,1.0,0.5,1.0,1,0.6666666666666666,1.0,1.0,1,0.4,1.0,1.0,1,0.2,1.0,1.0
RCAEval,re1ob_checkoutservice_mem_3,train,mem,4,24,2,"['checkoutservice_cpu', 'checkoutservice_mem', 'adservice_cpu']","['checkoutservice_cpu', 'checkoutservice_mem']",1.0,0.2504989995854435,0.094,0.094,0.047,0.094,0.2435,0.08483333333333348,0.12725,0.11426672534317356,0.3855,0.08399999999999964,0.21,0.15564570918095233,0.675,0.08489999999999817,0.4245,0.23956054273039482,1.0,1,1.0,0.5,1.0,1,0.6666666666666666,1.0,1.0,1,0.4,1.0,1.0,1,0.2,1.0,1.0
RCAEval,re1ob_currencyservice_mem_1,train,mem,4,24,2,"['currencyservice_cpu', 'currencyservice_mem', 'frontend_cpu']","['currencyservice_cpu', 'currencyservice_mem']",1.0,0.24211142773270697,0.083,0.083,0.0415,0.083,0.245,0.08550000000000027,0.12825,0.11094560849976624,0.3795,0.08339999999999965,0.2085,0.15109829815899378,0.6755,0.08419999999999818,0.421,0.2342117400524303,1.0,1,1.0,0.5,1.0,1,0.6666666666666666,1.0,1.0,1,0.4,1.0,1.0,1,0.2,1.0,1.0
RCAEval,re1ob_currencyservice_mem_2,train,mem,4,24,2,"['currencyservice_cpu', 'currencyservice_mem', 'frontend_cpu']","['currencyservice_cpu', 'currencyservice_mem']",1.0,0.24211142773270697,0.083,0.083,0.0415,0.083,0.245,0.08550000000000027,0.12825,0.11094560849976624,0.3795,0.08339999999999965,0.2085,0.15109829815899378,0.6755,0.08419999999999818,0.421,0.2342117400524303,1.0,1,1.0,0.5,1.0,1,0.6666666666666666,1.0,1.0,1,0.4,1.0,1.0,1,0.2,1.0,1.0
RCAEval,re1ob_currencyservice_mem_3,train,mem,4,24,2,"['currencyservice_cpu', 'currencyservice_mem', 'frontend_cpu']","['currencyservice_cpu', 'currencyservice_mem']",1.0,0.24211142773270697,0.083,0.083,0.0415,0.083,0.245,0.08550000000000027,0.12825,0.11094560849976624,0.3795,0.08339999999999965,0.2085,0.15109829815899378,0.6755,0.08419999999999818,0.421,0.2342117400524303,1.0,1,1.0,0.5,1.0,1,0.6666666666666666,1.0,1.0,1,0.4,1.0,1.0,1,0.2,1.0,1.0
RCAEval,re1ob_productcatalogservice_mem_1,train,mem,4,24,2,"['productcatalogservice_mem', 'productcatalogservice_cpu', 'frontend_cpu']","['productcatalogservice_cpu', 'productcatalogservice_mem']",1.0,0.24244768924073207,0.0875,0.0875,0.04375,0.0875,0.2345,0.08100000000000011,0.1215,0.10806602731604417,0.378,0.08229999999999967,0.20575,0.15031782675095065,0.664,0.0823999999999983,0.412,0.23087052893771773,1.0,1,1.0,0.5,1.0,1,0.6666666666666666,1.0,1.0,1,0.4,1.0,1.0,1,0.2,1.0,1.0
RCAEval,re1ob_productcatalogservice_mem_2,train,mem,4,24,2,"['productcatalogservice_mem', 'productcatalogservice_cpu', 'frontend_cpu']","['productcatalogservice_cpu', 'productcatalogservice_mem']",1.0,0.24244768924073207,0.0875,0.0875,0.04375,0.0875,0.2345,0.08100000000000011,0.1215,0.10806602731604417,0.378,0.08229999999999967,0.20575,0.15031782675095065,0.664,0.0823999999999983,0.412,0.23087052893771773,1.0,1,1.0,0.5,1.0,1,0.6666666666666666,1.0,1.0,1,0.4,1.0,1.0,1,0.2,1.0,1.0
RCAEval,re1ob_productcatalogservice_mem_3,train,mem,4,24,2,"['productcatalogservice_mem', 'productcatalogservice_cpu', 'frontend_cpu']","['productcatalogservice_cpu', 'productcatalogservice_mem']",1.0,0.24244768924073207,0.0875,0.0875,0.04375,0.0875,0.2345,0.08100000000000011,0.1215,0.10806602731604417,0.378,0.08229999999999967,0.20575,0.15031782675095065,0.664,0.0823999999999983,0.412,0.23087052893771773,1.0,1,1.0,0.5,1.0,1,0.6666666666666666,1.0,1.0,1,0.4,1.0,1.0,1,0.2,1.0,1.0
RCAEval,re1ob_adservice_cpu_4,eval,cpu,4,24,2,"['adservice_cpu', 'adservice_mem', 'frontend_cpu']","['adservice_cpu', 'adservice_mem']",1.0,0.24241004243126255,0.0835,0.0835,0.04175,0.0835,0.24,0.08416666666666683,0.12625,0.10987260091242669,0.39,0.08539999999999964,0.2135,0.15370880908276893,0.6675,0.08239999999999825,0.412,0.23114609293653907,1.0,1,1.0,0.5,1.0,1,0.6666666666666666,1.0,1.0,1,0.4,1.0,1.0,1,0.2,1.0,1.0
RCAEval,re1ob_cartservice_cpu_4,eval,cpu,4,24,2,"['cartservice_cpu', 'cartservice_mem', 'frontend_cpu']","['cartservice_cpu', 'cartservice_mem']",1.0,0.22441242410176768,0.0655,0.0655,0.03275,0.0655,0.217,0.07549999999999993,0.11325,0.09537987253593914,0.365,0.08089999999999993,0.20225,0.14010001352058024,0.6685,0.08334999999999824,0.41675,0.2237434194273227,1.0,1,1.0,0.5,1.0,1,0.6666666666666666,1.0,1.0,1,0.4,1.0,1.0,1,0.2,1.0,1.0
RCAEval,re1ob_checkoutservice_cpu_4,eval,cpu,4,24,2,"['checkoutservice_cpu', 'checkoutservice_mem', 'adservice_cpu']","['checkoutservice_cpu', 'checkoutservice_mem']",1.0,0.2504989995854435,0.094,0.094,0.047,0.094,0.2435,0.08483333333333348,0.12725,0.11426672534317356,0.3855,0.08399999999999964,0.21,0.15564570918095233,0.675,0.08489999999999817,0.4245,0.23956054273039482,1.0,1,1.0,0.5,1.0,1,0.6666666666666666,1.0,1.0,1,0.4,1.0,1.0,1,0.2,1.0,1.0
RCAEval,re1ob_currencyservice_cpu_4,eval,cpu,4,24,2,"['currencyservice_cpu', 'frontend_cpu', 'currencyservice_mem']","['currencyservice_cpu', 'currencyservice_mem']",0.5,0.24211142773270697,0.083,0.083,0.0415,0.083,0.245,0.08550000000000027,0.12825,0.11094560849976624,0.3795,0.08339999999999965,0.2085,0.15109829815899378,0.6755,0.08419999999999818,0.421,0.2342117400524303,1.0,1,1.0,0.5,1.0,1,0.6666666666666666,1.0,0.9197207891481876,1,0.4,1.0,0.9197207891481876,1,0.2,1.0,0.9197207891481876
RCAEval,re1ob_productcatalogservice_cpu_4,eval,cpu,4,24,2,"['productcatalogservice_mem', 'cartservice_cpu', 'cartservice_mem']","['productcatalogservice_cpu', 'productcatalogservice_mem']",0.5,0.24244768924073207,0.0875,0.0875,0.04375,0.0875,0.2345,0.08100000000000011,0.1215,0.10806602731604417,0.378,0.08229999999999967,0.20575,0.15031782675095065,0.664,0.0823999999999983,0.412,0.23087052893771773,1.0,1,1.0,0.5,1.0,1,0.3333333333333333,0.5,0.6131471927654584,1,0.4,1.0,0.8772153153380493,1,0.2,1.0,0.8772153153380493
RCAEval,re1ob_adservice_delay_4,eval,delay,4,24,2,"['frontend_cpu', 'currencyservice_cpu', 'cartservice_mem']","['adservice_cpu', 'adservice_mem']",0.0,0.24241004243126255,0.0835,0.0835,0.04175,0.0835,0.24,0.08416666666666683,0.12625,0.10987260091242669,0.39,0.08539999999999964,0.2135,0.15370880908276893,0.6675,0.08239999999999825,0.412,0.23114609293653907,0.25,0,0.0,0.0,0.0,0,0.0,0.0,0.0,1,0.2,0.5,0.2640681225725909,1,0.2,1.0,0.448643819352159
RCAEval,re1ob_cartservice_delay_4,eval,delay,4,24,2,"['frontend_cpu', 'frontend_mem', 'productcatalogservice_cpu']","['cartservice_cpu', 'cartservice_mem']",0.0,0.22441242410176768,0.0655,0.0655,0.03275,0.0655,0.217,0.07549999999999993,0.11325,0.09537987253593914,0.365,0.08089999999999993,0.20225,0.14010001352058024,0.6685,0.08334999999999824,0.41675,0.2237434194273227,0.09090909090909091,0,0.0,0.0,0.0,0,0.0,0.0,0.0,0,0.0,0.0,0.0,0,0.0,0.0,0.0
RCAEval,re1ob_checkoutservice_delay_4,eval,delay,4,24,2,"['frontend_cpu', 'currencyservice_mem', 'adservice_cpu']","['checkoutservice_cpu', 'checkoutservice_mem']",0.0,0.2504989995854435,0.094,0.094,0.047,0.094,0.2435,0.08483333333333348,0.12725,0.11426672534317356,0.3855,0.08399999999999964,0.21,0.15564570918095233,0.675,0.08489999999999817,0.4245,0.23956054273039482,0.16666666666666666,0,0.0,0.0,0.0,0,0.0,0.0,0.0,0,0.0,0.0,0.0,1,0.1,0.5,0.21840743681816419
RCAEval,re1ob_currencyservice_delay_4,eval,delay,4,24,2,"['frontend_cpu', 'checkoutservice_cpu', 'productcatalogservice_cpu']","['currencyservice_cpu', 'currencyservice_mem']",0.0,0.24211142773270697,0.083,0.083,0.0415,0.083,0.245,0.08550000000000027,0.12825,0.11094560849976624,0.3795,0.08339999999999965,0.2085,0.15109829815899378,0.6755,0.08419999999999818,0.421,0.2342117400524303,0.25,0,0.0,0.0,0.0,0,0.0,0.0,0.0,1,0.2,0.5,0.2640681225725909,1,0.2,1.0,0.45749452618986164
RCAEval,re1ob_productcatalogservice_delay_4,eval,delay,4,24,2,"['frontend_cpu', 'adservice_cpu', 'frontend_mem']","['productcatalogservice_cpu', 'productcatalogservice_mem']",0.0,0.24244768924073207,0.0875,0.0875,0.04375,0.0875,0.2345,0.08100000000000011,0.1215,0.10806602731604417,0.378,0.08229999999999967,0.20575,0.15031782675095065,0.664,0.0823999999999983,0.412,0.23087052893771773,0.25,0,0.0,0.0,0.0,0,0.0,0.0,0.0,1,0.2,0.5,0.2640681225725909,1,0.1,0.5,0.2640681225725909
RCAEval,re1ob_adservice_disk_4,eval,disk,4,24,2,"['adservice_cpu', 'cartservice_cpu', 'adservice_mem']","['adservice_cpu', 'adservice_mem']",0.5,0.24241004243126255,0.0835,0.0835,0.04175,0.0835,0.24,0.08416666666666683,0.12625,0.10987260091242669,0.39,0.08539999999999964,0.2135,0.15370880908276893,0.6675,0.08239999999999825,0.412,0.23114609293653907,1.0,1,1.0,0.5,1.0,1,0.6666666666666666,1.0,0.9197207891481876,1,0.4,1.0,0.9197207891481876,1,0.2,1.0,0.9197207891481876
RCAEval,re1ob_cartservice_disk_4,eval,disk,4,24,2,"['cartservice_cpu', 'cartservice_mem', 'currencyservice_cpu']","['cartservice_cpu', 'cartservice_mem']",1.0,0.22441242410176768,0.0655,0.0655,0.03275,0.0655,0.217,0.07549999999999993,0.11325,0.09537987253593914,0.365,0.08089999999999993,0.20225,0.14010001352058024,0.6685,0.08334999999999824,0.41675,0.2237434194273227,1.0,1,1.0,0.5,1.0,1,0.6666666666666666,1.0,1.0,1,0.4,1.0,1.0,1,0.2,1.0,1.0
RCAEval,re1ob_checkoutservice_disk_4,eval,disk,4,24,2,"['checkoutservice_cpu', 'checkoutservice_mem', 'currencyservice_cpu']","['checkoutservice_cpu', 'checkoutservice_mem']",1.0,0.2504989995854435,0.094,0.094,0.047,0.094,0.2435,0.08483333333333348,0.12725,0.11426672534317356,0.3855,0.08399999999999964,0.21,0.15564570918095233,0.675,0.08489999999999817,0.4245,0.23956054273039482,1.0,1,1.0,0.5,1.0,1,0.6666666666666666,1.0,1.0,1,0.4,1.0,1.0,1,0.2,1.0,1.0
RCAEval,re1ob_currencyservice_disk_4,eval,disk,4,24,2,"['currencyservice_cpu', 'frontend_cpu', 'currencyservice_mem']","['currencyservice_cpu', 'currencyservice_mem']",0.5,0.24211142773270697,0.083,0.083,0.0415,0.083,0.245,0.08550000000000027,0.12825,0.11094560849976624,0.3795,0.08339999999999965,0.2085,0.15109829815899378,0.6755,0.08419999999999818,0.421,0.2342117400524303,1.0,1,1.0,0.5,1.0,1,0.6666666666666666,1.0,0.9197207891481876,1,0.4,1.0,0.9197207891481876,1,0.2,1.0,0.9197207891481876
RCAEval,re1ob_productcatalogservice_disk_4,eval,disk,4,24,2,"['productcatalogservice_mem', 'productcatalogservice_cpu', 'frontend_cpu']","['productcatalogservice_cpu', 'productcatalogservice_mem']",1.0,0.24244768924073207,0.0875,0.0875,0.04375,0.0875,0.2345,0.08100000000000011,0.1215,0.10806602731604417,0.378,0.08229999999999967,0.20575,0.15031782675095065,0.664,0.0823999999999983,0.412,0.23087052893771773,1.0,1,1.0,0.5,1.0,1,0.6666666666666666,1.0,1.0,1,0.4,1.0,1.0,1,0.2,1.0,1.0
RCAEval,re1ob_adservice_loss_4,eval,loss,4,24,2,"['adservice_mem', 'frontend_cpu', 'adservice_cpu']","['adservice_cpu', 'adservice_mem']",0.5,0.24241004243126255,0.0835,0.0835,0.04175,0.0835,0.24,0.08416666666666683,0.12625,0.10987260091242669,0.39,0.08539999999999964,0.2135,0.15370880908276893,0.6675,0.08239999999999825,0.412,0.23114609293653907,1.0,1,1.0,0.5,1.0,1,0.6666666666666666,1.0,0.9197207891481876,1,0.4,1.0,0.9197207891481876,1,0.2,1.0,0.9197207891481876
RCAEval,re1ob_cartservice_loss_4,eval,loss,4,24,2,"['frontend_cpu', 'checkoutservice_mem', 'recommendationservice_mem']","['cartservice_cpu', 'cartservice_mem']",0.0,0.22441242410176768,0.0655,0.0655,0.03275,0.0655,0.217,0.07549999999999993,0.11325,0.09537987253593914,0.365,0.08089999999999993,0.20225,0.14010001352058024,0.6685,0.08334999999999824,0.41675,0.2237434194273227,0.08333333333333333,0,0.0,0.0,0.0,0,0.0,0.0,0.0,0,0.0,0.0,0.0,0,0.0,0.0,0.0
RCAEval,re1ob_checkoutservice_loss_4,eval,loss,4,24,2,"['checkoutservice_cpu', 'frontend_cpu', 'checkoutservice_mem']","['checkoutservice_cpu', 'checkoutservice_mem']",0.5,0.2504989995854435,0.094,0.094,0.047,0.094,0.2435,0.08483333333333348,0.12725,0.11426672534317356,0.3855,0.08399999999999964,0.21,0.15564570918095233,0.675,0.08489999999999817,0.4245,0.23956054273039482,1.0,1,1.0,0.5,1.0,1,0.6666666666666666,1.0,0.9197207891481876,1,0.4,1.0,0.9197207891481876,1,0.2,1.0,0.9197207891481876
RCAEval,re1ob_currencyservice_loss_4,eval,loss,4,24,2,"['frontend_cpu', 'recommendationservice_cpu', 'recommendationservice_mem']","['currencyservice_cpu', 'currencyservice_mem']",0.0,0.24211142773270697,0.083,0.083,0.0415,0.083,0.245,0.08550000000000027,0.12825,0.11094560849976624,0.3795,0.08339999999999965,0.2085,0.15109829815899378,0.6755,0.08419999999999818,0.421,0.2342117400524303,0.16666666666666666,0,0.0,0.0,0.0,0,0.0,0.0,0.0,0,0.0,0.0,0.0,1,0.1,0.5,0.21840743681816419
RCAEval,re1ob_productcatalogservice_loss_4,eval,loss,4,24,2,"['frontend_cpu', 'productcatalogservice_mem', 'currencyservice_cpu']","['productcatalogservice_cpu', 'productcatalogservice_mem']",0.5,0.24244768924073207,0.0875,0.0875,0.04375,0.0875,0.2345,0.08100000000000011,0.1215,0.10806602731604417,0.378,0.08229999999999967,0.20575,0.15031782675095065,0.664,0.0823999999999983,0.412,0.23087052893771773,0.5,0,0.0,0.0,0.0,1,0.3333333333333333,0.5,0.38685280723454163,1,0.2,0.5,0.38685280723454163,1,0.1,0.5,0.38685280723454163
RCAEval,re1ob_adservice_mem_4,eval,mem,4,24,2,"['adservice_cpu', 'adservice_mem', 'frontend_cpu']","['adservice_cpu', 'adservice_mem']",1.0,0.24241004243126255,0.0835,0.0835,0.04175,0.0835,0.24,0.08416666666666683,0.12625,0.10987260091242669,0.39,0.08539999999999964,0.2135,0.15370880908276893,0.6675,0.08239999999999825,0.412,0.23114609293653907,1.0,1,1.0,0.5,1.0,1,0.6666666666666666,1.0,1.0,1,0.4,1.0,1.0,1,0.2,1.0,1.0
RCAEval,re1ob_cartservice_mem_4,eval,mem,4,24,2,"['cartservice_cpu', 'adservice_cpu', 'cartservice_mem']","['cartservice_cpu', 'cartservice_mem']",0.5,0.22441242410176768,0.0655,0.0655,0.03275,0.0655,0.217,0.07549999999999993,0.11325,0.09537987253593914,0.365,0.08089999999999993,0.20225,0.14010001352058024,0.6685,0.08334999999999824,0.41675,0.2237434194273227,1.0,1,1.0,0.5,1.0,1,0.6666666666666666,1.0,0.9197207891481876,1,0.4,1.0,0.9197207891481876,1,0.2,1.0,0.9197207891481876
RCAEval,re1ob_checkoutservice_mem_4,eval,mem,4,24,2,"['checkoutservice_cpu', 'checkoutservice_mem', 'adservice_cpu']","['checkoutservice_cpu', 'checkoutservice_mem']",1.0,0.2504989995854435,0.094,0.094,0.047,0.094,0.2435,0.08483333333333348,0.12725,0.11426672534317356,0.3855,0.08399999999999964,0.21,0.15564570918095233,0.675,0.08489999999999817,0.4245,0.23956054273039482,1.0,1,1.0,0.5,1.0,1,0.6666666666666666,1.0,1.0,1,0.4,1.0,1.0,1,0.2,1.0,1.0
RCAEval,re1ob_currencyservice_mem_4,eval,mem,4,24,2,"['currencyservice_cpu', 'currencyservice_mem', 'frontend_cpu']","['currencyservice_cpu', 'currencyservice_mem']",1.0,0.24211142773270697,0.083,0.083,0.0415,0.083,0.245,0.08550000000000027,0.12825,0.11094560849976624,0.3795,0.08339999999999965,0.2085,0.15109829815899378,0.6755,0.08419999999999818,0.421,0.2342117400524303,1.0,1,1.0,0.5,1.0,1,0.6666666666666666,1.0,1.0,1,0.4,1.0,1.0,1,0.2,1.0,1.0
RCAEval,re1ob_productcatalogservice_mem_4,eval,mem,4,24,2,"['productcatalogservice_mem', 'productcatalogservice_cpu', 'frontend_cpu']","['productcatalogservice_cpu', 'productcatalogservice_mem']",1.0,0.24244768924073207,0.0875,0.0875,0.04375,0.0875,0.2345,0.08100000000000011,0.1215,0.10806602731604417,0.378,0.08229999999999967,0.20575,0.15031782675095065,0.664,0.0823999999999983,0.412,0.23087052893771773,1.0,1,1.0,0.5,1.0,1,0.6666666666666666,1.0,1.0,1,0.4,1.0,1.0,1,0.2,1.0,1.0
RCAEval,re1ob_adservice_cpu_5,calib,cpu,4,24,2,"['adservice_cpu', 'adservice_mem', 'redis_cpu']","['adservice_cpu', 'adservice_mem']",1.0,0.24241004243126255,0.0835,0.0835,0.04175,0.0835,0.24,0.08416666666666683,0.12625,0.10987260091242669,0.39,0.08539999999999964,0.2135,0.15370880908276893,0.6675,0.08239999999999825,0.412,0.23114609293653907,1.0,1,1.0,0.5,1.0,1,0.6666666666666666,1.0,1.0,1,0.4,1.0,1.0,1,0.2,1.0,1.0
RCAEval,re1ob_cartservice_cpu_5,calib,cpu,4,24,2,"['cartservice_cpu', 'cartservice_mem', 'frontend_cpu']","['cartservice_cpu', 'cartservice_mem']",1.0,0.22441242410176768,0.0655,0.0655,0.03275,0.0655,0.217,0.07549999999999993,0.11325,0.09537987253593914,0.365,0.08089999999999993,0.20225,0.14010001352058024,0.6685,0.08334999999999824,0.41675,0.2237434194273227,1.0,1,1.0,0.5,1.0,1,0.6666666666666666,1.0,1.0,1,0.4,1.0,1.0,1,0.2,1.0,1.0
RCAEval,re1ob_checkoutservice_cpu_5,calib,cpu,4,24,2,"['checkoutservice_cpu', 'checkoutservice_mem', 'adservice_cpu']","['checkoutservice_cpu', 'checkoutservice_mem']",1.0,0.2504989995854435,0.094,0.094,0.047,0.094,0.2435,0.08483333333333348,0.12725,0.11426672534317356,0.3855,0.08399999999999964,0.21,0.15564570918095233,0.675,0.08489999999999817,0.4245,0.23956054273039482,1.0,1,1.0,0.5,1.0,1,0.6666666666666666,1.0,1.0,1,0.4,1.0,1.0,1,0.2,1.0,1.0
RCAEval,re1ob_currencyservice_cpu_5,calib,cpu,4,24,2,"['currencyservice_cpu', 'adservice_mem', 'adservice_cpu']","['currencyservice_cpu', 'currencyservice_mem']",0.5,0.24211142773270697,0.083,0.083,0.0415,0.083,0.245,0.08550000000000027,0.12825,0.11094560849976624,0.3795,0.08339999999999965,0.2085,0.15109829815899378,0.6755,0.08419999999999818,0.421,0.2342117400524303,1.0,1,1.0,0.5,1.0,1,0.3333333333333333,0.5,0.6131471927654584,1,0.4,1.0,0.8503449055347546,1,0.2,1.0,0.8503449055347546
RCAEval,re1ob_productcatalogservice_cpu_5,calib,cpu,4,24,2,"['productcatalogservice_mem', 'productcatalogservice_cpu', 'frontend_cpu']","['productcatalogservice_cpu', 'productcatalogservice_mem']",1.0,0.24244768924073207,0.0875,0.0875,0.04375,0.0875,0.2345,0.08100000000000011,0.1215,0.10806602731604417,0.378,0.08229999999999967,0.20575,0.15031782675095065,0.664,0.0823999999999983,0.412,0.23087052893771773,1.0,1,1.0,0.5,1.0,1,0.6666666666666666,1.0,1.0,1,0.4,1.0,1.0,1,0.2,1.0,1.0
RCAEval,re1ob_adservice_delay_5,calib,delay,4,24,2,"['frontend_cpu', 'currencyservice_mem', 'adservice_cpu']","['adservice_cpu', 'adservice_mem']",0.0,0.24241004243126255,0.0835,0.0835,0.04175,0.0835,0.24,0.08416666666666683,0.12625,0.10987260091242669,0.39,0.08539999999999964,0.2135,0.15370880908276893,0.6675,0.08239999999999825,0.412,0.23114609293653907,0.3333333333333333,0,0.0,0.0,0.0,1,0.3333333333333333,0.5,0.3065735963827292,1,0.2,0.5,0.3065735963827292,1,0.2,1.0,0.5249810332008933
RCAEval,re1ob_cartservice_delay_5,calib,delay,4,24,2,"['frontend_cpu', 'productcatalogservice_cpu', 'checkoutservice_cpu']","['cartservice_cpu', 'cartservice_mem']",0.0,0.22441242410176768,0.0655,0.0655,0.03275,0.0655,0.217,0.07549999999999993,0.11325,0.09537987253593914,0.365,0.08089999999999993,0.20225,0.14010001352058024,0.6685,0.08334999999999824,0.41675,0.2237434194273227,0.14285714285714285,0,0.0,0.0,0.0,0,0.0,0.0,0.0,0,0.0,0.0,0.0,1,0.1,0.5,0.20438239758848611
RCAEval,re1ob_checkoutservice_delay_5,calib,delay,4,24,2,"['frontend_cpu', 'currencyservice_cpu', 'currencyservice_mem']","['checkoutservice_cpu', 'checkoutservice_mem']",0.0,0.2504989995854435,0.094,0.094,0.047,0.094,0.2435,0.08483333333333348,0.12725,0.11426672534317356,0.3855,0.08399999999999964,0.21,0.15564570918095233,0.675,0.08489999999999817,0.4245,0.23956054273039482,0.2,0,0.0,0.0,0.0,0,0.0,0.0,0.0,1,0.2,0.5,0.23719771276929622,1,0.1,0.5,0.23719771276929622
RCAEval,re1ob_currencyservice_delay_5,calib,delay,4,24,2,"['frontend_cpu', 'recommendationservice_cpu', 'frontend_mem']","['currencyservice_cpu', 'currencyservice_mem']",0.0,0.24211142773270697,0.083,0.083,0.0415,0.083,0.245,0.08550000000000027,0.12825,0.11094560849976624,0.3795,0.08339999999999965,0.2085,0.15109829815899378,0.6755,0.08419999999999818,0.421,0.2342117400524303,0.25,0,0.0,0.0,0.0,0,0.0,0.0,0.0,1,0.2,0.5,0.2640681225725909,1,0.2,1.0,0.48247555939075504
RCAEval,re1ob_productcatalogservice_delay_5,calib,delay,4,24,2,"['frontend_cpu', 'currencyservice_cpu', 'productcatalogservice_cpu']","['productcatalogservice_cpu', 'productcatalogservice_mem']",0.0,0.24244768924073207,0.0875,0.0875,0.04375,0.0875,0.2345,0.08100000000000011,0.1215,0.10806602731604417,0.378,0.08229999999999967,0.20575,0.15031782675095065,0.664,0.0823999999999983,0.412,0.23087052893771773,0.3333333333333333,0,0.0,0.0,0.0,1,0.3333333333333333,0.5,0.3065735963827292,1,0.2,0.5,0.3065735963827292,1,0.2,1.0,0.4911492931622974
RCAEval,re1ob_adservice_disk_5,calib,disk,4,24,2,"['adservice_cpu', 'adservice_mem', 'currencyservice_cpu']","['adservice_cpu', 'adservice_mem']",1.0,0.24241004243126255,0.0835,0.0835,0.04175,0.0835,0.24,0.08416666666666683,0.12625,0.10987260091242669,0.39,0.08539999999999964,0.2135,0.15370880908276893,0.6675,0.08239999999999825,0.412,0.23114609293653907,1.0,1,1.0,0.5,1.0,1,0.6666666666666666,1.0,1.0,1,0.4,1.0,1.0,1,0.2,1.0,1.0
RCAEval,re1ob_cartservice_disk_5,calib,disk,4,24,2,"['cartservice_cpu', 'frontend_cpu', 'cartservice_mem']","['cartservice_cpu', 'cartservice_mem']",0.5,0.22441242410176768,0.0655,0.0655,0.03275,0.0655,0.217,0.07549999999999993,0.11325,0.09537987253593914,0.365,0.08089999999999993,0.20225,0.14010001352058024,0.6685,0.08334999999999824,0.41675,0.2237434194273227,1.0,1,1.0,0.5,1.0,1,0.6666666666666666,1.0,0.9197207891481876,1,0.4,1.0,0.9197207891481876,1,0.2,1.0,0.9197207891481876
RCAEval,re1ob_checkoutservice_disk_5,calib,disk,4,24,2,"['checkoutservice_cpu', 'checkoutservice_mem', 'currencyservice_cpu']","['checkoutservice_cpu', 'checkoutservice_mem']",1.0,0.2504989995854435,0.094,0.094,0.047,0.094,0.2435,0.08483333333333348,0.12725,0.11426672534317356,0.3855,0.08399999999999964,0.21,0.15564570918095233,0.675,0.08489999999999817,0.4245,0.23956054273039482,1.0,1,1.0,0.5,1.0,1,0.6666666666666666,1.0,1.0,1,0.4,1.0,1.0,1,0.2,1.0,1.0
RCAEval,re1ob_currencyservice_disk_5,calib,disk,4,24,2,"['currencyservice_cpu', 'currencyservice_mem', 'adservice_cpu']","['currencyservice_cpu', 'currencyservice_mem']",1.0,0.24211142773270697,0.083,0.083,0.0415,0.083,0.245,0.08550000000000027,0.12825,0.11094560849976624,0.3795,0.08339999999999965,0.2085,0.15109829815899378,0.6755,0.08419999999999818,0.421,0.2342117400524303,1.0,1,1.0,0.5,1.0,1,0.6666666666666666,1.0,1.0,1,0.4,1.0,1.0,1,0.2,1.0,1.0
RCAEval,re1ob_productcatalogservice_disk_5,calib,disk,4,24,2,"['productcatalogservice_mem', 'productcatalogservice_cpu', 'cartservice_cpu']","['productcatalogservice_cpu', 'productcatalogservice_mem']",1.0,0.24244768924073207,0.0875,0.0875,0.04375,0.0875,0.2345,0.08100000000000011,0.1215,0.10806602731604417,0.378,0.08229999999999967,0.20575,0.15031782675095065,0.664,0.0823999999999983,0.412,0.23087052893771773,1.0,1,1.0,0.5,1.0,1,0.6666666666666666,1.0,1.0,1,0.4,1.0,1.0,1,0.2,1.0,1.0
RCAEval,re1ob_adservice_loss_5,calib,loss,4,24,2,"['frontend_cpu', 'adservice_cpu', 'adservice_mem']","['adservice_cpu', 'adservice_mem']",0.5,0.24241004243126255,0.0835,0.0835,0.04175,0.0835,0.24,0.08416666666666683,0.12625,0.10987260091242669,0.39,0.08539999999999964,0.2135,0.15370880908276893,0.6675,0.08239999999999825,0.412,0.23114609293653907,0.5,0,0.0,0.0,0.0,1,0.6666666666666666,1.0,0.6934264036172708,1,0.4,1.0,0.6934264036172708,1,0.2,1.0,0.6934264036172708
RCAEval,re1ob_cartservice_loss_5,calib,loss,4,24,2,"['frontend_cpu', 'redis_cpu', 'recommendationservice_cpu']","['cartservice_cpu', 'cartservice_mem']",0.0,0.22441242410176768,0.0655,0.0655,0.03275,0.0655,0.217,0.07549999999999993,0.11325,0.09537987253593914,0.365,0.08089999999999993,0.20225,0.14010001352058024,0.6685,0.08334999999999824,0.41675,0.2237434194273227,0.09090909090909091,0,0.0,0.0,0.0,0,0.0,0.0,0.0,0,0.0,0.0,0.0,0,0.0,0.0,0.0
RCAEval,re1ob_checkoutservice_loss_5,calib,loss,4,24,2,"['frontend_cpu', 'checkoutservice_cpu', 'checkoutservice_mem']","['checkoutservice_cpu', 'checkoutservice_mem']",0.5,0.2504989995854435,0.094,0.094,0.047,0.094,0.2435,0.08483333333333348,0.12725,0.11426672534317356,0.3855,0.08399999999999964,0.21,0.15564570918095233,0.675,0.08489999999999817,0.4245,0.23956054273039482,0.5,0,0.0,0.0,0.0,1,0.6666666666666666,1.0,0.6934264036172708,1,0.4,1.0,0.6934264036172708,1,0.2,1.0,0.6934264036172708
RCAEval,re1ob_currencyservice_loss_5,calib,loss,4,24,2,"['frontend_cpu', 'redis_cpu', 'checkoutservice_mem']","['currencyservice_cpu', 'currencyservice_mem']",0.0,0.24211142773270697,0.083,0.083,0.0415,0.083,0.245,0.08550000000000027,0.12825,0.11094560849976624,0.3795,0.08339999999999965,0.2085,0.15109829815899378,0.6755,0.08419999999999818,0.421,0.2342117400524303,0.16666666666666666,0,0.0,0.0,0.0,0,0.0,0.0,0.0,0,0.0,0.0,0.0,1,0.1,0.5,0.21840743681816419
RCAEval,re1ob_productcatalogservice_loss_5,calib,loss,4,24,2,"['productcatalogservice_mem', 'frontend_cpu', 'currencyservice_cpu']","['productcatalogservice_cpu', 'productcatalogservice_mem']",0.5,0.24244768924073207,0.0875,0.0875,0.04375,0.0875,0.2345,0.08100000000000011,0.1215,0.10806602731604417,0.378,0.08229999999999967,0.20575,0.15031782675095065,0.664,0.0823999999999983,0.412,0.23087052893771773,1.0,1,1.0,0.5,1.0,1,0.3333333333333333,0.5,0.6131471927654584,1,0.2,0.5,0.6131471927654584,1,0.2,1.0,0.8175295903539445
RCAEval,re1ob_adservice_mem_5,calib,mem,4,24,2,"['adservice_cpu', 'productcatalogservice_mem', 'adservice_mem']","['adservice_cpu', 'adservice_mem']",0.5,0.24241004243126255,0.0835,0.0835,0.04175,0.0835,0.24,0.08416666666666683,0.12625,0.10987260091242669,0.39,0.08539999999999964,0.2135,0.15370880908276893,0.6675,0.08239999999999825,0.412,0.23114609293653907,1.0,1,1.0,0.5,1.0,1,0.6666666666666666,1.0,0.9197207891481876,1,0.4,1.0,0.9197207891481876,1,0.2,1.0,0.9197207891481876
RCAEval,re1ob_cartservice_mem_5,calib,mem,4,24,2,"['cartservice_cpu', 'cartservice_mem', 'frontend_cpu']","['cartservice_cpu', 'cartservice_mem']",1.0,0.22441242410176768,0.0655,0.0655,0.03275,0.0655,0.217,0.07549999999999993,0.11325,0.09537987253593914,0.365,0.08089999999999993,0.20225,0.14010001352058024,0.6685,0.08334999999999824,0.41675,0.2237434194273227,1.0,1,1.0,0.5,1.0,1,0.6666666666666666,1.0,1.0,1,0.4,1.0,1.0,1,0.2,1.0,1.0
RCAEval,re1ob_checkoutservice_mem_5,calib,mem,4,24,2,"['checkoutservice_cpu', 'checkoutservice_mem', 'frontend_cpu']","['checkoutservice_cpu', 'checkoutservice_mem']",1.0,0.2504989995854435,0.094,0.094,0.047,0.094,0.2435,0.08483333333333348,0.12725,0.11426672534317356,0.3855,0.08399999999999964,0.21,0.15564570918095233,0.675,0.08489999999999817,0.4245,0.23956054273039482,1.0,1,1.0,0.5,1.0,1,0.6666666666666666,1.0,1.0,1,0.4,1.0,1.0,1,0.2,1.0,1.0
RCAEval,re1ob_currencyservice_mem_5,calib,mem,4,24,2,"['currencyservice_cpu', 'currencyservice_mem', 'frontend_cpu']","['currencyservice_cpu', 'currencyservice_mem']",1.0,0.24211142773270697,0.083,0.083,0.0415,0.083,0.245,0.08550000000000027,0.12825,0.11094560849976624,0.3795,0.08339999999999965,0.2085,0.15109829815899378,0.6755,0.08419999999999818,0.421,0.2342117400524303,1.0,1,1.0,0.5,1.0,1,0.6666666666666666,1.0,1.0,1,0.4,1.0,1.0,1,0.2,1.0,1.0
RCAEval,re1ob_productcatalogservice_mem_5,calib,mem,4,24,2,"['productcatalogservice_mem', 'productcatalogservice_cpu', 'checkoutservice_cpu']","['productcatalogservice_cpu', 'productcatalogservice_mem']",1.0,0.24244768924073207,0.0875,0.0875,0.04375,0.0875,0.2345,0.08100000000000011,0.1215,0.10806602731604417,0.378,0.08229999999999967,0.20575,0.15031782675095065,0.664,0.0823999999999983,0.412,0.23087052893771773,1.0,1,1.0,0.5,1.0,1,0.6666666666666666,1.0,1.0,1,0.4,1.0,1.0,1,0.2,1.0,1.0
SMD,15849-16368,train,,0,38,7,"['dim1', 'dim30', 'dim13', 'dim14', 'dim33', 'dim12', 'dim15']","['dim1', 'dim10', 'dim12', 'dim13', 'dim14', 'dim15', 'dim9']",0.7142857142857143,0.38554818928055884,0.1845,0.1845,0.026357142857143037,0.1845,0.4585,0.17933333333333223,0.07685714285714225,0.1800643367499152,0.6485,0.1802999999999965,0.12878571428571253,0.18055773710321138,0.9015,0.18585000000000024,0.2655000000000023,0.23033002837642685,1.0,1,1.0,0.14285714285714285,1.0,1,0.6666666666666666,0.2857142857142857,0.7039180890341347,1,0.6,0.42857142857142855,0.6548086577531307,1,0.6,0.8571428571428571,0.8069494904756503
SMD,16963-17517,train,,0,38,31,"['dim30', 'dim1', 'dim13', 'dim14', 'dim12', 'dim33', 'dim15', 'dim9', 'dim10', 'dim7', 'dim19', 'dim20', 'dim32', 'dim4', 'dim25', 'dim23', 'dim2', 'dim26', 'dim24', 'dim6', 'dim34', 'dim35', 'dim36', 'dim11', 'dim3', 'dim16', 'dim22', 'dim31', 'dim21', 'dim29', 'dim28']","['dim1', 'dim10', 'dim11', 'dim12', 'dim13', 'dim14', 'dim15', 'dim16', 'dim19', 'dim2', 'dim20', 'dim21', 'dim22', 'dim24', 'dim25', 'dim26', 'dim27', 'dim28', 'dim29', 'dim3', 'dim30', 'dim31', 'dim32', 'dim33', 'dim34', 'dim35', 'dim36', 'dim4', 'dim6', 'dim7', 'dim9']",0.967741935483871,0.903599999999999,0.8175,0.8175,0.026370967741935064,0.8175,0.9985,0.8150000000000057,0.07887096774193382,0.8157094835034372,1.0,0.8146999999999834,0.13140322580644936,0.8153531131453499,1.0,0.815600000000003,0.26309677419355026,0.8157650444460449,1.0,1,1.0,0.03225806451612903,1.0,1,1.0,0.0967741935483871,1.0,1,1.0,0.16129032258064516,1.0,1,1.0,0.3225806451612903,1.0
SMD,18071-18528,train,,0,38,8,"['dim30', 'dim1', 'dim14', 'dim13', 'dim7', 'dim33', 'dim9', 'dim15']","['dim1', 'dim10', 'dim12', 'dim13', 'dim14', 'dim15', 'dim2', 'dim9']",0.625,0.4156003181723358,0.2035,0.2035,0.0254375,0.2035,0.5145,0.2071666666666648,0.0776875,0.20589670534926158,0.708,0.2077999999999956,0.129875,0.20668413231824354,0.934,0.21250000000000052,0.265625,0.24189947077667592,0.5,0,0.0,0.0,0.0,1,0.6666666666666666,0.25,0.5307212739772434,1,0.6,0.375,0.5296347172140421,1,0.6,0.75,0.6352490346621982
SMD,19367-20088,eval,,0,38,14,"['dim1', 'dim30', 'dim14', 'dim13', 'dim7', 'dim9', 'dim15', 'dim12', 'dim3', 'dim33', 'dim32', 'dim10', 'dim35', 'dim4']","['dim1', 'dim10', 'dim11', 'dim12', 'dim13', 'dim14', 'dim15', 'dim16', 'dim2', 'dim25', 'dim28', 'dim3', 'dim4', 'dim9']",0.6428571428571429,0.5798474802974815,0.363,0.363,0.025928571428571294,0.363,0.748,0.3650000000000012,0.07821428571428567,0.36456144254795436,0.906,0.3671999999999994,0.13114285714285817,0.36617088854540486,0.996,0.3708999999999965,0.2649285714285713,0.36919667486924346,1.0,1,1.0,0.07142857142857142,1.0,1,0.6666666666666666,0.14285714285714285,0.7039180890341347,1,0.6,0.21428571428571427,0.6548086577531307,1,0.7,0.5,0.7123736502858727
SMD,20786-21195,eval,,0,38,7,"['dim7', 'dim30', 'dim14', 'dim1', 'dim12', 'dim13', 'dim15']","['dim1', 'dim10', 'dim12', 'dim13', 'dim14', 'dim15', 'dim9']",0.7142857142857143,0.38554818928055884,0.1845,0.1845,0.026357142857143037,0.1845,0.4585,0.17933333333333223,0.07685714285714225,0.1800643367499152,0.6485,0.1802999999999965,0.12878571428571253,0.18055773710321138,0.9015,0.18585000000000024,0.2655000000000023,0.23033002837642685,0.3333333333333333,0,0.0,0.0,0.0,1,0.3333333333333333,0.14285714285714285,0.23463936301137822,1,0.6,0.42857142857142855,0.4468535299918563,1,0.6,0.8571428571428571,0.6384098385915894
SMD,24679-24682,calib,,0,38,4,"['dim1', 'dim30', 'dim13', 'dim14']","['dim13', 'dim14', 'dim15', 'dim9']",0.5,0.266502566100064,0.0985,0.0985,0.024625,0.0985,0.275,0.10016666666666715,0.075125,0.09964247554107973,0.44,0.10339999999999915,0.12925,0.11753588162365991,0.725,0.1058999999999977,0.26475,0.18512499732547674,0.3333333333333333,0,0.0,0.0,0.0,1,0.3333333333333333,0.25,0.23463936301137822,1,0.4,0.5,0.36331756126716835,1,0.4,1.0,0.6325004241086445
SMD,26114-26116,calib,,0,38,4,"['dim1', 'dim30', 'dim14', 'dim13']","['dim13', 'dim14', 'dim15', 'dim9']",0.5,0.266502566100064,0.0985,0.0985,0.024625,0.0985,0.275,0.10016666666666715,0.075125,0.09964247554107973,0.44,0.10339999999999915,0.12925,0.11753588162365991,0.725,0.1058999999999977,0.26475,0.18512499732547674,0.3333333333333333,0,0.0,0.0,0.0,1,0.3333333333333333,0.25,0.23463936301137822,1,0.4,0.5,0.36331756126716835,1,0.4,1.0,0.6325004241086445
SMD,27554-27556,calib,,0,38,4,"['dim30', 'dim1', 'dim14', 'dim13']","['dim13', 'dim14', 'dim15', 'dim9']",0.5,0.266502566100064,0.0985,0.0985,0.024625,0.0985,0.275,0.10016666666666715,0.075125,0.09964247554107973,0.44,0.10339999999999915,0.12925,0.11753588162365991,0.725,0.1058999999999977,0.26475,0.18512499732547674,0.3333333333333333,0,0.0,0.0,0.0,1,0.3333333333333333,0.25,0.23463936301137822,1,0.4,0.5,0.36331756126716835,1,0.4,1.0,0.6165954389682339
SMD,15849-16368,train,,1,38,7,"['dim1', 'dim13', 'dim30', 'dim14', 'dim12', 'dim33', 'dim9']","['dim1', 'dim10', 'dim12', 'dim13', 'dim14', 'dim15', 'dim9']",0.7142857142857143,0.37899400468943106,0.1745,0.1745,0.02492857142857158,0.1745,0.4525,0.17783333333333248,0.07621428571428501,0.176846393630114,0.6565,0.1815999999999963,0.1297142857142841,0.17959355195608906,0.9075,0.18254999999999957,0.2607857142857162,0.22586008243573746,1.0,1,1.0,0.14285714285714285,1.0,1,0.6666666666666666,0.2857142857142857,0.7653606369886217,1,0.8,0.5714285714285714,0.830419897363192,1,0.7,1.0,0.9308198161197739
SMD,16963-17517,train,,1,38,31,"['dim13', 'dim30', 'dim1', 'dim14', 'dim12', 'dim33', 'dim7', 'dim9', 'dim10', 'dim15', 'dim20', 'dim32', 'dim24', 'dim19', 'dim23', 'dim25', 'dim2', 'dim4', 'dim26', 'dim35', 'dim34', 'dim11', 'dim6', 'dim28', 'dim3', 'dim36', 'dim21', 'dim29', 'dim16', 'dim31', 'dim22']","['dim1', 'dim10', 'dim11', 'dim12', 'dim13', 'dim14', 'dim15', 'dim16', 'dim19', 'dim2', 'dim20', 'dim21', 'dim22', 'dim24', 'dim25', 'dim26', 'dim27', 'dim28', 'dim29', 'dim3', 'dim30', 'dim31', 'dim32', 'dim33', 'dim34', 'dim35', 'dim36', 'dim4', 'dim6', 'dim7', 'dim9']",0.967741935483871,0.9013083333333327,0.8135,0.8135,0.026241935483870552,0.8135,0.997,0.8176666666666724,0.07912903225806285,0.8167709260513913,1.0,0.8169999999999836,0.13177419354838488,0.8167206647385243,1.0,0.8171500000000019,0.2635967741935501,0.8169786068531414,1.0,1,1.0,0.03225806451612903,1.0,1,1.0,0.0967741935483871,1.0,1,1.0,0.16129032258064516,1.0,1,1.0,0.3225806451612903,1.0
SMD,18071-18528,train,,1,38,8,"['dim30', 'dim1', 'dim13', 'dim7', 'dim14', 'dim33', 'dim12', 'dim9']","['dim1', 'dim10', 'dim12', 'dim13', 'dim14', 'dim15', 'dim2', 'dim9']",0.625,0.4072784643546109,0.196,0.196,0.0245,0.196,0.4985,0.20166666666666527,0.075625,0.20005031171914786,0.704,0.20599999999999574,0.12875,0.20339823655196965,0.9405,0.20904999999999982,0.2613125,0.2371358368455033,0.5,0,0.0,0.0,0.0,1,0.6666666666666666,0.25,0.5307212739772434,1,0.6,0.375,0.5147714448836774,1,0.6,0.75,0.6211376344061291
SMD,19367-20088,eval,,1,38,14,"['dim1', 'dim30', 'dim14', 'dim13', 'dim7', 'dim12', 'dim33', 'dim9', 'dim15', 'dim32', 'dim3', 'dim35', 'dim10', 'dim4']","['dim1', 'dim10', 'dim11', 'dim12', 'dim13', 'dim14', 'dim15', 'dim16', 'dim2', 'dim25', 'dim28', 'dim3', 'dim4', 'dim9']",0.6428571428571429,0.5796399045399063,0.3525,0.3525,0.025178571428571318,0.3525,0.7705,0.3685000000000008,0.07896428571428575,0.36523731057545383,0.92,0.3686999999999992,0.1316785714285724,0.3662806043682733,0.9965,0.36989999999999706,0.26421428571428524,0.3680138338606598,1.0,1,1.0,0.07142857142857142,1.0,1,0.6666666666666666,0.14285714285714285,0.7039180890341347,1,0.6,0.21428571428571427,0.6548086577531307,1,0.6,0.42857142857142855,0.6390097281865127
SMD,20786-21195,eval,,1,38,7,"['dim7', 'dim30', 'dim1', 'dim14', 'dim12', 'dim13', 'dim33']","['dim1', 'dim10', 'dim12', 'dim13', 'dim14', 'dim15', 'dim9']",0.5714285714285714,0.37899400468943106,0.1745,0.1745,0.02492857142857158,0.1745,0.4525,0.17783333333333248,0.07621428571428501,0.176846393630114,0.6565,0.1815999999999963,0.1297142857142841,0.17959355195608906,0.9075,0.18254999999999957,0.2607857142857162,0.22586008243573746,0.3333333333333333,0,0.0,0.0,0.0,1,0.3333333333333333,0.14285714285714285,0.23463936301137822,1,0.6,0.42857142857142855,0.4468535299918563,1,0.7,1.0,0.7089874950249132
SMD,24679-24682,calib,,1,38,4,"['dim1', 'dim13', 'dim30', 'dim14']","['dim13', 'dim14', 'dim15', 'dim9']",0.5,0.26828955125447157,0.102,0.102,0.0255,0.102,0.2755,0.0991666666666671,0.074375,0.0996369101266764,0.44,0.10329999999999903,0.129125,0.11772061385576156,0.7255,0.10509999999999771,0.26275,0.18401709703564909,0.5,0,0.0,0.0,0.0,1,0.3333333333333333,0.25,0.2960819109658652,1,0.4,0.5,0.4144299250118475,1,0.4,1.0,0.6447911711172098
SMD,26114-26116,calib,,1,38,4,"['dim1', 'dim30', 'dim13', 'dim14']","['dim13', 'dim14', 'dim15', 'dim9']",0.5,0.26828955125447157,0.102,0.102,0.0255,0.102,0.2755,0.0991666666666671,0.074375,0.0996369101266764,0.44,0.10329999999999903,0.129125,0.11772061385576156,0.7255,0.10509999999999771,0.26275,0.18401709703564909,0.3333333333333333,0,0.0,0.0,0.0,1,0.3333333333333333,0.25,0.23463936301137822,1,0.4,0.5,0.36331756126716835,1,0.4,1.0,0.5936788073725308
SMD,27554-27556,calib,,1,38,4,"['dim30', 'dim1', 'dim13', 'dim33']","['dim13', 'dim14', 'dim15', 'dim9']",0.25,0.26828955125447157,0.102,0.102,0.0255,0.102,0.2755,0.0991666666666671,0.074375,0.0996369101266764,0.44,0.10329999999999903,0.129125,0.11772061385576156,0.7255,0.10509999999999771,0.26275,0.18401709703564909,0.3333333333333333,0,0.0,0.0,0.0,1,0.3333333333333333,0.25,0.23463936301137822,1,0.2,0.25,0.19519002499605084,1,0.4,1.0,0.5772180291864623
SMD,15849-16368,train,,2,38,7,"['dim1', 'dim13', 'dim30', 'dim14', 'dim12', 'dim33', 'dim15']","['dim1', 'dim10', 'dim12', 'dim13', 'dim14', 'dim15', 'dim9']",0.7142857142857143,0.3823541371627186,0.175,0.175,0.025000000000000154,0.175,0.4545,0.17683333333333248,0.07578571428571372,0.17684349942815306,0.664,0.1818999999999964,0.12992857142856973,0.18041226380935163,0.9135,0.1826000000000001,0.2608571428571451,0.22657746202471332,1.0,1,1.0,0.14285714285714285,1.0,1,0.6666666666666666,0.2857142857142857,0.7653606369886217,1,0.8,0.5714285714285714,0.830419897363192,1,0.6,0.8571428571428571,0.8513627366870065
SMD,16963-17517,train,,2,38,31,"['dim30', 'dim1', 'dim13', 'dim14', 'dim12', 'dim33', 'dim15', 'dim9', 'dim10', 'dim7', 'dim32', 'dim25', 'dim19', 'dim20', 'dim23', 'dim4', 'dim2', 'dim24', 'dim34', 'dim26', 'dim35', 'dim6', 'dim11', 'dim3', 'dim36', 'dim22', 'dim21', 'dim28', 'dim29', 'dim31', 'dim16']","['dim1', 'dim10', 'dim11', 'dim12', 'dim13', 'dim14', 'dim15', 'dim16', 'dim19', 'dim2', 'dim20', 'dim21', 'dim22', 'dim24', 'dim25', 'dim26', 'dim27', 'dim28', 'dim29', 'dim3', 'dim30', 'dim31', 'dim32', 'dim33', 'dim34', 'dim35', 'dim36', 'dim4', 'dim6', 'dim7', 'dim9']",0.967741935483871,0.8990416666666661,0.8095,0.8095,0.02611290322580604,0.8095,0.9955,0.8135000000000059,0.07872580645161124,0.8130529829315895,1.0,0.8121999999999836,0.13099999999999767,0.8123018009739141,1.0,0.8156500000000009,0.263112903225808,0.8146295679792703,1.0,1,1.0,0.03225806451612903,1.0,1,1.0,0.0967741935483871,1.0,1,1.0,0.16129032258064516,1.0,1,1.0,0.3225806451612903,1.0
SMD,18071-18528,train,,2,38,8,"['dim30', 'dim1', 'dim14', 'dim13', 'dim7', 'dim33', 'dim12', 'dim15']","['dim1', 'dim10', 'dim12', 'dim13', 'dim14', 'dim15', 'dim2', 'dim9']",0.625,0.41346855694701057,0.2,0.2,0.025,0.2,0.503,0.20266666666666522,0.076,0.20243009783568156,0.7135,0.20799999999999563,0.13,0.20625212420697647,0.9385,0.2082500000000002,0.2603125,0.2379684099765758,0.5,0,0.0,0.0,0.0,1,0.6666666666666666,0.25,0.5307212739772434,1,0.6,0.375,0.5296347172140421,1,0.6,0.75,0.6352490346621982
SMD,19367-20088,eval,,2,38,14,"['dim1', 'dim30', 'dim14', 'dim13', 'dim7', 'dim15', 'dim9', 'dim12', 'dim33', 'dim32', 'dim3', 'dim19', 'dim10', 'dim35']","['dim1', 'dim10', 'dim11', 'dim12', 'dim13', 'dim14', 'dim15', 'dim16', 'dim2', 'dim25', 'dim28', 'dim3', 'dim4', 'dim9']",0.5714285714285714,0.5771910318847844,0.3565,0.3565,0.025464285714285596,0.3565,0.745,0.3670000000000008,0.07864285714285715,0.3650278270720169,0.919,0.3696,0.13200000000000134,0.36748841003938437,0.994,0.3644999999999968,0.2603571428571429,0.36459686272191466,1.0,1,1.0,0.07142857142857142,1.0,1,0.6666666666666666,0.14285714285714285,0.7039180890341347,1,0.6,0.21428571428571427,0.6548086577531307,1,0.6,0.42857142857142855,0.6461194268314837
SMD,20786-21195,eval,,2,38,7,"['dim7', 'dim30', 'dim14', 'dim1', 'dim13', 'dim12', 'dim15']","['dim1', 'dim10', 'dim12', 'dim13', 'dim14', 'dim15', 'dim9']",0.7142857142857143,0.3823541371627186,0.175,0.175,0.025000000000000154,0.175,0.4545,0.17683333333333248,0.07578571428571372,0.17684349942815306,0.664,0.1818999999999964,0.12992857142856973,0.18041226380935163,0.9135,0.1826000000000001,0.2608571428571451,0.22657746202471332,0.3333333333333333,0,0.0,0.0,0.0,1,0.3333333333333333,0.14285714285714285,0.23463936301137822,1,0.6,0.42857142857142855,0.4468535299918563,1,0.6,0.8571428571428571,0.6384098385915894
SMD,24679-24682,calib,,2,38,4,"['dim1', 'dim30', 'dim13', 'dim14']","['dim13', 'dim14', 'dim15', 'dim9']",0.5,0.27250049663332926,0.105,0.105,0.02625,0.105,0.2775,0.10033333333333387,0.07525,0.10168432764386341,0.449,0.10389999999999906,0.129875,0.11951081952236328,0.726,0.10439999999999781,0.261,0.18477596479869765,0.3333333333333333,0,0.0,0.0,0.0,1,0.3333333333333333,0.25,0.23463936301137822,1,0.4,0.5,0.36331756126716835,1,0.4,1.0,0.610960349354296
SMD,26114-26116,calib,,2,38,4,"['dim1', 'dim30', 'dim13', 'dim14']","['dim13', 'dim14', 'dim15', 'dim9']",0.5,0.27250049663332926,0.105,0.105,0.02625,0.105,0.2775,0.10033333333333387,0.07525,0.10168432764386341,0.449,0.10389999999999906,0.129875,0.11951081952236328,0.726,0.10439999999999781,0.261,0.18477596479869765,0.3333333333333333,0,0.0,0.0,0.0,1,0.3333333333333333,0.25,0.23463936301137822,1,0.4,0.5,0.36331756126716835,1,0.4,1.0,0.6325004241086445
SMD,27554-27556,calib,,2,38,4,"['dim30', 'dim1', 'dim13', 'dim33']","['dim13', 'dim14', 'dim15', 'dim9']",0.25,0.27250049663332926,0.105,0.105,0.02625,0.105,0.2775,0.10033333333333387,0.07525,0.10168432764386341,0.449,0.10389999999999906,0.129875,0.11951081952236328,0.726,0.10439999999999781,0.261,0.18477596479869765,0.3333333333333333,0,0.0,0.0,0.0,1,0.3333333333333333,0.25,0.23463936301137822,1,0.4,0.5,0.34620964322385606,1,0.4,1.0,0.5994875209249215
SMD,15849-16368,train,,3,38,7,"['dim1', 'dim13', 'dim30', 'dim14', 'dim12', 'dim33', 'dim9']","['dim1', 'dim10', 'dim12', 'dim13', 'dim14', 'dim15', 'dim9']",0.7142857142857143,0.3920426528708659,0.191,0.191,0.027285714285714486,0.191,0.462,0.17999999999999916,0.07714285714285649,0.18248886917119386,0.6525,0.18139999999999662,0.1295714285714268,0.18265775433912368,0.916,0.1817000000000001,0.2595714285714314,0.2278323845722746,1.0,1,1.0,0.14285714285714285,1.0,1,0.6666666666666666,0.2857142857142857,0.7653606369886217,1,0.8,0.5714285714285714,0.830419897363192,1,0.7,1.0,0.9268520089309742
SMD,16963-17517,train,,3,38,31,"['dim13', 'dim1', 'dim30', 'dim14', 'dim12', 'dim33', 'dim9', 'dim10', 'dim7', 'dim15', 'dim20', 'dim25', 'dim4', 'dim19', 'dim32', 'dim23', 'dim2', 'dim24', 'dim26', 'dim34', 'dim35', 'dim3', 'dim11', 'dim6', 'dim36', 'dim21', 'dim16', 'dim22', 'dim28', 'dim29', 'dim31']","['dim1', 'dim10', 'dim11', 'dim12', 'dim13', 'dim14', 'dim15', 'dim16', 'dim19', 'dim2', 'dim20', 'dim21', 'dim22', 'dim24', 'dim25', 'dim26', 'dim27', 'dim28', 'dim29', 'dim3', 'dim30', 'dim31', 'dim32', 'dim33', 'dim34', 'dim35', 'dim36', 'dim4', 'dim6', 'dim7', 'dim9']",0.967741935483871,0.9054166666666661,0.82,0.82,0.026451612903225386,0.82,0.997,0.8165000000000063,0.0790161290322564,0.8171061888526989,1.0,0.8129999999999828,0.13112903225806233,0.8144562290312973,1.0,0.8153500000000024,0.2630161290322601,0.8154953940218478,1.0,1,1.0,0.03225806451612903,1.0,1,1.0,0.0967741935483871,1.0,1,1.0,0.16129032258064516,1.0,1,1.0,0.3225806451612903,1.0
SMD,18071-18528,train,,3,38,8,"['dim30', 'dim1', 'dim14', 'dim13', 'dim7', 'dim33', 'dim12', 'dim9']","['dim1', 'dim10', 'dim12', 'dim13', 'dim14', 'dim15', 'dim2', 'dim9']",0.625,0.426660283750049,0.219,0.219,0.027375,0.219,0.5165,0.20783333333333168,0.0779375,0.21018722184582472,0.715,0.21009999999999587,0.1313125,0.21103888247321342,0.9385,0.2084499999999998,0.2605625,0.24082196003604625,0.5,0,0.0,0.0,0.0,1,0.6666666666666666,0.25,0.5307212739772434,1,0.6,0.375,0.5296347172140421,1,0.6,0.75,0.6322225323887245
SMD,19367-20088,eval,,3,38,14,"['dim1', 'dim30', 'dim14', 'dim13', 'dim7', 'dim9', 'dim12', 'dim3', 'dim33', 'dim32', 'dim4', 'dim15', 'dim19', 'dim35']","['dim1', 'dim10', 'dim11', 'dim12', 'dim13', 'dim14', 'dim15', 'dim16', 'dim2', 'dim25', 'dim28', 'dim3', 'dim4', 'dim9']",0.5714285714285714,0.5924274045399058,0.3785,0.3785,0.02703571428571412,0.3785,0.764,0.37216666666666826,0.07975000000000014,0.37269011604778474,0.9175,0.3695,0.1319642857142869,0.37058501338566013,0.9975,0.36534999999999673,0.2609642857142855,0.3673021294315985,1.0,1,1.0,0.07142857142857142,1.0,1,0.6666666666666666,0.14285714285714285,0.7039180890341347,1,0.6,0.21428571428571427,0.6548086577531307,1,0.6,0.42857142857142855,0.6461194268314837
SMD,20786-21195,eval,,3,38,7,"['dim7', 'dim30', 'dim1', 'dim14', 'dim13', 'dim12', 'dim9']","['dim1', 'dim10', 'dim12', 'dim13', 'dim14', 'dim15', 'dim9']",0.7142857142857143,0.3920426528708659,0.191,0.191,0.027285714285714486,0.191,0.462,0.17999999999999916,0.07714285714285649,0.18248886917119386,0.6525,0.18139999999999662,0.1295714285714268,0.18265775433912368,0.916,0.1817000000000001,0.2595714285714314,0.2278323845722746,0.3333333333333333,0,0.0,0.0,0.0,1,0.3333333333333333,0.14285714285714285,0.23463936301137822,1,0.6,0.42857142857142855,0.4468535299918563,1,0.6,0.8571428571428571,0.6344420314027897
SMD,24679-24682,calib,,3,38,4,"['dim1', 'dim13', 'dim30', 'dim14']","['dim13', 'dim14', 'dim15', 'dim9']",0.5,0.2690386671758954,0.101,0.101,0.02525,0.101,0.2745,0.09900000000000045,0.07425,0.09977649146579498,0.435,0.10199999999999908,0.1275,0.11694771793690154,0.736,0.10489999999999777,0.26225,0.18399277020908755,0.5,0,0.0,0.0,0.0,1,0.3333333333333333,0.25,0.2960819109658652,1,0.4,0.5,0.4144299250118475,1,0.3,0.75,0.553486104522623
SMD,26114-26116,calib,,3,38,4,"['dim1', 'dim30', 'dim13', 'dim14']","['dim13', 'dim14', 'dim15', 'dim9']",0.5,0.2690386671758954,0.101,0.101,0.02525,0.101,0.2745,0.09900000000000045,0.07425,0.09977649146579498,0.435,0.10199999999999908,0.1275,0.11694771793690154,0.736,0.10489999999999777,0.26225,0.18399277020908755,0.3333333333333333,0,0.0,0.0,0.0,1,0.3333333333333333,0.25,0.23463936301137822,1,0.4,0.5,0.36331756126716835,1,0.3,0.75,0.49344424459786884
SMD,27554-27556,calib,,3,38,4,"['dim30', 'dim1', 'dim13', 'dim33']","['dim13', 'dim14', 'dim15', 'dim9']",0.25,0.2690386671758954,0.101,0.101,0.02525,0.101,0.2745,0.09900000000000045,0.07425,0.09977649146579498,0.435,0.10199999999999908,0.1275,0.11694771793690154,0.736,0.10489999999999777,0.26225,0.18399277020908755,0.3333333333333333,0,0.0,0.0,0.0,1,0.3333333333333333,0.25,0.23463936301137822,1,0.4,0.5,0.34620964322385606,1,0.3,0.75,0.4852658227346317
SMD,15849-16368,train,,4,38,7,"['dim1', 'dim13', 'dim30', 'dim14', 'dim33', 'dim12', 'dim9']","['dim1', 'dim10', 'dim12', 'dim13', 'dim14', 'dim15', 'dim9']",0.7142857142857143,0.38338696266249317,0.182,0.182,0.026000000000000176,0.182,0.4485,0.1771666666666658,0.07592857142857086,0.17825979522258548,0.657,0.17969999999999636,0.1283571428571411,0.17969790148893128,0.906,0.18229999999999974,0.2604285714285736,0.22662405241730046,1.0,1,1.0,0.14285714285714285,1.0,1,0.6666666666666666,0.2857142857142857,0.7653606369886217,1,0.6,0.42857142857142855,0.6992148198508501,1,0.6,0.8571428571428571,0.8429389810067445
SMD,16963-17517,train,,4,38,31,"['dim13', 'dim30', 'dim1', 'dim14', 'dim33', 'dim12', 'dim9', 'dim10', 'dim15', 'dim7', 'dim19', 'dim20', 'dim25', 'dim32', 'dim23', 'dim24', 'dim4', 'dim2', 'dim26', 'dim34', 'dim11', 'dim35', 'dim6', 'dim36', 'dim21', 'dim3', 'dim31', 'dim22', 'dim29', 'dim28', 'dim16']","['dim1', 'dim10', 'dim11', 'dim12', 'dim13', 'dim14', 'dim15', 'dim16', 'dim19', 'dim2', 'dim20', 'dim21', 'dim22', 'dim24', 'dim25', 'dim26', 'dim27', 'dim28', 'dim29', 'dim3', 'dim30', 'dim31', 'dim32', 'dim33', 'dim34', 'dim35', 'dim36', 'dim4', 'dim6', 'dim7', 'dim9']",0.967741935483871,0.9032499999999996,0.816,0.816,0.026322580645160874,0.816,0.997,0.8200000000000054,0.07935483870967575,0.8191536063698861,1.0,0.8157999999999823,0.13158064516128817,0.8164248963922205,1.0,0.8145500000000013,0.262758064516131,0.8154037638038817,1.0,1,1.0,0.03225806451612903,1.0,1,1.0,0.0967741935483871,1.0,1,1.0,0.16129032258064516,1.0,1,1.0,0.3225806451612903,1.0
SMD,18071-18528,train,,4,38,8,"['dim30', 'dim1', 'dim14', 'dim7', 'dim13', 'dim33', 'dim9', 'dim12']","['dim1', 'dim10', 'dim12', 'dim13', 'dim14', 'dim15', 'dim2', 'dim9']",0.625,0.4205417283589313,0.2135,0.2135,0.0266875,0.2135,0.506,0.20566666666666533,0.077125,0.20721794311980163,0.712,0.20619999999999558,0.128875,0.20712035510318047,0.937,0.20885000000000004,0.2610625,0.23970363521686683,0.5,0,0.0,0.0,0.0,1,0.6666666666666666,0.25,0.5307212739772434,1,0.6,0.375,0.5147714448836774,1,0.6,0.75,0.6241641366796027
SMD,19367-20088,eval,,4,38,14,"['dim1', 'dim30', 'dim14', 'dim13', 'dim7', 'dim9', 'dim15', 'dim12', 'dim33', 'dim32', 'dim3', 'dim19', 'dim35', 'dim10']","['dim1', 'dim10', 'dim11', 'dim12', 'dim13', 'dim14', 'dim15', 'dim16', 'dim2', 'dim25', 'dim28', 'dim3', 'dim4', 'dim9']",0.5714285714285714,0.5873508713508726,0.3745,0.3745,0.026749999999999843,0.3745,0.755,0.36716666666666736,0.07867857142857142,0.3682319681505688,0.9125,0.3660999999999996,0.1307500000000011,0.36711544455286654,0.994,0.3661999999999972,0.26157142857142796,0.36679860901024414,1.0,1,1.0,0.07142857142857142,1.0,1,0.6666666666666666,0.14285714285714285,0.7039180890341347,1,0.6,0.21428571428571427,0.6548086577531307,1,0.6,0.42857142857142855,0.6461194268314837
SMD,20786-21195,eval,,4,38,7,"['dim7', 'dim30', 'dim14', 'dim1', 'dim13', 'dim12', 'dim33']","['dim1', 'dim10', 'dim12', 'dim13', 'dim14', 'dim15', 'dim9']",0.5714285714285714,0.38338696266249317,0.182,0.182,0.026000000000000176,0.182,0.4485,0.1771666666666658,0.07592857142857086,0.17825979522258548,0.657,0.17969999999999636,0.1283571428571411,0.17969790148893128,0.906,0.18229999999999974,0.2604285714285736,0.22662405241730046,0.3333333333333333,0,0.0,0.0,0.0,1,0.3333333333333333,0.14285714285714285,0.23463936301137822,1,0.6,0.42857142857142855,0.4468535299918563,1,0.7,1.0,0.7089874950249132
SMD,24679-24682,calib,,4,38,4,"['dim1', 'dim13', 'dim14', 'dim30']","['dim13', 'dim14', 'dim15', 'dim9']",0.5,0.2663116629299314,0.099,0.099,0.02475,0.099,0.277,0.10066666666666711,0.0755,0.10048040955482936,0.435,0.10089999999999918,0.126125,0.11585348847125954,0.718,0.10384999999999778,0.259625,0.1822936531611903,0.5,0,0.0,0.0,0.0,1,0.6666666666666666,0.5,0.5307212739772434,1,0.4,0.5,0.44149241373678083,1,0.4,1.0,0.7036997876179215
SMD,26114-26116,calib,,4,38,4,"['dim1', 'dim30', 'dim13', 'dim14']","['dim13', 'dim14', 'dim15', 'dim9']",0.5,0.2663116629299314,0.099,0.099,0.02475,0.099,0.277,0.10066666666666711,0.0755,0.10048040955482936,0.435,0.10089999999999918,0.126125,0.11585348847125954,0.718,0.10384999999999778,0.259625,0.1822936531611903,0.3333333333333333,0,0.0,0.0,0.0,1,0.3333333333333333,0.25,0.23463936301137822,1,0.4,0.5,0.36331756126716835,1,0.4,1.0,0.6325004241086445
SMD,27554-27556,calib,,4,38,4,"['dim30', 'dim1', 'dim13', 'dim14']","['dim13', 'dim14', 'dim15', 'dim9']",0.5,0.2663116629299314,0.099,0.099,0.02475,0.099,0.277,0.10066666666666711,0.0755,0.10048040955482936,0.435,0.10089999999999918,0.126125,0.11585348847125954,0.718,0.10384999999999778,0.259625,0.1822936531611903,0.3333333333333333,0,0.0,0.0,0.0,1,0.3333333333333333,0.25,0.23463936301137822,1,0.4,0.5,0.36331756126716835,1,0.4,1.0,0.625524935148309
